installation_step,bar_index,entity_id,guid,name,tag,length_mm,radius_mm,entry_direction,forced_core_resolution
1,1959,255348,3DV3DpgWr5jemi28WiSVIo,主梁钢筋_N14:主梁钢筋_N14:672328,672328,4516.57736,6.00000,0.00000000;0.00000000;-1.00000000,0
2,1960,258145,3DV3DpgWr5jemi28WiSVI4,主梁钢筋_N14:主梁钢筋_N14:672382,672382,4516.57736,6.00000,0.00000000;0.00000000;-1.00000000,0
3,1961,258156,3DV3DpgWr5jemi28WiSVHJ,主梁钢筋_N14:主梁钢筋_N14:672425,672425,4516.57736,6.00000,0.00000000;0.00000000;-1.00000000,0
4,1962,258167,3DV3DpgWr5jemi28WiSVHF,主梁钢筋_N14:主梁钢筋_N14:672437,672437,4516.57736,6.00000,0.00000000;0.00000000;-1.00000000,0
5,1954,246921,3DV3DpgWr5jemi28WiSOhs,主梁钢筋_N12a:主梁钢筋_N12a:670732,670732,28580.00000,6.00000,0.00000000;0.00000000;-1.00000000,0
6,1949,246854,3DV3DpgWr5jemi28WiSOr6,主梁钢筋_N12a:主梁钢筋_N12a:670652,670652,28580.00000,6.00000,0.00000000;0.00000000;-1.00000000,0
7,1859,234855,226IH29Rv9RAUPmQtypWMb,主梁钢筋_N10:主梁钢筋_N10:652198,652198,32530.00000,6.00000,0.00000000;0.00000000;-1.00000000,0
8,1926,246576,3DV3DpgWr5jemi28WiSOoV,主梁钢筋_N11:主梁钢筋_N11:670309,670309,25400.00000,6.00000,0.00000000;0.00000000;-1.00000000,0
9,1925,246552,3DV3DpgWr5jemi28WiSOp0,主梁钢筋_N11:主梁钢筋_N11:670266,670266,25400.00000,6.00000,0.00000000;0.00000000;-1.00000000,0
10,1872,234998,226IH29Rv9RAUPmQtypWuH,主梁钢筋_N10:主梁钢筋_N10:653330,653330,32530.00000,6.00000,0.00000000;0.00000000;-1.00000000,0
11,3422,391510,28bDEHmEj4Au0d6XGDElB5,封锚钢筋_M4:封锚钢筋_M4:715563,715563,300.00000,4.00000,0.00000000;0.00000000;-1.00000000,0
12,3418,391454,28bDEHmEj4Au0d6XGDElCr,封锚钢筋_M4:封锚钢筋_M4:715483,715483,300.00000,4.00000,0.00000000;0.00000000;-1.00000000,0
13,3420,391488,28bDEHmEj4Au0d6XGDElBc,封锚钢筋_M4:封锚钢筋_M4:715528,715528,300.00000,4.00000,0.00000000;0.00000000;-1.00000000,0
14,3416,391406,28bDEHmEj4Au0d6XGDElEk,封锚钢筋_M4:封锚钢筋_M4:715328,715328,300.00000,4.00000,0.00000000;0.00000000;-1.00000000,0
15,1860,234866,226IH29Rv9RAUPmQtypW3u,主梁钢筋_N10:主梁钢筋_N10:653051,653051,32530.00000,6.00000,0.00000000;0.00000000;-1.00000000,0
16,1873,235009,226IH29Rv9RAUPmQtypWuN,主梁钢筋_N10:主梁钢筋_N10:653332,653332,32530.00000,6.00000,0.00000000;0.00000000;-1.00000000,0
17,1953,246910,3DV3DpgWr5jemi28WiSOhm,主梁钢筋_N12a:主梁钢筋_N12a:670730,670730,28580.00000,6.00000,0.00000000;0.00000000;-1.00000000,0
18,1948,246843,3DV3DpgWr5jemi28WiSOrE,主梁钢筋_N12a:主梁钢筋_N12a:670644,670644,28580.00000,6.00000,0.00000000;0.00000000;-1.00000000,0
19,3289,389270,0uegOgAsjDrBLfn4efvxFO,吊点加强钢筋_B3:吊点加强钢筋_B3:710135,710135,708.38924,10.00000,0.00000000;0.00000000;-1.00000000,0
20,3291,389294,0uegOgAsjDrBLfn4efvxFM,吊点加强钢筋_B3:吊点加强钢筋_B3:710137,710137,708.38908,10.00000,0.00000000;0.00000000;-1.00000000,0
21,3369,390855,0uegOgAsjDrBLfn4efvx3X,吊点加强钢筋_B3:吊点加强钢筋_B3:710350,710350,708.38908,10.00000,0.00000000;0.00000000;-1.00000000,0
22,3371,390879,0uegOgAsjDrBLfn4efvx3$,吊点加强钢筋_B3:吊点加强钢筋_B3:710352,710352,708.38924,10.00000,0.00000000;0.00000000;-1.00000000,0
23,3290,389282,0uegOgAsjDrBLfn4efvxFN,吊点加强钢筋_B3:吊点加强钢筋_B3:710136,710136,708.38924,10.00000,0.00000000;0.00000000;-1.00000000,0
24,3288,389258,0uegOgAsjDrBLfn4efvxFP,吊点加强钢筋_B3:吊点加强钢筋_B3:710134,710134,708.38908,10.00000,0.00000000;0.00000000;-1.00000000,0
25,3370,390867,0uegOgAsjDrBLfn4efvx3W,吊点加强钢筋_B3:吊点加强钢筋_B3:710351,710351,708.38908,10.00000,0.00000000;0.00000000;-1.00000000,0
26,3368,390843,0uegOgAsjDrBLfn4efvx3Y,吊点加强钢筋_B3:吊点加强钢筋_B3:710349,710349,708.38924,10.00000,0.00000000;0.00000000;-1.00000000,0
27,3328,390387,0uegOgAsjDrBLfn4efvx1R,吊点加强钢筋_B3:吊点加强钢筋_B3:710260,710260,708.38924,10.00000,0.00000000;0.00000000;-1.00000000,0
28,3408,391299,0uegOgAsjDrBLfn4efvx4l,吊点加强钢筋_B3:吊点加强钢筋_B3:710400,710400,708.38908,10.00000,0.00000000;0.00000000;-1.00000000,0
29,3330,390411,0uegOgAsjDrBLfn4efvx1P,吊点加强钢筋_B3:吊点加强钢筋_B3:710262,710262,708.38908,10.00000,0.00000000;0.00000000;-1.00000000,0
30,3410,391323,0uegOgAsjDrBLfn4efvx4j,吊点加强钢筋_B3:吊点加强钢筋_B3:710402,710402,708.38924,10.00000,0.00000000;0.00000000;-1.00000000,0
31,3331,390423,0uegOgAsjDrBLfn4efvx1O,吊点加强钢筋_B3:吊点加强钢筋_B3:710263,710263,708.38924,10.00000,0.00000000;0.00000000;-1.00000000,0
32,3411,391335,0uegOgAsjDrBLfn4efvx4i,吊点加强钢筋_B3:吊点加强钢筋_B3:710403,710403,708.38908,10.00000,0.00000000;0.00000000;-1.00000000,0
33,3329,390399,0uegOgAsjDrBLfn4efvx1Q,吊点加强钢筋_B3:吊点加强钢筋_B3:710261,710261,708.38908,10.00000,0.00000000;0.00000000;-1.00000000,0
34,3409,391311,0uegOgAsjDrBLfn4efvx4k,吊点加强钢筋_B3:吊点加强钢筋_B3:710401,710401,708.38924,10.00000,0.00000000;0.00000000;-1.00000000,0
35,3269,389042,0uegOgAsjDrBLfn4efvx9x,吊点加强钢筋_B3:吊点加强钢筋_B3:709716,709716,708.38924,10.00000,0.00000000;0.00000000;-1.00000000,0
36,3271,389066,0uegOgAsjDrBLfn4efvxBW,吊点加强钢筋_B3:吊点加强钢筋_B3:709839,709839,708.38908,10.00000,0.00000000;0.00000000;-1.00000000,0
37,3349,390627,0uegOgAsjDrBLfn4efvx20,吊点加强钢筋_B3:吊点加强钢筋_B3:710319,710319,708.38908,10.00000,0.00000000;0.00000000;-1.00000000,0
38,3351,390651,0uegOgAsjDrBLfn4efvx2U,吊点加强钢筋_B3:吊点加强钢筋_B3:710321,710321,708.38924,10.00000,0.00000000;0.00000000;-1.00000000,0
39,3270,389054,0uegOgAsjDrBLfn4efvx9D,吊点加强钢筋_B3:吊点加强钢筋_B3:709730,709730,708.38924,10.00000,0.00000000;0.00000000;-1.00000000,0
40,3268,387705,0uegOgAsjDrBLfn4efvxLy,吊点加强钢筋_B3:吊点加强钢筋_B3:709459,709459,708.38908,10.00000,0.00000000;0.00000000;-1.00000000,0
41,3350,390639,0uegOgAsjDrBLfn4efvx2V,吊点加强钢筋_B3:吊点加强钢筋_B3:710320,710320,708.38908,10.00000,0.00000000;0.00000000;-1.00000000,0
42,3348,390615,0uegOgAsjDrBLfn4efvx21,吊点加强钢筋_B3:吊点加强钢筋_B3:710318,710318,708.38924,10.00000,0.00000000;0.00000000;-1.00000000,0
43,3308,390159,0uegOgAsjDrBLfn4efvx1w,吊点加强钢筋_B3:吊点加强钢筋_B3:710229,710229,708.38924,10.00000,0.00000000;0.00000000;-1.00000000,0
44,3388,391071,0uegOgAsjDrBLfn4efvx36,吊点加强钢筋_B3:吊点加强钢筋_B3:710377,710377,708.38908,10.00000,0.00000000;0.00000000;-1.00000000,0
45,3310,390183,0uegOgAsjDrBLfn4efvx1u,吊点加强钢筋_B3:吊点加强钢筋_B3:710231,710231,708.38908,10.00000,0.00000000;0.00000000;-1.00000000,0
46,3390,391095,0uegOgAsjDrBLfn4efvx34,吊点加强钢筋_B3:吊点加强钢筋_B3:710379,710379,708.38924,10.00000,0.00000000;0.00000000;-1.00000000,0
47,3311,390195,0uegOgAsjDrBLfn4efvx1t,吊点加强钢筋_B3:吊点加强钢筋_B3:710232,710232,708.38924,10.00000,0.00000000;0.00000000;-1.00000000,0
48,3391,391107,0uegOgAsjDrBLfn4efvx33,吊点加强钢筋_B3:吊点加强钢筋_B3:710380,710380,708.38908,10.00000,0.00000000;0.00000000;-1.00000000,0
49,3309,390171,0uegOgAsjDrBLfn4efvx1v,吊点加强钢筋_B3:吊点加强钢筋_B3:710230,710230,708.38908,10.00000,0.00000000;0.00000000;-1.00000000,0
50,3389,391083,0uegOgAsjDrBLfn4efvx35,吊点加强钢筋_B3:吊点加强钢筋_B3:710378,710378,708.38924,10.00000,0.00000000;0.00000000;-1.00000000,0
51,1952,246899,3DV3DpgWr5jemi28WiSOho,主梁钢筋_N12a:主梁钢筋_N12a:670728,670728,28580.00000,6.00000,0.00000000;0.00000000;-1.00000000,0
52,1947,246832,3DV3DpgWr5jemi28WiSOrc,主梁钢筋_N12a:主梁钢筋_N12a:670620,670620,28580.00000,6.00000,0.00000000;0.00000000;-1.00000000,0
53,3282,389191,0uegOgAsjDrBLfn4efvxF4,吊点加强钢筋_B1:吊点加强钢筋_B1:710123,710123,578.90096,6.00000,0.00000000;0.00000000;-1.00000000,0
54,3278,389147,0uegOgAsjDrBLfn4efvxF8,吊点加强钢筋_B1:吊点加强钢筋_B1:710119,710119,578.90062,6.00000,0.00000000;0.00000000;-1.00000000,0
55,3279,389158,0uegOgAsjDrBLfn4efvxF7,吊点加强钢筋_B1:吊点加强钢筋_B1:710120,710120,578.90062,6.00000,0.00000000;0.00000000;-1.00000000,0
56,3359,390743,0uegOgAsjDrBLfn4efvx3h,吊点加强钢筋_B1:吊点加强钢筋_B1:710340,710340,578.90096,6.00000,0.00000000;0.00000000;-1.00000000,0
57,3358,390732,0uegOgAsjDrBLfn4efvx3i,吊点加强钢筋_B1:吊点加强钢筋_B1:710339,710339,578.90096,6.00000,0.00000000;0.00000000;-1.00000000,0
58,3362,390776,0uegOgAsjDrBLfn4efvx3e,吊点加强钢筋_B1:吊点加强钢筋_B1:710343,710343,578.90062,6.00000,0.00000000;0.00000000;-1.00000000,0
59,3322,390320,0uegOgAsjDrBLfn4efvx11,吊点加强钢筋_B1:吊点加强钢筋_B1:710254,710254,578.90062,6.00000,0.00000000;0.00000000;-1.00000000,0
60,3318,390276,0uegOgAsjDrBLfn4efvx15,吊点加强钢筋_B1:吊点加强钢筋_B1:710250,710250,578.90096,6.00000,0.00000000;0.00000000;-1.00000000,0
61,3319,390287,0uegOgAsjDrBLfn4efvx14,吊点加强钢筋_B1:吊点加强钢筋_B1:710251,710251,578.90096,6.00000,0.00000000;0.00000000;-1.00000000,0
62,3399,391199,0uegOgAsjDrBLfn4efvx3O,吊点加强钢筋_B1:吊点加强钢筋_B1:710391,710391,578.90062,6.00000,0.00000000;0.00000000;-1.00000000,0
63,3398,391188,0uegOgAsjDrBLfn4efvx3P,吊点加强钢筋_B1:吊点加强钢筋_B1:710390,710390,578.90062,6.00000,0.00000000;0.00000000;-1.00000000,0
64,3402,391232,0uegOgAsjDrBLfn4efvx3L,吊点加强钢筋_B1:吊点加强钢筋_B1:710394,710394,578.90096,6.00000,0.00000000;0.00000000;-1.00000000,0
65,3283,389202,0uegOgAsjDrBLfn4efvxF3,吊点加强钢筋_B1:吊点加强钢筋_B1:710124,710124,578.90096,6.00000,0.00000000;0.00000000;-1.00000000,0
66,3281,389180,0uegOgAsjDrBLfn4efvxF5,吊点加强钢筋_B1:吊点加强钢筋_B1:710122,710122,578.90096,6.00000,0.00000000;0.00000000;-1.00000000,0
67,3361,390765,0uegOgAsjDrBLfn4efvx3f,吊点加强钢筋_B1:吊点加强钢筋_B1:710342,710342,578.90062,6.00000,0.00000000;0.00000000;-1.00000000,0
68,3363,390787,0uegOgAsjDrBLfn4efvx3d,吊点加强钢筋_B1:吊点加强钢筋_B1:710344,710344,578.90062,6.00000,0.00000000;0.00000000;-1.00000000,0
69,3323,390331,0uegOgAsjDrBLfn4efvx10,吊点加强钢筋_B1:吊点加强钢筋_B1:710255,710255,578.90062,6.00000,0.00000000;0.00000000;-1.00000000,0
70,3321,390309,0uegOgAsjDrBLfn4efvx12,吊点加强钢筋_B1:吊点加强钢筋_B1:710253,710253,578.90062,6.00000,0.00000000;0.00000000;-1.00000000,0
71,3401,391221,0uegOgAsjDrBLfn4efvx3M,吊点加强钢筋_B1:吊点加强钢筋_B1:710393,710393,578.90096,6.00000,0.00000000;0.00000000;-1.00000000,0
72,3403,391243,0uegOgAsjDrBLfn4efvx3K,吊点加强钢筋_B1:吊点加强钢筋_B1:710395,710395,578.90096,6.00000,0.00000000;0.00000000;-1.00000000,0
73,3280,389169,0uegOgAsjDrBLfn4efvxF6,吊点加强钢筋_B1:吊点加强钢筋_B1:710121,710121,578.90096,6.00000,0.00000000;0.00000000;-1.00000000,0
74,3277,389136,0uegOgAsjDrBLfn4efvxF9,吊点加强钢筋_B1:吊点加强钢筋_B1:710118,710118,578.90062,6.00000,0.00000000;0.00000000;-1.00000000,0
75,3357,390721,0uegOgAsjDrBLfn4efvx3j,吊点加强钢筋_B1:吊点加强钢筋_B1:710338,710338,578.90096,6.00000,0.00000000;0.00000000;-1.00000000,0
76,3360,390754,0uegOgAsjDrBLfn4efvx3g,吊点加强钢筋_B1:吊点加强钢筋_B1:710341,710341,578.90062,6.00000,0.00000000;0.00000000;-1.00000000,0
77,3320,390298,0uegOgAsjDrBLfn4efvx13,吊点加强钢筋_B1:吊点加强钢筋_B1:710252,710252,578.90062,6.00000,0.00000000;0.00000000;-1.00000000,0
78,3317,390265,0uegOgAsjDrBLfn4efvx16,吊点加强钢筋_B1:吊点加强钢筋_B1:710249,710249,578.90096,6.00000,0.00000000;0.00000000;-1.00000000,0
79,3397,391177,0uegOgAsjDrBLfn4efvx3Q,吊点加强钢筋_B1:吊点加强钢筋_B1:710389,710389,578.90062,6.00000,0.00000000;0.00000000;-1.00000000,0
80,3400,391210,0uegOgAsjDrBLfn4efvx3N,吊点加强钢筋_B1:吊点加强钢筋_B1:710392,710392,578.90096,6.00000,0.00000000;0.00000000;-1.00000000,0
81,3262,386314,0uegOgAsjDrBLfn4efvxTN,吊点加强钢筋_B1:吊点加强钢筋_B1:708984,708984,578.90096,6.00000,0.00000000;0.00000000;-1.00000000,0
82,3258,385814,0uegOgAsjDrBLfn4efvxTV,吊点加强钢筋_B1:吊点加强钢筋_B1:708976,708976,578.90062,6.00000,0.00000000;0.00000000;-1.00000000,0
83,3259,385825,0uegOgAsjDrBLfn4efvxTT,吊点加强钢筋_B1:吊点加强钢筋_B1:708978,708978,578.90062,6.00000,0.00000000;0.00000000;-1.00000000,0
84,3339,390515,0uegOgAsjDrBLfn4efvx2F,吊点加强钢筋_B1:吊点加强钢筋_B1:710304,710304,578.90096,6.00000,0.00000000;0.00000000;-1.00000000,0
85,3338,390504,0uegOgAsjDrBLfn4efvx2m,吊点加强钢筋_B1:吊点加强钢筋_B1:710303,710303,578.90096,6.00000,0.00000000;0.00000000;-1.00000000,0
86,3342,390548,0uegOgAsjDrBLfn4efvx2C,吊点加强钢筋_B1:吊点加强钢筋_B1:710307,710307,578.90062,6.00000,0.00000000;0.00000000;-1.00000000,0
87,3302,390092,0uegOgAsjDrBLfn4efvx1b,吊点加强钢筋_B1:吊点加强钢筋_B1:710218,710218,578.90062,6.00000,0.00000000;0.00000000;-1.00000000,0
88,3298,390048,0uegOgAsjDrBLfn4efvx1f,吊点加强钢筋_B1:吊点加强钢筋_B1:710214,710214,578.90096,6.00000,0.00000000;0.00000000;-1.00000000,0
89,3299,390059,0uegOgAsjDrBLfn4efvx1e,吊点加强钢筋_B1:吊点加强钢筋_B1:710215,710215,578.90096,6.00000,0.00000000;0.00000000;-1.00000000,0
90,3379,390971,0uegOgAsjDrBLfn4efvx3p,吊点加强钢筋_B1:吊点加强钢筋_B1:710364,710364,578.90062,6.00000,0.00000000;0.00000000;-1.00000000,0
91,3378,390960,0uegOgAsjDrBLfn4efvx3q,吊点加强钢筋_B1:吊点加强钢筋_B1:710363,710363,578.90062,6.00000,0.00000000;0.00000000;-1.00000000,0
92,3382,391004,0uegOgAsjDrBLfn4efvx3m,吊点加强钢筋_B1:吊点加强钢筋_B1:710367,710367,578.90096,6.00000,0.00000000;0.00000000;-1.00000000,0
93,3263,386325,0uegOgAsjDrBLfn4efvxTL,吊点加强钢筋_B1:吊点加强钢筋_B1:708986,708986,578.90096,6.00000,0.00000000;0.00000000;-1.00000000,0
94,3261,386303,0uegOgAsjDrBLfn4efvxTP,吊点加强钢筋_B1:吊点加强钢筋_B1:708982,708982,578.90096,6.00000,0.00000000;0.00000000;-1.00000000,0
95,3341,390537,0uegOgAsjDrBLfn4efvx2D,吊点加强钢筋_B1:吊点加强钢筋_B1:710306,710306,578.90062,6.00000,0.00000000;0.00000000;-1.00000000,0
96,3343,390559,0uegOgAsjDrBLfn4efvx2B,吊点加强钢筋_B1:吊点加强钢筋_B1:710308,710308,578.90062,6.00000,0.00000000;0.00000000;-1.00000000,0
97,3303,390103,0uegOgAsjDrBLfn4efvx1a,吊点加强钢筋_B1:吊点加强钢筋_B1:710219,710219,578.90062,6.00000,0.00000000;0.00000000;-1.00000000,0
98,3301,390081,0uegOgAsjDrBLfn4efvx1c,吊点加强钢筋_B1:吊点加强钢筋_B1:710217,710217,578.90062,6.00000,0.00000000;0.00000000;-1.00000000,0
99,3381,390993,0uegOgAsjDrBLfn4efvx3n,吊点加强钢筋_B1:吊点加强钢筋_B1:710366,710366,578.90096,6.00000,0.00000000;0.00000000;-1.00000000,0
100,3383,391015,0uegOgAsjDrBLfn4efvx3F,吊点加强钢筋_B1:吊点加强钢筋_B1:710368,710368,578.90096,6.00000,0.00000000;0.00000000;-1.00000000,0
101,3260,386292,0uegOgAsjDrBLfn4efvxTR,吊点加强钢筋_B1:吊点加强钢筋_B1:708980,708980,578.90096,6.00000,0.00000000;0.00000000;-1.00000000,0
102,3257,385802,0uegOgAsjDrBLfn4efvxT1,吊点加强钢筋_B1:吊点加强钢筋_B1:708974,708974,578.90062,6.00000,0.00000000;0.00000000;-1.00000000,0
103,3337,390493,0uegOgAsjDrBLfn4efvx2n,吊点加强钢筋_B1:吊点加强钢筋_B1:710302,710302,578.90096,6.00000,0.00000000;0.00000000;-1.00000000,0
104,3340,390526,0uegOgAsjDrBLfn4efvx2E,吊点加强钢筋_B1:吊点加强钢筋_B1:710305,710305,578.90062,6.00000,0.00000000;0.00000000;-1.00000000,0
105,3300,390070,0uegOgAsjDrBLfn4efvx1d,吊点加强钢筋_B1:吊点加强钢筋_B1:710216,710216,578.90062,6.00000,0.00000000;0.00000000;-1.00000000,0
106,3297,390037,0uegOgAsjDrBLfn4efvx1g,吊点加强钢筋_B1:吊点加强钢筋_B1:710213,710213,578.90096,6.00000,0.00000000;0.00000000;-1.00000000,0
107,3377,390949,0uegOgAsjDrBLfn4efvx3r,吊点加强钢筋_B1:吊点加强钢筋_B1:710362,710362,578.90062,6.00000,0.00000000;0.00000000;-1.00000000,0
108,3380,390982,0uegOgAsjDrBLfn4efvx3o,吊点加强钢筋_B1:吊点加强钢筋_B1:710365,710365,578.90096,6.00000,0.00000000;0.00000000;-1.00000000,0
109,1862,234888,226IH29Rv9RAUPmQtypW50,主梁钢筋_N10:主梁钢筋_N10:653123,653123,32530.00000,6.00000,0.00000000;0.00000000;-1.00000000,0
110,1875,235031,226IH29Rv9RAUPmQtypWuR,主梁钢筋_N10:主梁钢筋_N10:653336,653336,32530.00000,6.00000,0.00000000;0.00000000;-1.00000000,0
111,1863,234899,226IH29Rv9RAUPmQtypW5E,主梁钢筋_N10:主梁钢筋_N10:653133,653133,32530.00000,6.00000,0.00000000;0.00000000;-1.00000000,0
112,1876,235042,226IH29Rv9RAUPmQtypWuP,主梁钢筋_N10:主梁钢筋_N10:653338,653338,32530.00000,6.00000,0.00000000;0.00000000;-1.00000000,0
113,3287,389246,0uegOgAsjDrBLfn4efvxFS,吊点加强钢筋_B2:吊点加强钢筋_B2:710131,710131,1107.77802,6.00000,0.00000000;0.00000000;-1.00000000,0
114,3367,390831,0uegOgAsjDrBLfn4efvx3Z,吊点加强钢筋_B2:吊点加强钢筋_B2:710348,710348,1107.77802,6.00000,0.00000000;0.00000000;-1.00000000,0
115,3276,389125,0uegOgAsjDrBLfn4efvxFo,吊点加强钢筋_B2:吊点加强钢筋_B2:710109,710109,1107.77802,6.00000,0.00000000;0.00000000;-1.00000000,0
116,3356,390710,0uegOgAsjDrBLfn4efvx2L,吊点加强钢筋_B2:吊点加强钢筋_B2:710330,710330,1107.77802,6.00000,0.00000000;0.00000000;-1.00000000,0
117,3284,389213,0uegOgAsjDrBLfn4efvxF2,吊点加强钢筋_B2:吊点加强钢筋_B2:710125,710125,1107.77802,6.00000,0.00000000;0.00000000;-1.00000000,0
118,3364,390798,0uegOgAsjDrBLfn4efvx3c,吊点加强钢筋_B2:吊点加强钢筋_B2:710345,710345,1107.77802,6.00000,0.00000000;0.00000000;-1.00000000,0
119,3285,389224,0uegOgAsjDrBLfn4efvxF0,吊点加强钢筋_B2:吊点加强钢筋_B2:710127,710127,1107.77802,6.00000,0.00000000;0.00000000;-1.00000000,0
120,3365,390809,0uegOgAsjDrBLfn4efvx3b,吊点加强钢筋_B2:吊点加强钢筋_B2:710346,710346,1107.77802,6.00000,0.00000000;0.00000000;-1.00000000,0
121,3286,389235,0uegOgAsjDrBLfn4efvxFU,吊点加强钢筋_B2:吊点加强钢筋_B2:710129,710129,1107.77802,6.00000,0.00000000;0.00000000;-1.00000000,0
122,3366,390820,0uegOgAsjDrBLfn4efvx3a,吊点加强钢筋_B2:吊点加强钢筋_B2:710347,710347,1107.77802,6.00000,0.00000000;0.00000000;-1.00000000,0
123,3326,390364,0uegOgAsjDrBLfn4efvx1T,吊点加强钢筋_B2:吊点加强钢筋_B2:710258,710258,1107.77802,6.00000,0.00000000;0.00000000;-1.00000000,0
124,3406,391276,0uegOgAsjDrBLfn4efvx3H,吊点加强钢筋_B2:吊点加强钢筋_B2:710398,710398,1107.77802,6.00000,0.00000000;0.00000000;-1.00000000,0
125,3325,390353,0uegOgAsjDrBLfn4efvx1U,吊点加强钢筋_B2:吊点加强钢筋_B2:710257,710257,1107.77802,6.00000,0.00000000;0.00000000;-1.00000000,0
126,3405,391265,0uegOgAsjDrBLfn4efvx3I,吊点加强钢筋_B2:吊点加强钢筋_B2:710397,710397,1107.77802,6.00000,0.00000000;0.00000000;-1.00000000,0
127,3324,390342,0uegOgAsjDrBLfn4efvx1V,吊点加强钢筋_B2:吊点加强钢筋_B2:710256,710256,1107.77802,6.00000,0.00000000;0.00000000;-1.00000000,0
128,3404,391254,0uegOgAsjDrBLfn4efvx3J,吊点加强钢筋_B2:吊点加强钢筋_B2:710396,710396,1107.77802,6.00000,0.00000000;0.00000000;-1.00000000,0
129,3316,390254,0uegOgAsjDrBLfn4efvx1E,吊点加强钢筋_B2:吊点加强钢筋_B2:710241,710241,1107.77802,6.00000,0.00000000;0.00000000;-1.00000000,0
130,3396,391166,0uegOgAsjDrBLfn4efvx3R,吊点加强钢筋_B2:吊点加强钢筋_B2:710388,710388,1107.77802,6.00000,0.00000000;0.00000000;-1.00000000,0
131,3327,390375,0uegOgAsjDrBLfn4efvx1S,吊点加强钢筋_B2:吊点加强钢筋_B2:710259,710259,1107.77802,6.00000,0.00000000;0.00000000;-1.00000000,0
132,3407,391287,0uegOgAsjDrBLfn4efvx3G,吊点加强钢筋_B2:吊点加强钢筋_B2:710399,710399,1107.77802,6.00000,0.00000000;0.00000000;-1.00000000,0
133,3267,386369,0uegOgAsjDrBLfn4efvxGZ,吊点加强钢筋_B2:吊点加强钢筋_B2:709132,709132,1107.77802,6.00000,0.00000000;0.00000000;-1.00000000,0
134,3347,390603,0uegOgAsjDrBLfn4efvx24,吊点加强钢筋_B2:吊点加强钢筋_B2:710315,710315,1107.77802,6.00000,0.00000000;0.00000000;-1.00000000,0
135,3256,385334,0uegOgAsjDrBLfn4efvwY3,吊点加强钢筋_B2:吊点加强钢筋_B2:708268,708268,1107.77802,6.00000,0.00000000;0.00000000;-1.00000000,0
136,3336,390482,0uegOgAsjDrBLfn4efvx2w,吊点加强钢筋_B2:吊点加强钢筋_B2:710293,710293,1107.77802,6.00000,0.00000000;0.00000000;-1.00000000,0
137,3264,386336,0uegOgAsjDrBLfn4efvxUH,吊点加强钢筋_B2:吊点加强钢筋_B2:709054,709054,1107.77802,6.00000,0.00000000;0.00000000;-1.00000000,0
138,3344,390570,0uegOgAsjDrBLfn4efvx2A,吊点加强钢筋_B2:吊点加强钢筋_B2:710309,710309,1107.77802,6.00000,0.00000000;0.00000000;-1.00000000,0
139,3265,386347,0uegOgAsjDrBLfn4efvxV$,吊点加强钢筋_B2:吊点加强钢筋_B2:709072,709072,1107.77802,6.00000,0.00000000;0.00000000;-1.00000000,0
140,3345,390581,0uegOgAsjDrBLfn4efvx28,吊点加强钢筋_B2:吊点加强钢筋_B2:710311,710311,1107.77802,6.00000,0.00000000;0.00000000;-1.00000000,0
141,3266,386358,0uegOgAsjDrBLfn4efvxVt,吊点加强钢筋_B2:吊点加强钢筋_B2:709080,709080,1107.77802,6.00000,0.00000000;0.00000000;-1.00000000,0
142,3346,390592,0uegOgAsjDrBLfn4efvx26,吊点加强钢筋_B2:吊点加强钢筋_B2:710313,710313,1107.77802,6.00000,0.00000000;0.00000000;-1.00000000,0
143,3306,390136,0uegOgAsjDrBLfn4efvx1$,吊点加强钢筋_B2:吊点加强钢筋_B2:710224,710224,1107.77802,6.00000,0.00000000;0.00000000;-1.00000000,0
144,3386,391048,0uegOgAsjDrBLfn4efvx3A,吊点加强钢筋_B2:吊点加强钢筋_B2:710373,710373,1107.77802,6.00000,0.00000000;0.00000000;-1.00000000,0
145,3305,390125,0uegOgAsjDrBLfn4efvx1X,吊点加强钢筋_B2:吊点加强钢筋_B2:710222,710222,1107.77802,6.00000,0.00000000;0.00000000;-1.00000000,0
146,3385,391037,0uegOgAsjDrBLfn4efvx3C,吊点加强钢筋_B2:吊点加强钢筋_B2:710371,710371,1107.77802,6.00000,0.00000000;0.00000000;-1.00000000,0
147,3304,390114,0uegOgAsjDrBLfn4efvx1Z,吊点加强钢筋_B2:吊点加强钢筋_B2:710220,710220,1107.77802,6.00000,0.00000000;0.00000000;-1.00000000,0
148,3384,391026,0uegOgAsjDrBLfn4efvx3E,吊点加强钢筋_B2:吊点加强钢筋_B2:710369,710369,1107.77802,6.00000,0.00000000;0.00000000;-1.00000000,0
149,3296,390026,0uegOgAsjDrBLfn4efvx0J,吊点加强钢筋_B2:吊点加强钢筋_B2:710204,710204,1107.77802,6.00000,0.00000000;0.00000000;-1.00000000,0
150,3376,390938,0uegOgAsjDrBLfn4efvx3t,吊点加强钢筋_B2:吊点加强钢筋_B2:710360,710360,1107.77802,6.00000,0.00000000;0.00000000;-1.00000000,0
151,3307,390147,0uegOgAsjDrBLfn4efvx1z,吊点加强钢筋_B2:吊点加强钢筋_B2:710226,710226,1107.77802,6.00000,0.00000000;0.00000000;-1.00000000,0
152,3387,391059,0uegOgAsjDrBLfn4efvx38,吊点加强钢筋_B2:吊点加强钢筋_B2:710375,710375,1107.77802,6.00000,0.00000000;0.00000000;-1.00000000,0
153,3192,383894,0q9FEr7U5Cx8pyPBA_Xkf9,主梁钢筋_N35:主梁钢筋_N35:695709,695709,555.31798,6.00000,0.00000000;0.00000000;-1.00000000,0
154,3194,383918,0q9FEr7U5Cx8pyPBA_XkfB,主梁钢筋_N35:主梁钢筋_N35:695711,695711,555.31828,6.00000,0.00000000;0.00000000;-1.00000000,0
155,3200,383990,0q9FEr7U5Cx8pyPBA_Xkfy,主梁钢筋_N35:主梁钢筋_N35:695720,695720,555.31798,6.00000,0.00000000;0.00000000;-1.00000000,0
156,3202,384014,0q9FEr7U5Cx8pyPBA_Xkf_,主梁钢筋_N35:主梁钢筋_N35:695722,695722,555.31828,6.00000,0.00000000;0.00000000;-1.00000000,0
157,3208,384086,0q9FEr7U5Cx8pyPBA_Xkfc,主梁钢筋_N35:主梁钢筋_N35:695730,695730,555.31798,6.00000,0.00000000;0.00000000;-1.00000000,0
158,3210,384110,0q9FEr7U5Cx8pyPBA_XkfW,主梁钢筋_N35:主梁钢筋_N35:695732,695732,555.31828,6.00000,0.00000000;0.00000000;-1.00000000,0
159,3216,384182,0q9FEr7U5Cx8pyPBA_Xkfe,主梁钢筋_N35:主梁钢筋_N35:695740,695740,555.31798,6.00000,0.00000000;0.00000000;-1.00000000,0
160,3218,384206,0q9FEr7U5Cx8pyPBA_Xkfg,主梁钢筋_N35:主梁钢筋_N35:695742,695742,555.31828,6.00000,0.00000000;0.00000000;-1.00000000,0
161,3224,384278,0q9FEr7U5Cx8pyPBA_XkeI,主梁钢筋_N35:主梁钢筋_N35:695750,695750,555.31798,6.00000,0.00000000;0.00000000;-1.00000000,0
162,3226,384302,0q9FEr7U5Cx8pyPBA_XkeS,主梁钢筋_N35:主梁钢筋_N35:695752,695752,555.31828,6.00000,0.00000000;0.00000000;-1.00000000,0
163,3232,384374,0q9FEr7U5Cx8pyPBA_Xke4,主梁钢筋_N35:主梁钢筋_N35:695760,695760,555.31798,6.00000,0.00000000;0.00000000;-1.00000000,0
164,3234,384398,0q9FEr7U5Cx8pyPBA_Xke6,主梁钢筋_N35:主梁钢筋_N35:695762,695762,555.31828,6.00000,0.00000000;0.00000000;-1.00000000,0
165,3240,384470,0q9FEr7U5Cx8pyPBA_XkeE,主梁钢筋_N35:主梁钢筋_N35:695770,695770,555.31798,6.00000,0.00000000;0.00000000;-1.00000000,0
166,3242,384494,0q9FEr7U5Cx8pyPBA_Xke8,主梁钢筋_N35:主梁钢筋_N35:695772,695772,555.31828,6.00000,0.00000000;0.00000000;-1.00000000,0
167,3248,384566,0q9FEr7U5Cx8pyPBA_Xkem,主梁钢筋_N35:主梁钢筋_N35:695780,695780,555.31798,6.00000,0.00000000;0.00000000;-1.00000000,0
168,3250,384590,0q9FEr7U5Cx8pyPBA_Xkeo,主梁钢筋_N35:主梁钢筋_N35:695782,695782,555.31828,6.00000,0.00000000;0.00000000;-1.00000000,0
169,3193,383906,0q9FEr7U5Cx8pyPBA_XkfA,主梁钢筋_N35:主梁钢筋_N35:695710,695710,555.31798,6.00000,0.00000000;0.00000000;-1.00000000,0
170,3201,384002,0q9FEr7U5Cx8pyPBA_Xkfz,主梁钢筋_N35:主梁钢筋_N35:695721,695721,555.31798,6.00000,0.00000000;0.00000000;-1.00000000,0
171,3209,384098,0q9FEr7U5Cx8pyPBA_Xkfd,主梁钢筋_N35:主梁钢筋_N35:695731,695731,555.31798,6.00000,0.00000000;0.00000000;-1.00000000,0
172,3217,384194,0q9FEr7U5Cx8pyPBA_Xkff,主梁钢筋_N35:主梁钢筋_N35:695741,695741,555.31798,6.00000,0.00000000;0.00000000;-1.00000000,0
173,3225,384290,0q9FEr7U5Cx8pyPBA_XkeJ,主梁钢筋_N35:主梁钢筋_N35:695751,695751,555.31798,6.00000,0.00000000;0.00000000;-1.00000000,0
174,3233,384386,0q9FEr7U5Cx8pyPBA_Xke5,主梁钢筋_N35:主梁钢筋_N35:695761,695761,555.31798,6.00000,0.00000000;0.00000000;-1.00000000,0
175,3241,384482,0q9FEr7U5Cx8pyPBA_XkeF,主梁钢筋_N35:主梁钢筋_N35:695771,695771,555.31798,6.00000,0.00000000;0.00000000;-1.00000000,0
176,3249,384578,0q9FEr7U5Cx8pyPBA_Xken,主梁钢筋_N35:主梁钢筋_N35:695781,695781,555.31798,6.00000,0.00000000;0.00000000;-1.00000000,0
177,3195,383930,0q9FEr7U5Cx8pyPBA_Xkfq,主梁钢筋_N35:主梁钢筋_N35:695712,695712,555.31828,6.00000,0.00000000;0.00000000;-1.00000000,0
178,3203,384026,0q9FEr7U5Cx8pyPBA_Xkf$,主梁钢筋_N35:主梁钢筋_N35:695723,695723,555.31828,6.00000,0.00000000;0.00000000;-1.00000000,0
179,3211,384122,0q9FEr7U5Cx8pyPBA_XkfX,主梁钢筋_N35:主梁钢筋_N35:695733,695733,555.31828,6.00000,0.00000000;0.00000000;-1.00000000,0
180,3219,384218,0q9FEr7U5Cx8pyPBA_Xkfh,主梁钢筋_N35:主梁钢筋_N35:695743,695743,555.31828,6.00000,0.00000000;0.00000000;-1.00000000,0
181,3227,384314,0q9FEr7U5Cx8pyPBA_XkeT,主梁钢筋_N35:主梁钢筋_N35:695753,695753,555.31828,6.00000,0.00000000;0.00000000;-1.00000000,0
182,3235,384410,0q9FEr7U5Cx8pyPBA_Xke7,主梁钢筋_N35:主梁钢筋_N35:695763,695763,555.31828,6.00000,0.00000000;0.00000000;-1.00000000,0
183,3243,384506,0q9FEr7U5Cx8pyPBA_Xke9,主梁钢筋_N35:主梁钢筋_N35:695773,695773,555.31828,6.00000,0.00000000;0.00000000;-1.00000000,0
184,3251,384602,0q9FEr7U5Cx8pyPBA_Xkep,主梁钢筋_N35:主梁钢筋_N35:695783,695783,555.31828,6.00000,0.00000000;0.00000000;-1.00000000,0
185,3187,383834,0q9FEr7U5Cx8pyPBA_XkfG,主梁钢筋_N35:主梁钢筋_N35:695684,695684,555.31798,6.00000,0.00000000;0.00000000;-1.00000000,0
186,3179,383738,0q9FEr7U5Cx8pyPBA_Xkgw,主梁钢筋_N35:主梁钢筋_N35:695662,695662,555.31798,6.00000,0.00000000;0.00000000;-1.00000000,0
187,3171,383642,0q9FEr7U5Cx8pyPBA_XkgE,主梁钢筋_N35:主梁钢筋_N35:695642,695642,555.31798,6.00000,0.00000000;0.00000000;-1.00000000,0
188,3163,383546,0q9FEr7U5Cx8pyPBA_XkgS,主梁钢筋_N35:主梁钢筋_N35:695624,695624,555.31798,6.00000,0.00000000;0.00000000;-1.00000000,0
189,3155,383450,0q9FEr7U5Cx8pyPBA_Xkhc,主梁钢筋_N35:主梁钢筋_N35:695602,695602,555.31798,6.00000,0.00000000;0.00000000;-1.00000000,0
190,3147,383354,0q9FEr7U5Cx8pyPBA_Xkh1,主梁钢筋_N35:主梁钢筋_N35:695573,695573,555.31798,6.00000,0.00000000;0.00000000;-1.00000000,0
191,3139,383258,0q9FEr7U5Cx8pyPBA_XkhG,主梁钢筋_N35:主梁钢筋_N35:695556,695556,555.31798,6.00000,0.00000000;0.00000000;-1.00000000,0
192,3131,383162,0q9FEr7U5Cx8pyPBA_Xkl8,主梁钢筋_N35:主梁钢筋_N35:695324,695324,555.31798,6.00000,0.00000000;0.00000000;-1.00000000,0
193,3185,383810,0q9FEr7U5Cx8pyPBA_XkfM,主梁钢筋_N35:主梁钢筋_N35:695682,695682,555.31828,6.00000,0.00000000;0.00000000;-1.00000000,0
194,3177,383714,0q9FEr7U5Cx8pyPBA_Xkgu,主梁钢筋_N35:主梁钢筋_N35:695660,695660,555.31828,6.00000,0.00000000;0.00000000;-1.00000000,0
195,3169,383618,0q9FEr7U5Cx8pyPBA_XkgC,主梁钢筋_N35:主梁钢筋_N35:695640,695640,555.31828,6.00000,0.00000000;0.00000000;-1.00000000,0
196,3161,383522,0q9FEr7U5Cx8pyPBA_XkgI,主梁钢筋_N35:主梁钢筋_N35:695622,695622,555.31828,6.00000,0.00000000;0.00000000;-1.00000000,0
197,3153,383426,0q9FEr7U5Cx8pyPBA_Xkha,主梁钢筋_N35:主梁钢筋_N35:695600,695600,555.31828,6.00000,0.00000000;0.00000000;-1.00000000,0
198,3145,383330,0q9FEr7U5Cx8pyPBA_Xkh7,主梁钢筋_N35:主梁钢筋_N35:695571,695571,555.31828,6.00000,0.00000000;0.00000000;-1.00000000,0
199,3137,383234,0q9FEr7U5Cx8pyPBA_XkhM,主梁钢筋_N35:主梁钢筋_N35:695554,695554,555.31828,6.00000,0.00000000;0.00000000;-1.00000000,0
200,3129,381816,0q9FEr7U5Cx8pyPBA_Xkq1,主梁钢筋_N35:主梁钢筋_N35:694997,694997,555.31828,6.00000,0.00000000;0.00000000;-1.00000000,0
201,3186,383822,0q9FEr7U5Cx8pyPBA_XkfN,主梁钢筋_N35:主梁钢筋_N35:695683,695683,555.31798,6.00000,0.00000000;0.00000000;-1.00000000,0
202,3184,383798,0q9FEr7U5Cx8pyPBA_XkfL,主梁钢筋_N35:主梁钢筋_N35:695681,695681,555.31828,6.00000,0.00000000;0.00000000;-1.00000000,0
203,3178,383726,0q9FEr7U5Cx8pyPBA_Xkgv,主梁钢筋_N35:主梁钢筋_N35:695661,695661,555.31798,6.00000,0.00000000;0.00000000;-1.00000000,0
204,3176,383702,0q9FEr7U5Cx8pyPBA_Xkg$,主梁钢筋_N35:主梁钢筋_N35:695659,695659,555.31828,6.00000,0.00000000;0.00000000;-1.00000000,0
205,3170,383630,0q9FEr7U5Cx8pyPBA_XkgD,主梁钢筋_N35:主梁钢筋_N35:695641,695641,555.31798,6.00000,0.00000000;0.00000000;-1.00000000,0
206,3168,383606,0q9FEr7U5Cx8pyPBA_Xkg3,主梁钢筋_N35:主梁钢筋_N35:695639,695639,555.31828,6.00000,0.00000000;0.00000000;-1.00000000,0
207,3162,383534,0q9FEr7U5Cx8pyPBA_XkgJ,主梁钢筋_N35:主梁钢筋_N35:695623,695623,555.31798,6.00000,0.00000000;0.00000000;-1.00000000,0
208,3160,383510,0q9FEr7U5Cx8pyPBA_XkgH,主梁钢筋_N35:主梁钢筋_N35:695621,695621,555.31828,6.00000,0.00000000;0.00000000;-1.00000000,0
209,3154,383438,0q9FEr7U5Cx8pyPBA_Xkhb,主梁钢筋_N35:主梁钢筋_N35:695601,695601,555.31798,6.00000,0.00000000;0.00000000;-1.00000000,0
210,3152,383414,0q9FEr7U5Cx8pyPBA_Xkhx,主梁钢筋_N35:主梁钢筋_N35:695599,695599,555.31828,6.00000,0.00000000;0.00000000;-1.00000000,0
211,3146,383342,0q9FEr7U5Cx8pyPBA_Xkh0,主梁钢筋_N35:主梁钢筋_N35:695572,695572,555.31798,6.00000,0.00000000;0.00000000;-1.00000000,0
212,3144,383318,0q9FEr7U5Cx8pyPBA_Xkh6,主梁钢筋_N35:主梁钢筋_N35:695570,695570,555.31828,6.00000,0.00000000;0.00000000;-1.00000000,0
213,3138,383246,0q9FEr7U5Cx8pyPBA_XkhN,主梁钢筋_N35:主梁钢筋_N35:695555,695555,555.31798,6.00000,0.00000000;0.00000000;-1.00000000,0
214,3136,383222,0q9FEr7U5Cx8pyPBA_XkhL,主梁钢筋_N35:主梁钢筋_N35:695553,695553,555.31828,6.00000,0.00000000;0.00000000;-1.00000000,0
215,3130,383150,0q9FEr7U5Cx8pyPBA_Xkmd,主梁钢筋_N35:主梁钢筋_N35:695283,695283,555.31798,6.00000,0.00000000;0.00000000;-1.00000000,0
216,3128,381803,0q9FEr7U5Cx8pyPBA_XkqG,主梁钢筋_N35:主梁钢筋_N35:694980,694980,555.31828,6.00000,0.00000000;0.00000000;-1.00000000,0
217,1864,234910,226IH29Rv9RAUPmQtypW5K,主梁钢筋_N10:主梁钢筋_N10:653143,653143,32530.00000,6.00000,0.00000000;0.00000000;-1.00000000,0
218,1877,235053,226IH29Rv9RAUPmQtypWuV,主梁钢筋_N10:主梁钢筋_N10:653340,653340,32530.00000,6.00000,0.00000000;0.00000000;-1.00000000,0
219,1951,246888,3DV3DpgWr5jemi28WiSOhy,主梁钢筋_N12a:主梁钢筋_N12a:670726,670726,28580.00000,6.00000,0.00000000;0.00000000;-1.00000000,0
220,1946,246821,3DV3DpgWr5jemi28WiSOrk,主梁钢筋_N12a:主梁钢筋_N12a:670612,670612,28580.00000,6.00000,0.00000000;0.00000000;-1.00000000,0
221,3423,391521,28bDEHmEj4Au0d6XGDElB1,封锚钢筋_M3:封锚钢筋_M3:715567,715567,224.00000,4.00000,0.00000000;0.00000000;-1.00000000,0
222,3419,391477,28bDEHmEj4Au0d6XGDElCn,封锚钢筋_M3:封锚钢筋_M3:715487,715487,224.00000,4.00000,0.00000000;0.00000000;-1.00000000,0
223,3421,391499,28bDEHmEj4Au0d6XGDElBY,封锚钢筋_M3:封锚钢筋_M3:715532,715532,224.00000,4.00000,0.00000000;0.00000000;-1.00000000,0
224,3417,391430,28bDEHmEj4Au0d6XGDElEg,封锚钢筋_M3:封锚钢筋_M3:715332,715332,224.00000,4.00000,0.00000000;0.00000000;-1.00000000,0
225,1865,234921,226IH29Rv9RAUPmQtypW5Y,主梁钢筋_N10:主梁钢筋_N10:653153,653153,32530.00000,6.00000,0.00000000;0.00000000;-1.00000000,0
226,1878,235064,226IH29Rv9RAUPmQtypWuT,主梁钢筋_N10:主梁钢筋_N10:653342,653342,32530.00000,6.00000,0.00000000;0.00000000;-1.00000000,0
227,1060,163382,0b6PArLq5FShymH3s4v2sU,主梁钢筋_N4a:主梁钢筋_N4a:630903,630903,2906.37826,9.00000,0.00000000;0.00000000;-1.00000000,0
228,1061,163394,0b6PArLq5FShymH3s4v2rc,主梁钢筋_N4a:主梁钢筋_N4a:630927,630927,2906.37826,9.00000,0.00000000;0.00000000;-1.00000000,0
229,1847,216376,3BIqEjFG12wOgqn$$HWN6L,主梁钢筋_N4a:主梁钢筋_N4a:640518,640518,2906.37826,9.00000,0.00000000;0.00000000;-1.00000000,0
230,1848,216387,3BIqEjFG12wOgqn$$HWN6R,主梁钢筋_N4a:主梁钢筋_N4a:640520,640520,2906.37826,9.00000,0.00000000;0.00000000;-1.00000000,0
231,1051,158487,0b6PArLq5FShymH3s4v2sZ,主梁钢筋_N3a:主梁钢筋_N3a:630858,630858,3829.90678,9.00000,0.00000000;0.00000000;-1.00000000,0
232,1052,158498,0b6PArLq5FShymH3s4v2sy,主梁钢筋_N3a:主梁钢筋_N3a:630869,630869,3829.90678,9.00000,0.00000000;0.00000000;-1.00000000,0
233,1053,158509,0b6PArLq5FShymH3s4v2sB,主梁钢筋_N3a:主梁钢筋_N3a:630882,630882,3829.90678,9.00000,0.00000000;0.00000000;-1.00000000,0
234,1055,161459,0b6PArLq5FShymH3s4v2s1,主梁钢筋_N3a:主梁钢筋_N3a:630888,630888,3829.90678,9.00000,0.00000000;0.00000000;-1.00000000,0
235,1056,161470,0b6PArLq5FShymH3s4v2s2,主梁钢筋_N3a:主梁钢筋_N3a:630891,630891,3829.90678,9.00000,0.00000000;0.00000000;-1.00000000,0
236,1057,161481,0b6PArLq5FShymH3s4v2s7,主梁钢筋_N3a:主梁钢筋_N3a:630894,630894,3829.90678,9.00000,0.00000000;0.00000000;-1.00000000,0
237,1058,161492,0b6PArLq5FShymH3s4v2sO,主梁钢筋_N3a:主梁钢筋_N3a:630897,630897,3829.90678,9.00000,0.00000000;0.00000000;-1.00000000,0
238,1059,161503,0b6PArLq5FShymH3s4v2sT,主梁钢筋_N3a:主梁钢筋_N3a:630900,630900,3829.90678,9.00000,0.00000000;0.00000000;-1.00000000,0
239,1799,213980,3BIqEjFG12wOgqn$$HWNDG,主梁钢筋_N3a:主梁钢筋_N3a:640195,640195,3829.90678,9.00000,0.00000000;0.00000000;-1.00000000,0
240,1800,213991,3BIqEjFG12wOgqn$$HWNDM,主梁钢筋_N3a:主梁钢筋_N3a:640197,640197,3829.90678,9.00000,0.00000000;0.00000000;-1.00000000,0
241,1801,214002,3BIqEjFG12wOgqn$$HWNDK,主梁钢筋_N3a:主梁钢筋_N3a:640199,640199,3829.90678,9.00000,0.00000000;0.00000000;-1.00000000,0
242,1802,214013,3BIqEjFG12wOgqn$$HWNDQ,主梁钢筋_N3a:主梁钢筋_N3a:640201,640201,3829.90678,9.00000,0.00000000;0.00000000;-1.00000000,0
243,1803,214024,3BIqEjFG12wOgqn$$HWNDO,主梁钢筋_N3a:主梁钢筋_N3a:640203,640203,3829.90678,9.00000,0.00000000;0.00000000;-1.00000000,0
244,1804,214035,3BIqEjFG12wOgqn$$HWNDU,主梁钢筋_N3a:主梁钢筋_N3a:640205,640205,3829.90678,9.00000,0.00000000;0.00000000;-1.00000000,0
245,1805,214046,3BIqEjFG12wOgqn$$HWNDS,主梁钢筋_N3a:主梁钢筋_N3a:640207,640207,3829.90678,9.00000,0.00000000;0.00000000;-1.00000000,0
246,1806,214057,3BIqEjFG12wOgqn$$HWND2,主梁钢筋_N3a:主梁钢筋_N3a:640209,640209,3829.90678,9.00000,0.00000000;0.00000000;-1.00000000,0
247,1866,234932,226IH29Rv9RAUPmQtypW5g,主梁钢筋_N10:主梁钢筋_N10:653161,653161,32530.00000,6.00000,0.00000000;0.00000000;-1.00000000,0
248,1879,235075,226IH29Rv9RAUPmQtypWuZ,主梁钢筋_N10:主梁钢筋_N10:653344,653344,32530.00000,6.00000,0.00000000;0.00000000;-1.00000000,0
249,1050,158476,0b6PArLq5FShymH3s4v2sk,主梁钢筋_N3a:主梁钢筋_N3a:630855,630855,3829.90678,9.00000,0.00000000;0.00000000;-1.00000000,0
250,1798,213969,3BIqEjFG12wOgqn$$HWNDI,主梁钢筋_N3a:主梁钢筋_N3a:640193,640193,3829.90678,9.00000,0.00000000;0.00000000;-1.00000000,0
251,1049,158465,0b6PArLq5FShymH3s4v2sj,主梁钢筋_N3a:主梁钢筋_N3a:630852,630852,3829.90678,9.00000,0.00000000;0.00000000;-1.00000000,0
252,1797,213958,3BIqEjFG12wOgqn$$HWNCi,主梁钢筋_N3a:主梁钢筋_N3a:640191,640191,3829.90678,9.00000,0.00000000;0.00000000;-1.00000000,0
253,1048,158454,0b6PArLq5FShymH3s4v2se,主梁钢筋_N3a:主梁钢筋_N3a:630849,630849,3829.90678,9.00000,0.00000000;0.00000000;-1.00000000,0
254,1796,213947,3BIqEjFG12wOgqn$$HWNCk,主梁钢筋_N3a:主梁钢筋_N3a:640189,640189,3829.90678,9.00000,0.00000000;0.00000000;-1.00000000,0
255,1950,246877,3DV3DpgWr5jemi28WiSOh_,主梁钢筋_N12a:主梁钢筋_N12a:670724,670724,28580.00000,6.00000,0.00000000;0.00000000;-1.00000000,0
256,1945,246809,3DV3DpgWr5jemi28WiSOmM,主梁钢筋_N12a:主梁钢筋_N12a:670444,670444,28580.00000,6.00000,0.00000000;0.00000000;-1.00000000,0
257,1867,234943,226IH29Rv9RAUPmQtypW5m,主梁钢筋_N10:主梁钢筋_N10:653171,653171,32530.00000,6.00000,0.00000000;0.00000000;-1.00000000,0
258,1880,235086,226IH29Rv9RAUPmQtypWuX,主梁钢筋_N10:主梁钢筋_N10:653346,653346,32530.00000,6.00000,0.00000000;0.00000000;-1.00000000,0
259,1047,158443,0b6PArLq5FShymH3s4v2tN,主梁钢筋_N3a:主梁钢筋_N3a:630846,630846,3829.90678,9.00000,0.00000000;0.00000000;-1.00000000,0
260,1795,213936,3BIqEjFG12wOgqn$$HWNCe,主梁钢筋_N3a:主梁钢筋_N3a:640187,640187,3829.90678,9.00000,0.00000000;0.00000000;-1.00000000,0
261,1046,158432,0b6PArLq5FShymH3s4v2tI,主梁钢筋_N3a:主梁钢筋_N3a:630843,630843,3829.90678,9.00000,0.00000000;0.00000000;-1.00000000,0
262,1794,213925,3BIqEjFG12wOgqn$$HWNCg,主梁钢筋_N3a:主梁钢筋_N3a:640185,640185,3829.90678,9.00000,0.00000000;0.00000000;-1.00000000,0
263,1868,234954,226IH29Rv9RAUPmQtypW5_,主梁钢筋_N10:主梁钢筋_N10:653181,653181,32530.00000,6.00000,0.00000000;0.00000000;-1.00000000,0
264,1881,235097,226IH29Rv9RAUPmQtypWud,主梁钢筋_N10:主梁钢筋_N10:653348,653348,32530.00000,6.00000,0.00000000;0.00000000;-1.00000000,0
265,1045,158421,0b6PArLq5FShymH3s4v2tH,主梁钢筋_N3a:主梁钢筋_N3a:630840,630840,3829.90678,9.00000,0.00000000;0.00000000;-1.00000000,0
266,1793,213914,3BIqEjFG12wOgqn$$HWNCa,主梁钢筋_N3a:主梁钢筋_N3a:640183,640183,3829.90678,9.00000,0.00000000;0.00000000;-1.00000000,0
267,1869,234965,226IH29Rv9RAUPmQtypW66,主梁钢筋_N10:主梁钢筋_N10:653189,653189,32530.00000,6.00000,0.00000000;0.00000000;-1.00000000,0
268,1882,235108,226IH29Rv9RAUPmQtypWub,主梁钢筋_N10:主梁钢筋_N10:653350,653350,32530.00000,6.00000,0.00000000;0.00000000;-1.00000000,0
269,1043,155500,0b6PArLq5FShymH3s4v2tR,主梁钢筋_N3a:主梁钢筋_N3a:630834,630834,3829.90678,9.00000,0.00000000;0.00000000;-1.00000000,0
270,1792,213903,3BIqEjFG12wOgqn$$HWNCc,主梁钢筋_N3a:主梁钢筋_N3a:640181,640181,3829.90678,9.00000,0.00000000;0.00000000;-1.00000000,0
271,1870,234976,226IH29Rv9RAUPmQtypW6C,主梁钢筋_N10:主梁钢筋_N10:653199,653199,32530.00000,6.00000,0.00000000;0.00000000;-1.00000000,0
272,1883,235119,226IH29Rv9RAUPmQtypWuh,主梁钢筋_N10:主梁钢筋_N10:653352,653352,32530.00000,6.00000,0.00000000;0.00000000;-1.00000000,0
273,1042,155489,0b6PArLq5FShymH3s4v2t6,主梁钢筋_N3a:主梁钢筋_N3a:630831,630831,3829.90678,9.00000,0.00000000;0.00000000;-1.00000000,0
274,1791,213892,3BIqEjFG12wOgqn$$HWNCW,主梁钢筋_N3a:主梁钢筋_N3a:640179,640179,3829.90678,9.00000,0.00000000;0.00000000;-1.00000000,0
275,1041,155478,0b6PArLq5FShymH3s4v2t5,主梁钢筋_N3a:主梁钢筋_N3a:630828,630828,3829.90678,9.00000,0.00000000;0.00000000;-1.00000000,0
276,1790,213881,3BIqEjFG12wOgqn$$HWNCY,主梁钢筋_N3a:主梁钢筋_N3a:640177,640177,3829.90678,9.00000,0.00000000;0.00000000;-1.00000000,0
277,1040,155467,0b6PArLq5FShymH3s4v2t0,主梁钢筋_N3a:主梁钢筋_N3a:630825,630825,3829.90678,9.00000,0.00000000;0.00000000;-1.00000000,0
278,1789,213870,3BIqEjFG12wOgqn$$HWNCy,主梁钢筋_N3a:主梁钢筋_N3a:640175,640175,3829.90678,9.00000,0.00000000;0.00000000;-1.00000000,0
279,1944,246786,3DV3DpgWr5jemi28WiSOml,主梁钢筋_N12:主梁钢筋_N12:670421,670421,25000.00000,6.00000,0.00000000;0.00000000;-1.00000000,0
280,1943,246775,3DV3DpgWr5jemi28WiSOmf,主梁钢筋_N12:主梁钢筋_N12:670419,670419,25000.00000,6.00000,0.00000000;0.00000000;-1.00000000,0
281,1942,246764,3DV3DpgWr5jemi28WiSOmh,主梁钢筋_N12:主梁钢筋_N12:670417,670417,25000.00000,6.00000,0.00000000;0.00000000;-1.00000000,0
282,1941,246753,3DV3DpgWr5jemi28WiSOmr,主梁钢筋_N12:主梁钢筋_N12:670415,670415,25000.00000,6.00000,0.00000000;0.00000000;-1.00000000,0
283,1940,246742,3DV3DpgWr5jemi28WiSOmt,主梁钢筋_N12:主梁钢筋_N12:670413,670413,25000.00000,6.00000,0.00000000;0.00000000;-1.00000000,0
284,1939,246731,3DV3DpgWr5jemi28WiSOmn,主梁钢筋_N12:主梁钢筋_N12:670411,670411,25000.00000,6.00000,0.00000000;0.00000000;-1.00000000,0
285,1938,246720,3DV3DpgWr5jemi28WiSOmp,主梁钢筋_N12:主梁钢筋_N12:670409,670409,25000.00000,6.00000,0.00000000;0.00000000;-1.00000000,0
286,1937,246709,3DV3DpgWr5jemi28WiSOmz,主梁钢筋_N12:主梁钢筋_N12:670407,670407,25000.00000,6.00000,0.00000000;0.00000000;-1.00000000,0
287,1936,246698,3DV3DpgWr5jemi28WiSOm$,主梁钢筋_N12:主梁钢筋_N12:670405,670405,25000.00000,6.00000,0.00000000;0.00000000;-1.00000000,0
288,893,148997,0b6PArLq5FShymH3s4v1ga,主梁钢筋_N12:主梁钢筋_N12:628557,628557,25000.00000,6.00000,0.00000000;0.00000000;-1.00000000,0
289,1927,246587,3DV3DpgWr5jemi28WiSOoK,主梁钢筋_N12:主梁钢筋_N12:670318,670318,25000.00000,6.00000,0.00000000;0.00000000;-1.00000000,0
290,1928,246598,3DV3DpgWr5jemi28WiSOo3,主梁钢筋_N12:主梁钢筋_N12:670329,670329,25000.00000,6.00000,0.00000000;0.00000000;-1.00000000,0
291,1929,246609,3DV3DpgWr5jemi28WiSOo6,主梁钢筋_N12:主梁钢筋_N12:670332,670332,25000.00000,6.00000,0.00000000;0.00000000;-1.00000000,0
292,1930,246620,3DV3DpgWr5jemi28WiSOo5,主梁钢筋_N12:主梁钢筋_N12:670335,670335,25000.00000,6.00000,0.00000000;0.00000000;-1.00000000,0
293,1931,246631,3DV3DpgWr5jemi28WiSOnu,主梁钢筋_N12:主梁钢筋_N12:670338,670338,25000.00000,6.00000,0.00000000;0.00000000;-1.00000000,0
294,1932,246642,3DV3DpgWr5jemi28WiSOn$,主梁钢筋_N12:主梁钢筋_N12:670341,670341,25000.00000,6.00000,0.00000000;0.00000000;-1.00000000,0
295,1933,246653,3DV3DpgWr5jemi28WiSOno,主梁钢筋_N12:主梁钢筋_N12:670344,670344,25000.00000,6.00000,0.00000000;0.00000000;-1.00000000,0
296,1934,246664,3DV3DpgWr5jemi28WiSOne,主梁钢筋_N12:主梁钢筋_N12:670354,670354,25000.00000,6.00000,0.00000000;0.00000000;-1.00000000,0
297,1935,246675,3DV3DpgWr5jemi28WiSOnd,主梁钢筋_N12:主梁钢筋_N12:670365,670365,25000.00000,6.00000,0.00000000;0.00000000;-1.00000000,0
298,1062,163405,0b6PArLq5FShymH3s4v2r5,主梁钢筋_N4a:主梁钢筋_N4a:630956,630956,2906.37826,9.00000,0.00000000;0.00000000;-1.00000000,0
299,1063,163416,0b6PArLq5FShymH3s4v2r7,主梁钢筋_N4a:主梁钢筋_N4a:630958,630958,2906.37826,9.00000,0.00000000;0.00000000;-1.00000000,0
300,1849,216398,3BIqEjFG12wOgqn$$HWN6Q,主梁钢筋_N4a:主梁钢筋_N4a:640521,640521,2906.37826,9.00000,0.00000000;0.00000000;-1.00000000,0
301,1850,216409,3BIqEjFG12wOgqn$$HWN6P,主梁钢筋_N4a:主梁钢筋_N4a:640522,640522,2906.37826,9.00000,0.00000000;0.00000000;-1.00000000,0
302,1871,234987,226IH29Rv9RAUPmQtypW7Q,主梁钢筋_N10:主梁钢筋_N10:653273,653273,32530.00000,6.00000,0.00000000;0.00000000;-1.00000000,0
303,1884,235130,226IH29Rv9RAUPmQtypWuf,主梁钢筋_N10:主梁钢筋_N10:653354,653354,32530.00000,6.00000,0.00000000;0.00000000;-1.00000000,0
304,1039,155456,0b6PArLq5FShymH3s4v2tF,主梁钢筋_N3a:主梁钢筋_N3a:630822,630822,3829.90678,9.00000,0.00000000;0.00000000;-1.00000000,0
305,1788,213859,3BIqEjFG12wOgqn$$HWNC_,主梁钢筋_N3a:主梁钢筋_N3a:640173,640173,3829.90678,9.00000,0.00000000;0.00000000;-1.00000000,0
306,1038,155445,0b6PArLq5FShymH3s4v2tA,主梁钢筋_N3a:主梁钢筋_N3a:630819,630819,3829.90678,9.00000,0.00000000;0.00000000;-1.00000000,0
307,1787,213848,3BIqEjFG12wOgqn$$HWNCu,主梁钢筋_N3a:主梁钢筋_N3a:640171,640171,3829.90678,9.00000,0.00000000;0.00000000;-1.00000000,0
308,1250,183574,0b6PArLq5FShymH3s4v2HC,主梁钢筋_N3:主梁钢筋_N3:633253,633253,3404.94181,8.00000,0.00000000;0.00000000;-1.00000000,0
309,1246,183530,0b6PArLq5FShymH3s4v2Hq,主梁钢筋_N3:主梁钢筋_N3:633245,633245,3404.94181,8.00000,0.00000000;0.00000000;-1.00000000,0
310,1031,153295,0b6PArLq5FShymH3s4v1B3,主梁钢筋_N3:主梁钢筋_N3:630570,630570,3404.91726,8.00000,0.00000000;0.00000000;-1.00000000,0
311,1036,155423,0b6PArLq5FShymH3s4v1AS,主梁钢筋_N3:主梁钢筋_N3:630645,630645,3404.91726,8.00000,0.00000000;0.00000000;-1.00000000,0
312,1037,155434,0b6PArLq5FShymH3s4v18N,主梁钢筋_N3a:主梁钢筋_N3a:630782,630782,3829.90678,9.00000,0.00000000;0.00000000;-1.00000000,0
313,1786,213837,3BIqEjFG12wOgqn$$HWNCw,主梁钢筋_N3a:主梁钢筋_N3a:640169,640169,3829.90678,9.00000,0.00000000;0.00000000;-1.00000000,0
314,1245,183519,0b6PArLq5FShymH3s4v2Ho,主梁钢筋_N3:主梁钢筋_N3:633243,633243,3404.94181,8.00000,0.00000000;0.00000000;-1.00000000,0
315,1030,153284,0b6PArLq5FShymH3s4v1BE,主梁钢筋_N3:主梁钢筋_N3:630567,630567,3404.91726,8.00000,0.00000000;0.00000000;-1.00000000,0
316,1032,155378,0b6PArLq5FShymH3s4v1B4,主梁钢筋_N3a:主梁钢筋_N3a:630573,630573,3829.90678,9.00000,0.00000000;0.00000000;-1.00000000,0
317,1785,213826,3BIqEjFG12wOgqn$$HWNCq,主梁钢筋_N3a:主梁钢筋_N3a:640167,640167,3829.90678,9.00000,0.00000000;0.00000000;-1.00000000,0
318,1244,183508,0b6PArLq5FShymH3s4v2Hm,主梁钢筋_N3:主梁钢筋_N3:633241,633241,3404.94181,8.00000,0.00000000;0.00000000;-1.00000000,0
319,1029,153273,0b6PArLq5FShymH3s4v1BD,主梁钢筋_N3:主梁钢筋_N3:630564,630564,3404.91726,8.00000,0.00000000;0.00000000;-1.00000000,0
320,3293,389318,0uegOgAsjDrBLfn4efvxFI,吊点加强钢筋_B3:吊点加强钢筋_B3:710141,710141,708.38924,10.00000,0.00000000;0.00000000;-1.00000000,0
321,3295,389342,0uegOgAsjDrBLfn4efvxFG,吊点加强钢筋_B3:吊点加强钢筋_B3:710143,710143,708.38908,10.00000,0.00000000;0.00000000;-1.00000000,0
322,3373,390903,0uegOgAsjDrBLfn4efvx3y,吊点加强钢筋_B3:吊点加强钢筋_B3:710355,710355,708.38908,10.00000,0.00000000;0.00000000;-1.00000000,0
323,3375,390927,0uegOgAsjDrBLfn4efvx3w,吊点加强钢筋_B3:吊点加强钢筋_B3:710357,710357,708.38924,10.00000,0.00000000;0.00000000;-1.00000000,0
324,3294,389330,0uegOgAsjDrBLfn4efvxFH,吊点加强钢筋_B3:吊点加强钢筋_B3:710142,710142,708.38924,10.00000,0.00000000;0.00000000;-1.00000000,0
325,3292,389306,0uegOgAsjDrBLfn4efvxFJ,吊点加强钢筋_B3:吊点加强钢筋_B3:710140,710140,708.38908,10.00000,0.00000000;0.00000000;-1.00000000,0
326,3374,390915,0uegOgAsjDrBLfn4efvx3x,吊点加强钢筋_B3:吊点加强钢筋_B3:710356,710356,708.38908,10.00000,0.00000000;0.00000000;-1.00000000,0
327,3372,390891,0uegOgAsjDrBLfn4efvx3z,吊点加强钢筋_B3:吊点加强钢筋_B3:710354,710354,708.38924,10.00000,0.00000000;0.00000000;-1.00000000,0
328,3332,390435,0uegOgAsjDrBLfn4efvx1M,吊点加强钢筋_B3:吊点加强钢筋_B3:710265,710265,708.38924,10.00000,0.00000000;0.00000000;-1.00000000,0
329,3412,391347,0uegOgAsjDrBLfn4efvx4g,吊点加强钢筋_B3:吊点加强钢筋_B3:710405,710405,708.38908,10.00000,0.00000000;0.00000000;-1.00000000,0
330,3334,390459,0uegOgAsjDrBLfn4efvx1K,吊点加强钢筋_B3:吊点加强钢筋_B3:710267,710267,708.38908,10.00000,0.00000000;0.00000000;-1.00000000,0
331,3414,391371,0uegOgAsjDrBLfn4efvx4e,吊点加强钢筋_B3:吊点加强钢筋_B3:710407,710407,708.38924,10.00000,0.00000000;0.00000000;-1.00000000,0
332,3335,390471,0uegOgAsjDrBLfn4efvx1J,吊点加强钢筋_B3:吊点加强钢筋_B3:710268,710268,708.38924,10.00000,0.00000000;0.00000000;-1.00000000,0
333,3415,391383,0uegOgAsjDrBLfn4efvx4d,吊点加强钢筋_B3:吊点加强钢筋_B3:710408,710408,708.38908,10.00000,0.00000000;0.00000000;-1.00000000,0
334,3333,390447,0uegOgAsjDrBLfn4efvx1L,吊点加强钢筋_B3:吊点加强钢筋_B3:710266,710266,708.38908,10.00000,0.00000000;0.00000000;-1.00000000,0
335,3413,391359,0uegOgAsjDrBLfn4efvx4f,吊点加强钢筋_B3:吊点加强钢筋_B3:710406,710406,708.38924,10.00000,0.00000000;0.00000000;-1.00000000,0
336,3273,389090,0uegOgAsjDrBLfn4efvxCV,吊点加强钢筋_B3:吊点加强钢筋_B3:709936,709936,708.38924,10.00000,0.00000000;0.00000000;-1.00000000,0
337,3275,389114,0uegOgAsjDrBLfn4efvxCT,吊点加强钢筋_B3:吊点加强钢筋_B3:709938,709938,708.38908,10.00000,0.00000000;0.00000000;-1.00000000,0
338,3353,390675,0uegOgAsjDrBLfn4efvx2Q,吊点加强钢筋_B3:吊点加强钢筋_B3:710325,710325,708.38908,10.00000,0.00000000;0.00000000;-1.00000000,0
339,3355,390699,0uegOgAsjDrBLfn4efvx2O,吊点加强钢筋_B3:吊点加强钢筋_B3:710327,710327,708.38924,10.00000,0.00000000;0.00000000;-1.00000000,0
340,3274,389102,0uegOgAsjDrBLfn4efvxCU,吊点加强钢筋_B3:吊点加强钢筋_B3:709937,709937,708.38924,10.00000,0.00000000;0.00000000;-1.00000000,0
341,3272,389078,0uegOgAsjDrBLfn4efvxC0,吊点加强钢筋_B3:吊点加强钢筋_B3:709935,709935,708.38908,10.00000,0.00000000;0.00000000;-1.00000000,0
342,3354,390687,0uegOgAsjDrBLfn4efvx2P,吊点加强钢筋_B3:吊点加强钢筋_B3:710326,710326,708.38908,10.00000,0.00000000;0.00000000;-1.00000000,0
343,3352,390663,0uegOgAsjDrBLfn4efvx2R,吊点加强钢筋_B3:吊点加强钢筋_B3:710324,710324,708.38924,10.00000,0.00000000;0.00000000;-1.00000000,0
344,3312,390207,0uegOgAsjDrBLfn4efvx1q,吊点加强钢筋_B3:吊点加强钢筋_B3:710235,710235,708.38924,10.00000,0.00000000;0.00000000;-1.00000000,0
345,3392,391119,0uegOgAsjDrBLfn4efvx31,吊点加强钢筋_B3:吊点加强钢筋_B3:710382,710382,708.38908,10.00000,0.00000000;0.00000000;-1.00000000,0
346,3314,390231,0uegOgAsjDrBLfn4efvx1o,吊点加强钢筋_B3:吊点加强钢筋_B3:710237,710237,708.38908,10.00000,0.00000000;0.00000000;-1.00000000,0
347,3394,391143,0uegOgAsjDrBLfn4efvx3V,吊点加强钢筋_B3:吊点加强钢筋_B3:710384,710384,708.38924,10.00000,0.00000000;0.00000000;-1.00000000,0
348,3315,390243,0uegOgAsjDrBLfn4efvx1n,吊点加强钢筋_B3:吊点加强钢筋_B3:710238,710238,708.38924,10.00000,0.00000000;0.00000000;-1.00000000,0
349,3395,391155,0uegOgAsjDrBLfn4efvx3U,吊点加强钢筋_B3:吊点加强钢筋_B3:710385,710385,708.38908,10.00000,0.00000000;0.00000000;-1.00000000,0
350,3313,390219,0uegOgAsjDrBLfn4efvx1p,吊点加强钢筋_B3:吊点加强钢筋_B3:710236,710236,708.38908,10.00000,0.00000000;0.00000000;-1.00000000,0
351,3393,391131,0uegOgAsjDrBLfn4efvx30,吊点加强钢筋_B3:吊点加强钢筋_B3:710383,710383,708.38924,10.00000,0.00000000;0.00000000;-1.00000000,0
352,1243,183497,0b6PArLq5FShymH3s4v2H_,主梁钢筋_N3:主梁钢筋_N3:633239,633239,3404.94181,8.00000,0.00000000;0.00000000;-1.00000000,0
353,1028,153262,0b6PArLq5FShymH3s4v1B8,主梁钢筋_N3:主梁钢筋_N3:630561,630561,3404.91726,8.00000,0.00000000;0.00000000;-1.00000000,0
354,1249,183563,0b6PArLq5FShymH3s4v2HA,主梁钢筋_N3:主梁钢筋_N3:633251,633251,3404.94181,8.00000,0.00000000;0.00000000;-1.00000000,0
355,1242,183486,0b6PArLq5FShymH3s4v2Hy,主梁钢筋_N3:主梁钢筋_N3:633237,633237,3404.94181,8.00000,0.00000000;0.00000000;-1.00000000,0
356,1027,153251,0b6PArLq5FShymH3s4v1Bt,主梁钢筋_N3:主梁钢筋_N3:630558,630558,3404.91726,8.00000,0.00000000;0.00000000;-1.00000000,0
357,1035,155412,0b6PArLq5FShymH3s4v1AD,主梁钢筋_N3:主梁钢筋_N3:630628,630628,3404.91726,8.00000,0.00000000;0.00000000;-1.00000000,0
358,3196,383942,0q9FEr7U5Cx8pyPBA_Xkft,主梁钢筋_N35:主梁钢筋_N35:695715,695715,555.31798,6.00000,0.00000000;0.00000000;-1.00000000,0
359,3198,383966,0q9FEr7U5Cx8pyPBA_Xkfn,主梁钢筋_N35:主梁钢筋_N35:695717,695717,555.31828,6.00000,0.00000000;0.00000000;-1.00000000,0
360,3204,384038,0q9FEr7U5Cx8pyPBA_Xkfv,主梁钢筋_N35:主梁钢筋_N35:695725,695725,555.31798,6.00000,0.00000000;0.00000000;-1.00000000,0
361,3206,384062,0q9FEr7U5Cx8pyPBA_Xkfx,主梁钢筋_N35:主梁钢筋_N35:695727,695727,555.31828,6.00000,0.00000000;0.00000000;-1.00000000,0
362,3212,384134,0q9FEr7U5Cx8pyPBA_XkfZ,主梁钢筋_N35:主梁钢筋_N35:695735,695735,555.31798,6.00000,0.00000000;0.00000000;-1.00000000,0
363,3214,384158,0q9FEr7U5Cx8pyPBA_Xkfj,主梁钢筋_N35:主梁钢筋_N35:695737,695737,555.31828,6.00000,0.00000000;0.00000000;-1.00000000,0
364,3220,384230,0q9FEr7U5Cx8pyPBA_XkeL,主梁钢筋_N35:主梁钢筋_N35:695745,695745,555.31798,6.00000,0.00000000;0.00000000;-1.00000000,0
365,3222,384254,0q9FEr7U5Cx8pyPBA_XkeN,主梁钢筋_N35:主梁钢筋_N35:695747,695747,555.31828,6.00000,0.00000000;0.00000000;-1.00000000,0
366,3228,384326,0q9FEr7U5Cx8pyPBA_XkeV,主梁钢筋_N35:主梁钢筋_N35:695755,695755,555.31798,6.00000,0.00000000;0.00000000;-1.00000000,0
367,3230,384350,0q9FEr7U5Cx8pyPBA_XkeP,主梁钢筋_N35:主梁钢筋_N35:695757,695757,555.31828,6.00000,0.00000000;0.00000000;-1.00000000,0
368,3236,384422,0q9FEr7U5Cx8pyPBA_Xke1,主梁钢筋_N35:主梁钢筋_N35:695765,695765,555.31798,6.00000,0.00000000;0.00000000;-1.00000000,0
369,3238,384446,0q9FEr7U5Cx8pyPBA_Xke3,主梁钢筋_N35:主梁钢筋_N35:695767,695767,555.31828,6.00000,0.00000000;0.00000000;-1.00000000,0
370,3244,384518,0q9FEr7U5Cx8pyPBA_XkeB,主梁钢筋_N35:主梁钢筋_N35:695775,695775,555.31798,6.00000,0.00000000;0.00000000;-1.00000000,0
371,3246,384542,0q9FEr7U5Cx8pyPBA_Xker,主梁钢筋_N35:主梁钢筋_N35:695777,695777,555.31828,6.00000,0.00000000;0.00000000;-1.00000000,0
372,3252,384614,0q9FEr7U5Cx8pyPBA_Xkez,主梁钢筋_N35:主梁钢筋_N35:695785,695785,555.31798,6.00000,0.00000000;0.00000000;-1.00000000,0
373,3254,384638,0q9FEr7U5Cx8pyPBA_Xke$,主梁钢筋_N35:主梁钢筋_N35:695787,695787,555.31828,6.00000,0.00000000;0.00000000;-1.00000000,0
374,3197,383954,0q9FEr7U5Cx8pyPBA_Xkfm,主梁钢筋_N35:主梁钢筋_N35:695716,695716,555.31798,6.00000,0.00000000;0.00000000;-1.00000000,0
375,3205,384050,0q9FEr7U5Cx8pyPBA_Xkfw,主梁钢筋_N35:主梁钢筋_N35:695726,695726,555.31798,6.00000,0.00000000;0.00000000;-1.00000000,0
376,3213,384146,0q9FEr7U5Cx8pyPBA_Xkfi,主梁钢筋_N35:主梁钢筋_N35:695736,695736,555.31798,6.00000,0.00000000;0.00000000;-1.00000000,0
377,3221,384242,0q9FEr7U5Cx8pyPBA_XkeM,主梁钢筋_N35:主梁钢筋_N35:695746,695746,555.31798,6.00000,0.00000000;0.00000000;-1.00000000,0
378,3229,384338,0q9FEr7U5Cx8pyPBA_XkeO,主梁钢筋_N35:主梁钢筋_N35:695756,695756,555.31798,6.00000,0.00000000;0.00000000;-1.00000000,0
379,3237,384434,0q9FEr7U5Cx8pyPBA_Xke2,主梁钢筋_N35:主梁钢筋_N35:695766,695766,555.31798,6.00000,0.00000000;0.00000000;-1.00000000,0
380,3245,384530,0q9FEr7U5Cx8pyPBA_Xkeq,主梁钢筋_N35:主梁钢筋_N35:695776,695776,555.31798,6.00000,0.00000000;0.00000000;-1.00000000,0
381,3253,384626,0q9FEr7U5Cx8pyPBA_Xke_,主梁钢筋_N35:主梁钢筋_N35:695786,695786,555.31798,6.00000,0.00000000;0.00000000;-1.00000000,0
382,3199,383978,0q9FEr7U5Cx8pyPBA_Xkfo,主梁钢筋_N35:主梁钢筋_N35:695718,695718,555.31828,6.00000,0.00000000;0.00000000;-1.00000000,0
383,3207,384074,0q9FEr7U5Cx8pyPBA_Xkfa,主梁钢筋_N35:主梁钢筋_N35:695728,695728,555.31828,6.00000,0.00000000;0.00000000;-1.00000000,0
384,3215,384170,0q9FEr7U5Cx8pyPBA_Xkfk,主梁钢筋_N35:主梁钢筋_N35:695738,695738,555.31828,6.00000,0.00000000;0.00000000;-1.00000000,0
385,3223,384266,0q9FEr7U5Cx8pyPBA_XkeG,主梁钢筋_N35:主梁钢筋_N35:695748,695748,555.31828,6.00000,0.00000000;0.00000000;-1.00000000,0
386,3231,384362,0q9FEr7U5Cx8pyPBA_XkeQ,主梁钢筋_N35:主梁钢筋_N35:695758,695758,555.31828,6.00000,0.00000000;0.00000000;-1.00000000,0
387,3239,384458,0q9FEr7U5Cx8pyPBA_XkeC,主梁钢筋_N35:主梁钢筋_N35:695768,695768,555.31828,6.00000,0.00000000;0.00000000;-1.00000000,0
388,3247,384554,0q9FEr7U5Cx8pyPBA_Xkes,主梁钢筋_N35:主梁钢筋_N35:695778,695778,555.31828,6.00000,0.00000000;0.00000000;-1.00000000,0
389,3255,384650,0q9FEr7U5Cx8pyPBA_Xkeu,主梁钢筋_N35:主梁钢筋_N35:695788,695788,555.31828,6.00000,0.00000000;0.00000000;-1.00000000,0
390,3191,383882,0q9FEr7U5Cx8pyPBA_XkfT,主梁钢筋_N35:主梁钢筋_N35:695689,695689,555.31798,6.00000,0.00000000;0.00000000;-1.00000000,0
391,3183,383786,0q9FEr7U5Cx8pyPBA_Xkgd,主梁钢筋_N35:主梁钢筋_N35:695667,695667,555.31798,6.00000,0.00000000;0.00000000;-1.00000000,0
392,3175,383690,0q9FEr7U5Cx8pyPBA_XkgB,主梁钢筋_N35:主梁钢筋_N35:695647,695647,555.31798,6.00000,0.00000000;0.00000000;-1.00000000,0
393,3167,383594,0q9FEr7U5Cx8pyPBA_XkgP,主梁钢筋_N35:主梁钢筋_N35:695629,695629,555.31798,6.00000,0.00000000;0.00000000;-1.00000000,0
394,3159,383498,0q9FEr7U5Cx8pyPBA_XkhZ,主梁钢筋_N35:主梁钢筋_N35:695607,695607,555.31798,6.00000,0.00000000;0.00000000;-1.00000000,0
395,3151,383402,0q9FEr7U5Cx8pyPBA_XkhE,主梁钢筋_N35:主梁钢筋_N35:695578,695578,555.31798,6.00000,0.00000000;0.00000000;-1.00000000,0
396,3143,383306,0q9FEr7U5Cx8pyPBA_XkhU,主梁钢筋_N35:主梁钢筋_N35:695562,695562,555.31798,6.00000,0.00000000;0.00000000;-1.00000000,0
397,3135,383210,0q9FEr7U5Cx8pyPBA_XkiP,主梁钢筋_N35:主梁钢筋_N35:695501,695501,555.31798,6.00000,0.00000000;0.00000000;-1.00000000,0
398,3189,383858,0q9FEr7U5Cx8pyPBA_XkfJ,主梁钢筋_N35:主梁钢筋_N35:695687,695687,555.31828,6.00000,0.00000000;0.00000000;-1.00000000,0
399,3181,383762,0q9FEr7U5Cx8pyPBA_Xkgb,主梁钢筋_N35:主梁钢筋_N35:695665,695665,555.31828,6.00000,0.00000000;0.00000000;-1.00000000,0
400,3173,383666,0q9FEr7U5Cx8pyPBA_Xkg9,主梁钢筋_N35:主梁钢筋_N35:695645,695645,555.31828,6.00000,0.00000000;0.00000000;-1.00000000,0
401,3165,383570,0q9FEr7U5Cx8pyPBA_XkgV,主梁钢筋_N35:主梁钢筋_N35:695627,695627,555.31828,6.00000,0.00000000;0.00000000;-1.00000000,0
402,3157,383474,0q9FEr7U5Cx8pyPBA_XkhX,主梁钢筋_N35:主梁钢筋_N35:695605,695605,555.31828,6.00000,0.00000000;0.00000000;-1.00000000,0
403,3149,383378,0q9FEr7U5Cx8pyPBA_XkhC,主梁钢筋_N35:主梁钢筋_N35:695576,695576,555.31828,6.00000,0.00000000;0.00000000;-1.00000000,0
404,3141,383282,0q9FEr7U5Cx8pyPBA_XkhS,主梁钢筋_N35:主梁钢筋_N35:695560,695560,555.31828,6.00000,0.00000000;0.00000000;-1.00000000,0
405,3133,383186,0q9FEr7U5Cx8pyPBA_XkiV,主梁钢筋_N35:主梁钢筋_N35:695499,695499,555.31828,6.00000,0.00000000;0.00000000;-1.00000000,0
406,3190,383870,0q9FEr7U5Cx8pyPBA_XkfS,主梁钢筋_N35:主梁钢筋_N35:695688,695688,555.31798,6.00000,0.00000000;0.00000000;-1.00000000,0
407,3188,383846,0q9FEr7U5Cx8pyPBA_XkfI,主梁钢筋_N35:主梁钢筋_N35:695686,695686,555.31828,6.00000,0.00000000;0.00000000;-1.00000000,0
408,3182,383774,0q9FEr7U5Cx8pyPBA_Xkgc,主梁钢筋_N35:主梁钢筋_N35:695666,695666,555.31798,6.00000,0.00000000;0.00000000;-1.00000000,0
409,3180,383750,0q9FEr7U5Cx8pyPBA_Xkga,主梁钢筋_N35:主梁钢筋_N35:695664,695664,555.31828,6.00000,0.00000000;0.00000000;-1.00000000,0
410,3174,383678,0q9FEr7U5Cx8pyPBA_XkgA,主梁钢筋_N35:主梁钢筋_N35:695646,695646,555.31798,6.00000,0.00000000;0.00000000;-1.00000000,0
411,3172,383654,0q9FEr7U5Cx8pyPBA_Xkg8,主梁钢筋_N35:主梁钢筋_N35:695644,695644,555.31828,6.00000,0.00000000;0.00000000;-1.00000000,0
412,3166,383582,0q9FEr7U5Cx8pyPBA_XkgO,主梁钢筋_N35:主梁钢筋_N35:695628,695628,555.31798,6.00000,0.00000000;0.00000000;-1.00000000,0
413,3164,383558,0q9FEr7U5Cx8pyPBA_XkgU,主梁钢筋_N35:主梁钢筋_N35:695626,695626,555.31828,6.00000,0.00000000;0.00000000;-1.00000000,0
414,3158,383486,0q9FEr7U5Cx8pyPBA_XkhY,主梁钢筋_N35:主梁钢筋_N35:695606,695606,555.31798,6.00000,0.00000000;0.00000000;-1.00000000,0
415,3156,383462,0q9FEr7U5Cx8pyPBA_XkhW,主梁钢筋_N35:主梁钢筋_N35:695604,695604,555.31828,6.00000,0.00000000;0.00000000;-1.00000000,0
416,3150,383390,0q9FEr7U5Cx8pyPBA_XkhD,主梁钢筋_N35:主梁钢筋_N35:695577,695577,555.31798,6.00000,0.00000000;0.00000000;-1.00000000,0
417,3148,383366,0q9FEr7U5Cx8pyPBA_Xkh3,主梁钢筋_N35:主梁钢筋_N35:695575,695575,555.31828,6.00000,0.00000000;0.00000000;-1.00000000,0
418,3142,383294,0q9FEr7U5Cx8pyPBA_XkhT,主梁钢筋_N35:主梁钢筋_N35:695561,695561,555.31798,6.00000,0.00000000;0.00000000;-1.00000000,0
419,3140,383270,0q9FEr7U5Cx8pyPBA_XkhJ,主梁钢筋_N35:主梁钢筋_N35:695559,695559,555.31828,6.00000,0.00000000;0.00000000;-1.00000000,0
420,3134,383198,0q9FEr7U5Cx8pyPBA_XkiO,主梁钢筋_N35:主梁钢筋_N35:695500,695500,555.31798,6.00000,0.00000000;0.00000000;-1.00000000,0
421,3132,383174,0q9FEr7U5Cx8pyPBA_XkiU,主梁钢筋_N35:主梁钢筋_N35:695498,695498,555.31828,6.00000,0.00000000;0.00000000;-1.00000000,0
422,1241,183475,0b6PArLq5FShymH3s4v2Hw,主梁钢筋_N3:主梁钢筋_N3:633235,633235,3404.94181,8.00000,0.00000000;0.00000000;-1.00000000,0
423,1026,153240,0b6PArLq5FShymH3s4v1Bo,主梁钢筋_N3:主梁钢筋_N3:630555,630555,3404.91726,8.00000,0.00000000;0.00000000;-1.00000000,0
424,1240,183464,0b6PArLq5FShymH3s4v2Hu,主梁钢筋_N3:主梁钢筋_N3:633233,633233,3404.94181,8.00000,0.00000000;0.00000000;-1.00000000,0
425,1025,153229,0b6PArLq5FShymH3s4v1Bn,主梁钢筋_N3:主梁钢筋_N3:630552,630552,3404.91726,8.00000,0.00000000;0.00000000;-1.00000000,0
426,1239,183453,0b6PArLq5FShymH3s4v2Hc,主梁钢筋_N3:主梁钢筋_N3:633231,633231,3404.94181,8.00000,0.00000000;0.00000000;-1.00000000,0
427,1024,153218,0b6PArLq5FShymH3s4v1By,主梁钢筋_N3:主梁钢筋_N3:630549,630549,3404.91726,8.00000,0.00000000;0.00000000;-1.00000000,0
428,1248,183552,0b6PArLq5FShymH3s4v2H8,主梁钢筋_N3:主梁钢筋_N3:633249,633249,3404.94181,8.00000,0.00000000;0.00000000;-1.00000000,0
429,1238,183442,0b6PArLq5FShymH3s4v2Ha,主梁钢筋_N3:主梁钢筋_N3:633229,633229,3404.94181,8.00000,0.00000000;0.00000000;-1.00000000,0
430,1023,153207,0b6PArLq5FShymH3s4v1Bx,主梁钢筋_N3:主梁钢筋_N3:630546,630546,3404.91726,8.00000,0.00000000;0.00000000;-1.00000000,0
431,1034,155401,0b6PArLq5FShymH3s4v1Az,主梁钢筋_N3:主梁钢筋_N3:630612,630612,3404.91726,8.00000,0.00000000;0.00000000;-1.00000000,0
432,1237,183431,0b6PArLq5FShymH3s4v2HY,主梁钢筋_N3:主梁钢筋_N3:633227,633227,3404.94181,8.00000,0.00000000;0.00000000;-1.00000000,0
433,1022,153196,0b6PArLq5FShymH3s4v1Bc,主梁钢筋_N3:主梁钢筋_N3:630543,630543,3404.91726,8.00000,0.00000000;0.00000000;-1.00000000,0
434,1236,183420,0b6PArLq5FShymH3s4v2HW,主梁钢筋_N3:主梁钢筋_N3:633225,633225,3404.94181,8.00000,0.00000000;0.00000000;-1.00000000,0
435,1021,153185,0b6PArLq5FShymH3s4v1Bb,主梁钢筋_N3:主梁钢筋_N3:630540,630540,3404.91726,8.00000,0.00000000;0.00000000;-1.00000000,0
436,1235,183409,0b6PArLq5FShymH3s4v2Hk,主梁钢筋_N3:主梁钢筋_N3:633223,633223,3404.94181,8.00000,0.00000000;0.00000000;-1.00000000,0
437,1020,153174,0b6PArLq5FShymH3s4v1BW,主梁钢筋_N3:主梁钢筋_N3:630537,630537,3404.91726,8.00000,0.00000000;0.00000000;-1.00000000,0
438,297,116102,03ROboBXj84foxBMwZdeu$,主梁钢筋_N10:主梁钢筋_N10:622485,622485,32530.00000,6.00000,0.00000000;0.00000000;-1.00000000,0
439,324,134157,03ROboBXj84foxBMwZddCW,主梁钢筋_N10:主梁钢筋_N10:623242,623242,32530.00000,6.00000,0.00000000;0.00000000;-1.00000000,0
440,1919,246474,30PFXlq2zChewjB6bEViAJ,主梁钢筋_N10d:主梁钢筋_N10d:665817,665817,2561.23195,6.00000,0.00000000;0.00000000;-1.00000000,0
441,1903,246298,30PFXlq2zChewjB6bEVi8C,主梁钢筋_N10d:主梁钢筋_N10d:665670,665670,2561.23195,6.00000,0.00000000;0.00000000;-1.00000000,0
442,1920,246485,30PFXlq2zChewjB6bEViAG,主梁钢筋_N10d:主梁钢筋_N10d:665818,665818,2561.23195,6.00000,0.00000000;0.00000000;-1.00000000,0
443,1904,246309,30PFXlq2zChewjB6bEVi8D,主梁钢筋_N10d:主梁钢筋_N10d:665671,665671,2561.23195,6.00000,0.00000000;0.00000000;-1.00000000,0
444,296,116091,03ROboBXj84foxBMwZdeuc,主梁钢筋_N10:主梁钢筋_N10:622476,622476,32530.00000,6.00000,0.00000000;0.00000000;-1.00000000,0
445,323,134146,03ROboBXj84foxBMwZddCY,主梁钢筋_N10:主梁钢筋_N10:623240,623240,32530.00000,6.00000,0.00000000;0.00000000;-1.00000000,0
446,1247,183541,0b6PArLq5FShymH3s4v2Hs,主梁钢筋_N3:主梁钢筋_N3:633247,633247,3404.94181,8.00000,0.00000000;0.00000000;-1.00000000,0
447,1234,183398,0b6PArLq5FShymH3s4v2Hi,主梁钢筋_N3:主梁钢筋_N3:633221,633221,3404.94181,8.00000,0.00000000;0.00000000;-1.00000000,0
448,1019,153163,0b6PArLq5FShymH3s4v1CQ,主梁钢筋_N3:主梁钢筋_N3:630515,630515,3404.91726,8.00000,0.00000000;0.00000000;-1.00000000,0
449,1033,155390,0b6PArLq5FShymH3s4v1BU,主梁钢筋_N3:主梁钢筋_N3:630583,630583,3404.91726,8.00000,0.00000000;0.00000000;-1.00000000,0
450,295,116080,03ROboBXj84foxBMwZdeuf,主梁钢筋_N10:主梁钢筋_N10:622467,622467,32530.00000,6.00000,0.00000000;0.00000000;-1.00000000,0
451,322,134135,03ROboBXj84foxBMwZddCi,主梁钢筋_N10:主梁钢筋_N10:623238,623238,32530.00000,6.00000,0.00000000;0.00000000;-1.00000000,0
452,293,112235,03ROboBXj84foxBMwZdexR,主梁钢筋_N10:主梁钢筋_N10:622449,622449,32530.00000,6.00000,0.00000000;0.00000000;-1.00000000,0
453,320,130291,03ROboBXj84foxBMwZddCe,主梁钢筋_N10:主梁钢筋_N10:623234,623234,32530.00000,6.00000,0.00000000;0.00000000;-1.00000000,0
454,294,116068,03ROboBXj84foxBMwZdexM,主梁钢筋_N10c:主梁钢筋_N10c:622460,622460,4452.05212,6.00000,0.00000000;0.00000000;-1.00000000,0
455,1893,241015,30PFXlq2zChewjB6bEVisS,主梁钢筋_N10c:主梁钢筋_N10c:665558,665558,4452.05212,6.00000,0.00000000;0.00000000;-1.00000000,0
456,1897,241059,30PFXlq2zChewjB6bEVisp,主梁钢筋_N10c:主梁钢筋_N10c:665593,665593,4452.05212,6.00000,0.00000000;0.00000000;-1.00000000,0
457,1905,246320,30PFXlq2zChewjB6bEViAA,主梁钢筋_N10c:主梁钢筋_N10c:665792,665792,4452.05212,6.00000,0.00000000;0.00000000;-1.00000000,0
458,1922,246507,30PFXlq2zChewjB6bEViAM,主梁钢筋_N10c:主梁钢筋_N10c:665820,665820,4452.05212,6.00000,0.00000000;0.00000000;-1.00000000,0
459,1914,246419,30PFXlq2zChewjB6bEViAU,主梁钢筋_N10c:主梁钢筋_N10c:665812,665812,4452.05212,6.00000,0.00000000;0.00000000;-1.00000000,0
460,1910,246375,30PFXlq2zChewjB6bEViAQ,主梁钢筋_N10c:主梁钢筋_N10c:665808,665808,4452.05212,6.00000,0.00000000;0.00000000;-1.00000000,0
461,1921,246496,30PFXlq2zChewjB6bEViAH,主梁钢筋_N10c:主梁钢筋_N10c:665819,665819,4452.05277,6.00000,0.00000000;0.00000000;-1.00000000,0
462,1913,246408,30PFXlq2zChewjB6bEViAP,主梁钢筋_N10c:主梁钢筋_N10c:665811,665811,4452.05277,6.00000,0.00000000;0.00000000;-1.00000000,0
463,1909,246364,30PFXlq2zChewjB6bEViA5,主梁钢筋_N10c:主梁钢筋_N10c:665807,665807,4452.05277,6.00000,0.00000000;0.00000000;-1.00000000,0
464,321,134124,03ROboBXj84foxBMwZddCk,主梁钢筋_N10c:主梁钢筋_N10c:623236,623236,4452.05277,6.00000,0.00000000;0.00000000;-1.00000000,0
465,1894,241026,30PFXlq2zChewjB6bEVisI,主梁钢筋_N10c:主梁钢筋_N10c:665560,665560,4452.05277,6.00000,0.00000000;0.00000000;-1.00000000,0
466,1898,241070,30PFXlq2zChewjB6bEVism,主梁钢筋_N10c:主梁钢筋_N10c:665594,665594,4452.05277,6.00000,0.00000000;0.00000000;-1.00000000,0
467,1906,246331,30PFXlq2zChewjB6bEViAB,主梁钢筋_N10c:主梁钢筋_N10c:665793,665793,4452.05277,6.00000,0.00000000;0.00000000;-1.00000000,0
468,1923,246518,30PFXlq2zChewjB6bEViAN,主梁钢筋_N10c:主梁钢筋_N10c:665821,665821,4452.05277,6.00000,0.00000000;0.00000000;-1.00000000,0
469,1915,246430,30PFXlq2zChewjB6bEViAV,主梁钢筋_N10c:主梁钢筋_N10c:665813,665813,4452.05277,6.00000,0.00000000;0.00000000;-1.00000000,0
470,1899,241081,30PFXlq2zChewjB6bEVisn,主梁钢筋_N10c:主梁钢筋_N10c:665595,665595,4452.05212,6.00000,0.00000000;0.00000000;-1.00000000,0
471,1907,246342,30PFXlq2zChewjB6bEViA8,主梁钢筋_N10c:主梁钢筋_N10c:665794,665794,4452.05212,6.00000,0.00000000;0.00000000;-1.00000000,0
472,1911,246386,30PFXlq2zChewjB6bEViAR,主梁钢筋_N10c:主梁钢筋_N10c:665809,665809,4452.05277,6.00000,0.00000000;0.00000000;-1.00000000,0
473,1861,234877,226IH29Rv9RAUPmQtypW4V,主梁钢筋_N10c:主梁钢筋_N10c:653084,653084,4452.05212,6.00000,0.00000000;0.00000000;-1.00000000,0
474,1895,241037,30PFXlq2zChewjB6bEVisG,主梁钢筋_N10c:主梁钢筋_N10c:665562,665562,4452.05212,6.00000,0.00000000;0.00000000;-1.00000000,0
475,1924,246529,30PFXlq2zChewjB6bEViAK,主梁钢筋_N10c:主梁钢筋_N10c:665822,665822,4452.05212,6.00000,0.00000000;0.00000000;-1.00000000,0
476,1916,246441,30PFXlq2zChewjB6bEViAS,主梁钢筋_N10c:主梁钢筋_N10c:665814,665814,4452.05212,6.00000,0.00000000;0.00000000;-1.00000000,0
477,1900,241092,30PFXlq2zChewjB6bEViss,主梁钢筋_N10c:主梁钢筋_N10c:665596,665596,4452.05277,6.00000,0.00000000;0.00000000;-1.00000000,0
478,1908,246353,30PFXlq2zChewjB6bEViA9,主梁钢筋_N10c:主梁钢筋_N10c:665795,665795,4452.05277,6.00000,0.00000000;0.00000000;-1.00000000,0
479,1912,246397,30PFXlq2zChewjB6bEViAO,主梁钢筋_N10c:主梁钢筋_N10c:665810,665810,4452.05212,6.00000,0.00000000;0.00000000;-1.00000000,0
480,1874,235020,226IH29Rv9RAUPmQtypWuL,主梁钢筋_N10c:主梁钢筋_N10c:653334,653334,4452.05277,6.00000,0.00000000;0.00000000;-1.00000000,0
481,1896,241048,30PFXlq2zChewjB6bEVisM,主梁钢筋_N10c:主梁钢筋_N10c:665564,665564,4452.05277,6.00000,0.00000000;0.00000000;-1.00000000,0
482,1917,246452,30PFXlq2zChewjB6bEViAT,主梁钢筋_N10d:主梁钢筋_N10d:665815,665815,2561.23195,6.00000,0.00000000;0.00000000;-1.00000000,0
483,1901,243689,30PFXlq2zChewjB6bEVi8E,主梁钢筋_N10d:主梁钢筋_N10d:665668,665668,2561.23195,6.00000,0.00000000;0.00000000;-1.00000000,0
484,1918,246463,30PFXlq2zChewjB6bEViAI,主梁钢筋_N10d:主梁钢筋_N10d:665816,665816,2561.23195,6.00000,0.00000000;0.00000000;-1.00000000,0
485,1902,246287,30PFXlq2zChewjB6bEVi8F,主梁钢筋_N10d:主梁钢筋_N10d:665669,665669,2561.23195,6.00000,0.00000000;0.00000000;-1.00000000,0
486,1852,218507,3BIqEjFG12wOgqn$$HWN6T,主梁钢筋_N4:主梁钢筋_N4:640526,640526,3729.52525,9.00000,0.00000000;0.00000000;-1.00000000,0
487,1851,218496,3BIqEjFG12wOgqn$$HWN6U,主梁钢筋_N4:主梁钢筋_N4:640525,640525,3729.52525,9.00000,0.00000000;0.00000000;-1.00000000,0
488,1064,165503,0b6PArLq5FShymH3s4v2qg,主梁钢筋_N4:主梁钢筋_N4:630979,630979,3729.49656,9.00000,0.00000000;0.00000000;-1.00000000,0
489,1065,165515,0b6PArLq5FShymH3s4v2qj,主梁钢筋_N4:主梁钢筋_N4:630980,630980,3729.49656,9.00000,0.00000000;0.00000000;-1.00000000,0
490,1233,183387,0b6PArLq5FShymH3s4v2Hg,主梁钢筋_N3:主梁钢筋_N3:633219,633219,3404.94181,8.00000,0.00000000;0.00000000;-1.00000000,0
491,1018,153152,0b6PArLq5FShymH3s4v13s,主梁钢筋_N3:主梁钢筋_N3:630047,630047,3404.91726,8.00000,0.00000000;0.00000000;-1.00000000,0
492,2977,344036,3qlyKYfH9E9fgTzD5PQCbZ,主梁钢筋_N22:主梁钢筋_N22:684938,684938,492.09258,6.00000,0.00000000;0.00000000;-1.00000000,0
493,3016,353349,3qlyKYfH9E9fgTzD5PQCaV,主梁钢筋_N22:主梁钢筋_N22:685046,685046,492.09214,6.00000,0.00000000;0.00000000;-1.00000000,0
494,2959,322252,3qlyKYfH9E9fgTzD5PQDN7,主梁钢筋_N22:主梁钢筋_N22:683822,683822,492.09214,6.00000,0.00000000;0.00000000;-1.00000000,0
495,2998,353151,3qlyKYfH9E9fgTzD5PQCaA,主梁钢筋_N22:主梁钢筋_N22:685027,685027,492.09258,6.00000,0.00000000;0.00000000;-1.00000000,0
496,3011,353294,3qlyKYfH9E9fgTzD5PQCaO,主梁钢筋_N22:主梁钢筋_N22:685041,685041,468.31093,6.00000,0.00000000;0.00000000;-1.00000000,0
497,2953,314450,3qlyKYfH9E9fgTzD5PQDNo,主梁钢筋_N22:主梁钢筋_N22:683803,683803,468.31093,6.00000,0.00000000;0.00000000;-1.00000000,0
498,2972,337533,3qlyKYfH9E9fgTzD5PQCbg,主梁钢筋_N22:主梁钢筋_N22:684931,684931,468.31093,6.00000,0.00000000;0.00000000;-1.00000000,0
499,2992,351797,3qlyKYfH9E9fgTzD5PQCao,主梁钢筋_N22:主梁钢筋_N22:685019,685019,468.31093,6.00000,0.00000000;0.00000000;-1.00000000,0
500,2967,331158,3qlyKYfH9E9fgTzD5PQCcL,主梁钢筋_N22:主梁钢筋_N22:684924,684924,396.19254,6.00000,0.00000000;0.00000000;-1.00000000,0
501,2986,350453,3qlyKYfH9E9fgTzD5PQCaw,主梁钢筋_N22:主梁钢筋_N22:685011,685011,396.19254,6.00000,0.00000000;0.00000000;-1.00000000,0
502,3006,353239,3qlyKYfH9E9fgTzD5PQCa5,主梁钢筋_N22:主梁钢筋_N22:685036,685036,396.19254,6.00000,0.00000000;0.00000000;-1.00000000,0
503,2947,306786,3qlyKYfH9E9fgTzD5PQDUj,主梁钢筋_N22:主梁钢筋_N22:683332,683332,396.19254,6.00000,0.00000000;0.00000000;-1.00000000,0
504,292,112224,03ROboBXj84foxBMwZdex2,主梁钢筋_N10:主梁钢筋_N10:622440,622440,32530.00000,6.00000,0.00000000;0.00000000;-1.00000000,0
505,319,130280,03ROboBXj84foxBMwZddCg,主梁钢筋_N10:主梁钢筋_N10:623232,623232,32530.00000,6.00000,0.00000000;0.00000000;-1.00000000,0
506,291,112213,03ROboBXj84foxBMwZdexr,主梁钢筋_N10:主梁钢筋_N10:622431,622431,32530.00000,6.00000,0.00000000;0.00000000;-1.00000000,0
507,318,130269,03ROboBXj84foxBMwZddFK,主梁钢筋_N10:主梁钢筋_N10:623230,623230,32530.00000,6.00000,0.00000000;0.00000000;-1.00000000,0
508,1232,183376,0b6PArLq5FShymH3s4v2He,主梁钢筋_N3:主梁钢筋_N3:633217,633217,3404.94181,8.00000,0.00000000;0.00000000;-1.00000000,0
509,1229,183343,0b6PArLq5FShymH3s4v2II,主梁钢筋_N3:主梁钢筋_N3:633211,633211,3404.94181,8.00000,0.00000000;0.00000000;-1.00000000,0
510,1231,183365,0b6PArLq5FShymH3s4v2IM,主梁钢筋_N3:主梁钢筋_N3:633215,633215,3404.94181,8.00000,0.00000000;0.00000000;-1.00000000,0
511,1230,183354,0b6PArLq5FShymH3s4v2IK,主梁钢筋_N3:主梁钢筋_N3:633213,633213,3404.94181,8.00000,0.00000000;0.00000000;-1.00000000,0
512,1228,183332,0b6PArLq5FShymH3s4v2IG,主梁钢筋_N3:主梁钢筋_N3:633209,633209,3404.94181,8.00000,0.00000000;0.00000000;-1.00000000,0
513,1227,183321,0b6PArLq5FShymH3s4v2IU,主梁钢筋_N3:主梁钢筋_N3:633207,633207,3404.94181,8.00000,0.00000000;0.00000000;-1.00000000,0
514,1224,183288,0b6PArLq5FShymH3s4v2IO,主梁钢筋_N3:主梁钢筋_N3:633201,633201,3404.94181,8.00000,0.00000000;0.00000000;-1.00000000,0
515,1226,183310,0b6PArLq5FShymH3s4v2IS,主梁钢筋_N3:主梁钢筋_N3:633205,633205,3404.94181,8.00000,0.00000000;0.00000000;-1.00000000,0
516,1225,183299,0b6PArLq5FShymH3s4v2IQ,主梁钢筋_N3:主梁钢筋_N3:633203,633203,3404.94181,8.00000,0.00000000;0.00000000;-1.00000000,0
517,1223,183277,0b6PArLq5FShymH3s4v2I6,主梁钢筋_N3:主梁钢筋_N3:633199,633199,3404.94181,8.00000,0.00000000;0.00000000;-1.00000000,0
518,1222,183266,0b6PArLq5FShymH3s4v2I4,主梁钢筋_N3:主梁钢筋_N3:633197,633197,3404.94181,8.00000,0.00000000;0.00000000;-1.00000000,0
519,1219,183233,0b6PArLq5FShymH3s4v2IE,主梁钢筋_N3:主梁钢筋_N3:633191,633191,3404.94181,8.00000,0.00000000;0.00000000;-1.00000000,0
520,1221,183255,0b6PArLq5FShymH3s4v2I2,主梁钢筋_N3:主梁钢筋_N3:633195,633195,3404.94181,8.00000,0.00000000;0.00000000;-1.00000000,0
521,1220,183244,0b6PArLq5FShymH3s4v2I0,主梁钢筋_N3:主梁钢筋_N3:633193,633193,3404.94181,8.00000,0.00000000;0.00000000;-1.00000000,0
522,1218,183222,0b6PArLq5FShymH3s4v2IC,主梁钢筋_N3:主梁钢筋_N3:633189,633189,3404.94181,8.00000,0.00000000;0.00000000;-1.00000000,0
523,1217,183211,0b6PArLq5FShymH3s4v2IA,主梁钢筋_N3:主梁钢筋_N3:633187,633187,3404.94181,8.00000,0.00000000;0.00000000;-1.00000000,0
524,1214,183178,0b6PArLq5FShymH3s4v2Iq,主梁钢筋_N3:主梁钢筋_N3:633181,633181,3404.94181,8.00000,0.00000000;0.00000000;-1.00000000,0
525,1216,183200,0b6PArLq5FShymH3s4v2I8,主梁钢筋_N3:主梁钢筋_N3:633185,633185,3404.94181,8.00000,0.00000000;0.00000000;-1.00000000,0
526,1215,183189,0b6PArLq5FShymH3s4v2Is,主梁钢筋_N3:主梁钢筋_N3:633183,633183,3404.94181,8.00000,0.00000000;0.00000000;-1.00000000,0
527,1213,183167,0b6PArLq5FShymH3s4v2Io,主梁钢筋_N3:主梁钢筋_N3:633179,633179,3404.94181,8.00000,0.00000000;0.00000000;-1.00000000,0
528,1212,183156,0b6PArLq5FShymH3s4v2Im,主梁钢筋_N3:主梁钢筋_N3:633177,633177,3404.94181,8.00000,0.00000000;0.00000000;-1.00000000,0
529,1209,183123,0b6PArLq5FShymH3s4v2Iw,主梁钢筋_N3:主梁钢筋_N3:633171,633171,3404.94181,8.00000,0.00000000;0.00000000;-1.00000000,0
530,1208,183112,0b6PArLq5FShymH3s4v2Iu,主梁钢筋_N3:主梁钢筋_N3:633169,633169,3404.94181,8.00000,0.00000000;0.00000000;-1.00000000,0
531,1211,183145,0b6PArLq5FShymH3s4v2I_,主梁钢筋_N3:主梁钢筋_N3:633175,633175,3404.94181,8.00000,0.00000000;0.00000000;-1.00000000,0
532,1210,183134,0b6PArLq5FShymH3s4v2Iy,主梁钢筋_N3:主梁钢筋_N3:633173,633173,3404.94181,8.00000,0.00000000;0.00000000;-1.00000000,0
533,1207,183101,0b6PArLq5FShymH3s4v2Ic,主梁钢筋_N3:主梁钢筋_N3:633167,633167,3404.94181,8.00000,0.00000000;0.00000000;-1.00000000,0
534,1204,183068,0b6PArLq5FShymH3s4v2IW,主梁钢筋_N3:主梁钢筋_N3:633161,633161,3404.94181,8.00000,0.00000000;0.00000000;-1.00000000,0
535,1206,183090,0b6PArLq5FShymH3s4v2Ia,主梁钢筋_N3:主梁钢筋_N3:633165,633165,3404.94181,8.00000,0.00000000;0.00000000;-1.00000000,0
536,1205,183079,0b6PArLq5FShymH3s4v2IY,主梁钢筋_N3:主梁钢筋_N3:633163,633163,3404.94181,8.00000,0.00000000;0.00000000;-1.00000000,0
537,1203,183057,0b6PArLq5FShymH3s4v2Ik,主梁钢筋_N3:主梁钢筋_N3:633159,633159,3404.94181,8.00000,0.00000000;0.00000000;-1.00000000,0
538,1202,183046,0b6PArLq5FShymH3s4v2Ii,主梁钢筋_N3:主梁钢筋_N3:633157,633157,3404.94181,8.00000,0.00000000;0.00000000;-1.00000000,0
539,1199,183013,0b6PArLq5FShymH3s4v2JM,主梁钢筋_N3:主梁钢筋_N3:633151,633151,3404.94181,8.00000,0.00000000;0.00000000;-1.00000000,0
540,1201,183035,0b6PArLq5FShymH3s4v2Ig,主梁钢筋_N3:主梁钢筋_N3:633155,633155,3404.94181,8.00000,0.00000000;0.00000000;-1.00000000,0
541,1200,183024,0b6PArLq5FShymH3s4v2Ie,主梁钢筋_N3:主梁钢筋_N3:633153,633153,3404.94181,8.00000,0.00000000;0.00000000;-1.00000000,0
542,1198,183002,0b6PArLq5FShymH3s4v2JK,主梁钢筋_N3:主梁钢筋_N3:633149,633149,3404.94181,8.00000,0.00000000;0.00000000;-1.00000000,0
543,1197,182991,0b6PArLq5FShymH3s4v2JI,主梁钢筋_N3:主梁钢筋_N3:633147,633147,3404.94181,8.00000,0.00000000;0.00000000;-1.00000000,0
544,1194,182958,0b6PArLq5FShymH3s4v2JS,主梁钢筋_N3:主梁钢筋_N3:633141,633141,3404.94181,8.00000,0.00000000;0.00000000;-1.00000000,0
545,1196,182980,0b6PArLq5FShymH3s4v2JG,主梁钢筋_N3:主梁钢筋_N3:633145,633145,3404.94181,8.00000,0.00000000;0.00000000;-1.00000000,0
546,1195,182969,0b6PArLq5FShymH3s4v2JU,主梁钢筋_N3:主梁钢筋_N3:633143,633143,3404.94181,8.00000,0.00000000;0.00000000;-1.00000000,0
547,1193,182947,0b6PArLq5FShymH3s4v2JQ,主梁钢筋_N3:主梁钢筋_N3:633139,633139,3404.94181,8.00000,0.00000000;0.00000000;-1.00000000,0
548,1192,182936,0b6PArLq5FShymH3s4v2JO,主梁钢筋_N3:主梁钢筋_N3:633137,633137,3404.94181,8.00000,0.00000000;0.00000000;-1.00000000,0
549,1189,182903,0b6PArLq5FShymH3s4v2J2,主梁钢筋_N3:主梁钢筋_N3:633131,633131,3404.94181,8.00000,0.00000000;0.00000000;-1.00000000,0
550,1191,182925,0b6PArLq5FShymH3s4v2J6,主梁钢筋_N3:主梁钢筋_N3:633135,633135,3404.94181,8.00000,0.00000000;0.00000000;-1.00000000,0
551,1190,182914,0b6PArLq5FShymH3s4v2J4,主梁钢筋_N3:主梁钢筋_N3:633133,633133,3404.94181,8.00000,0.00000000;0.00000000;-1.00000000,0
552,1188,182892,0b6PArLq5FShymH3s4v2J0,主梁钢筋_N3:主梁钢筋_N3:633129,633129,3404.94181,8.00000,0.00000000;0.00000000;-1.00000000,0
553,1187,182881,0b6PArLq5FShymH3s4v2JE,主梁钢筋_N3:主梁钢筋_N3:633127,633127,3404.94181,8.00000,0.00000000;0.00000000;-1.00000000,0
554,1184,182848,0b6PArLq5FShymH3s4v2J8,主梁钢筋_N3:主梁钢筋_N3:633121,633121,3404.94181,8.00000,0.00000000;0.00000000;-1.00000000,0
555,1186,182870,0b6PArLq5FShymH3s4v2JC,主梁钢筋_N3:主梁钢筋_N3:633125,633125,3404.94181,8.00000,0.00000000;0.00000000;-1.00000000,0
556,1185,182859,0b6PArLq5FShymH3s4v2JA,主梁钢筋_N3:主梁钢筋_N3:633123,633123,3404.94181,8.00000,0.00000000;0.00000000;-1.00000000,0
557,1183,182837,0b6PArLq5FShymH3s4v2Js,主梁钢筋_N3:主梁钢筋_N3:633119,633119,3404.94181,8.00000,0.00000000;0.00000000;-1.00000000,0
558,1182,182826,0b6PArLq5FShymH3s4v2Jq,主梁钢筋_N3:主梁钢筋_N3:633117,633117,3404.94181,8.00000,0.00000000;0.00000000;-1.00000000,0
559,1179,182793,0b6PArLq5FShymH3s4v2J_,主梁钢筋_N3:主梁钢筋_N3:633111,633111,3404.94181,8.00000,0.00000000;0.00000000;-1.00000000,0
560,1181,182815,0b6PArLq5FShymH3s4v2Jo,主梁钢筋_N3:主梁钢筋_N3:633115,633115,3404.94181,8.00000,0.00000000;0.00000000;-1.00000000,0
561,1180,182804,0b6PArLq5FShymH3s4v2Jm,主梁钢筋_N3:主梁钢筋_N3:633113,633113,3404.94181,8.00000,0.00000000;0.00000000;-1.00000000,0
562,1178,182782,0b6PArLq5FShymH3s4v2Jy,主梁钢筋_N3:主梁钢筋_N3:633109,633109,3404.94181,8.00000,0.00000000;0.00000000;-1.00000000,0
563,1177,182771,0b6PArLq5FShymH3s4v2Jw,主梁钢筋_N3:主梁钢筋_N3:633107,633107,3404.94181,8.00000,0.00000000;0.00000000;-1.00000000,0
564,1174,182738,0b6PArLq5FShymH3s4v2Ja,主梁钢筋_N3:主梁钢筋_N3:633101,633101,3404.94181,8.00000,0.00000000;0.00000000;-1.00000000,0
565,1176,182760,0b6PArLq5FShymH3s4v2Ju,主梁钢筋_N3:主梁钢筋_N3:633105,633105,3404.94181,8.00000,0.00000000;0.00000000;-1.00000000,0
566,1175,182749,0b6PArLq5FShymH3s4v2Jc,主梁钢筋_N3:主梁钢筋_N3:633103,633103,3404.94181,8.00000,0.00000000;0.00000000;-1.00000000,0
567,1173,182727,0b6PArLq5FShymH3s4v2JY,主梁钢筋_N3:主梁钢筋_N3:633099,633099,3404.94181,8.00000,0.00000000;0.00000000;-1.00000000,0
568,1172,182716,0b6PArLq5FShymH3s4v2JW,主梁钢筋_N3:主梁钢筋_N3:633097,633097,3404.94181,8.00000,0.00000000;0.00000000;-1.00000000,0
569,1169,182683,0b6PArLq5FShymH3s4v2Jg,主梁钢筋_N3:主梁钢筋_N3:633091,633091,3404.94181,8.00000,0.00000000;0.00000000;-1.00000000,0
570,1168,182672,0b6PArLq5FShymH3s4v2Je,主梁钢筋_N3:主梁钢筋_N3:633089,633089,3404.94181,8.00000,0.00000000;0.00000000;-1.00000000,0
571,1171,182705,0b6PArLq5FShymH3s4v2Jk,主梁钢筋_N3:主梁钢筋_N3:633095,633095,3404.94181,8.00000,0.00000000;0.00000000;-1.00000000,0
572,1170,182694,0b6PArLq5FShymH3s4v2Ji,主梁钢筋_N3:主梁钢筋_N3:633093,633093,3404.94181,8.00000,0.00000000;0.00000000;-1.00000000,0
573,1167,182661,0b6PArLq5FShymH3s4v2KM,主梁钢筋_N3:主梁钢筋_N3:633087,633087,3404.94181,8.00000,0.00000000;0.00000000;-1.00000000,0
574,1164,182628,0b6PArLq5FShymH3s4v2KG,主梁钢筋_N3:主梁钢筋_N3:633081,633081,3404.94181,8.00000,0.00000000;0.00000000;-1.00000000,0
575,1166,182650,0b6PArLq5FShymH3s4v2KK,主梁钢筋_N3:主梁钢筋_N3:633085,633085,3404.94181,8.00000,0.00000000;0.00000000;-1.00000000,0
576,1165,182639,0b6PArLq5FShymH3s4v2KI,主梁钢筋_N3:主梁钢筋_N3:633083,633083,3404.94181,8.00000,0.00000000;0.00000000;-1.00000000,0
577,1163,182617,0b6PArLq5FShymH3s4v2KU,主梁钢筋_N3:主梁钢筋_N3:633079,633079,3404.94181,8.00000,0.00000000;0.00000000;-1.00000000,0
578,1162,182606,0b6PArLq5FShymH3s4v2KS,主梁钢筋_N3:主梁钢筋_N3:633077,633077,3404.94181,8.00000,0.00000000;0.00000000;-1.00000000,0
579,1159,182573,0b6PArLq5FShymH3s4v2K6,主梁钢筋_N3:主梁钢筋_N3:633071,633071,3404.94181,8.00000,0.00000000;0.00000000;-1.00000000,0
580,1161,182595,0b6PArLq5FShymH3s4v2KQ,主梁钢筋_N3:主梁钢筋_N3:633075,633075,3404.94181,8.00000,0.00000000;0.00000000;-1.00000000,0
581,1160,182584,0b6PArLq5FShymH3s4v2KO,主梁钢筋_N3:主梁钢筋_N3:633073,633073,3404.94181,8.00000,0.00000000;0.00000000;-1.00000000,0
582,1158,182562,0b6PArLq5FShymH3s4v2K4,主梁钢筋_N3:主梁钢筋_N3:633069,633069,3404.94181,8.00000,0.00000000;0.00000000;-1.00000000,0
583,1157,182551,0b6PArLq5FShymH3s4v2K2,主梁钢筋_N3:主梁钢筋_N3:633067,633067,3404.94181,8.00000,0.00000000;0.00000000;-1.00000000,0
584,1154,182518,0b6PArLq5FShymH3s4v2KC,主梁钢筋_N3:主梁钢筋_N3:633061,633061,3404.94181,8.00000,0.00000000;0.00000000;-1.00000000,0
585,1156,182540,0b6PArLq5FShymH3s4v2K0,主梁钢筋_N3:主梁钢筋_N3:633065,633065,3404.94181,8.00000,0.00000000;0.00000000;-1.00000000,0
586,1155,182529,0b6PArLq5FShymH3s4v2KE,主梁钢筋_N3:主梁钢筋_N3:633063,633063,3404.94181,8.00000,0.00000000;0.00000000;-1.00000000,0
587,1153,182507,0b6PArLq5FShymH3s4v2KA,主梁钢筋_N3:主梁钢筋_N3:633059,633059,3404.94181,8.00000,0.00000000;0.00000000;-1.00000000,0
588,1152,182496,0b6PArLq5FShymH3s4v2K8,主梁钢筋_N3:主梁钢筋_N3:633057,633057,3404.94181,8.00000,0.00000000;0.00000000;-1.00000000,0
589,1149,182463,0b6PArLq5FShymH3s4v2Ko,主梁钢筋_N3:主梁钢筋_N3:633051,633051,3404.94181,8.00000,0.00000000;0.00000000;-1.00000000,0
590,1151,182485,0b6PArLq5FShymH3s4v2Ks,主梁钢筋_N3:主梁钢筋_N3:633055,633055,3404.94181,8.00000,0.00000000;0.00000000;-1.00000000,0
591,1150,182474,0b6PArLq5FShymH3s4v2Kq,主梁钢筋_N3:主梁钢筋_N3:633053,633053,3404.94181,8.00000,0.00000000;0.00000000;-1.00000000,0
592,1148,182452,0b6PArLq5FShymH3s4v2Km,主梁钢筋_N3:主梁钢筋_N3:633049,633049,3404.94181,8.00000,0.00000000;0.00000000;-1.00000000,0
593,1147,182441,0b6PArLq5FShymH3s4v2K_,主梁钢筋_N3:主梁钢筋_N3:633047,633047,3404.94181,8.00000,0.00000000;0.00000000;-1.00000000,0
594,1144,182408,0b6PArLq5FShymH3s4v2Ku,主梁钢筋_N3:主梁钢筋_N3:633041,633041,3404.94181,8.00000,0.00000000;0.00000000;-1.00000000,0
595,1146,182430,0b6PArLq5FShymH3s4v2Ky,主梁钢筋_N3:主梁钢筋_N3:633045,633045,3404.94181,8.00000,0.00000000;0.00000000;-1.00000000,0
596,1145,182419,0b6PArLq5FShymH3s4v2Kw,主梁钢筋_N3:主梁钢筋_N3:633043,633043,3404.94181,8.00000,0.00000000;0.00000000;-1.00000000,0
597,1143,182397,0b6PArLq5FShymH3s4v2Kc,主梁钢筋_N3:主梁钢筋_N3:633039,633039,3404.94181,8.00000,0.00000000;0.00000000;-1.00000000,0
598,1142,182386,0b6PArLq5FShymH3s4v2Ka,主梁钢筋_N3:主梁钢筋_N3:633037,633037,3404.94181,8.00000,0.00000000;0.00000000;-1.00000000,0
599,1139,182353,0b6PArLq5FShymH3s4v2Kk,主梁钢筋_N3:主梁钢筋_N3:633031,633031,3404.94181,8.00000,0.00000000;0.00000000;-1.00000000,0
600,1141,182375,0b6PArLq5FShymH3s4v2KY,主梁钢筋_N3:主梁钢筋_N3:633035,633035,3404.94181,8.00000,0.00000000;0.00000000;-1.00000000,0
601,1140,182364,0b6PArLq5FShymH3s4v2KW,主梁钢筋_N3:主梁钢筋_N3:633033,633033,3404.94181,8.00000,0.00000000;0.00000000;-1.00000000,0
602,1138,182342,0b6PArLq5FShymH3s4v2Ki,主梁钢筋_N3:主梁钢筋_N3:633029,633029,3404.94181,8.00000,0.00000000;0.00000000;-1.00000000,0
603,1137,182331,0b6PArLq5FShymH3s4v2Kg,主梁钢筋_N3:主梁钢筋_N3:633027,633027,3404.94181,8.00000,0.00000000;0.00000000;-1.00000000,0
604,1134,182298,0b6PArLq5FShymH3s4v2LK,主梁钢筋_N3:主梁钢筋_N3:633021,633021,3404.94181,8.00000,0.00000000;0.00000000;-1.00000000,0
605,1136,182320,0b6PArLq5FShymH3s4v2Ke,主梁钢筋_N3:主梁钢筋_N3:633025,633025,3404.94181,8.00000,0.00000000;0.00000000;-1.00000000,0
606,1135,182309,0b6PArLq5FShymH3s4v2LM,主梁钢筋_N3:主梁钢筋_N3:633023,633023,3404.94181,8.00000,0.00000000;0.00000000;-1.00000000,0
607,1133,182287,0b6PArLq5FShymH3s4v2LI,主梁钢筋_N3:主梁钢筋_N3:633019,633019,3404.94181,8.00000,0.00000000;0.00000000;-1.00000000,0
608,1132,182276,0b6PArLq5FShymH3s4v2LG,主梁钢筋_N3:主梁钢筋_N3:633017,633017,3404.94181,8.00000,0.00000000;0.00000000;-1.00000000,0
609,1129,182243,0b6PArLq5FShymH3s4v2LQ,主梁钢筋_N3:主梁钢筋_N3:633011,633011,3404.94181,8.00000,0.00000000;0.00000000;-1.00000000,0
610,1128,182232,0b6PArLq5FShymH3s4v2LO,主梁钢筋_N3:主梁钢筋_N3:633009,633009,3404.94181,8.00000,0.00000000;0.00000000;-1.00000000,0
611,1131,182265,0b6PArLq5FShymH3s4v2LU,主梁钢筋_N3:主梁钢筋_N3:633015,633015,3404.94181,8.00000,0.00000000;0.00000000;-1.00000000,0
612,1130,182254,0b6PArLq5FShymH3s4v2LS,主梁钢筋_N3:主梁钢筋_N3:633013,633013,3404.94181,8.00000,0.00000000;0.00000000;-1.00000000,0
613,1127,182221,0b6PArLq5FShymH3s4v2L6,主梁钢筋_N3:主梁钢筋_N3:633007,633007,3404.94181,8.00000,0.00000000;0.00000000;-1.00000000,0
614,1124,182188,0b6PArLq5FShymH3s4v2L0,主梁钢筋_N3:主梁钢筋_N3:633001,633001,3404.94181,8.00000,0.00000000;0.00000000;-1.00000000,0
615,1126,182210,0b6PArLq5FShymH3s4v2L4,主梁钢筋_N3:主梁钢筋_N3:633005,633005,3404.94181,8.00000,0.00000000;0.00000000;-1.00000000,0
616,1125,182199,0b6PArLq5FShymH3s4v2L2,主梁钢筋_N3:主梁钢筋_N3:633003,633003,3404.94181,8.00000,0.00000000;0.00000000;-1.00000000,0
617,1123,182177,0b6PArLq5FShymH3s4v2LE,主梁钢筋_N3:主梁钢筋_N3:632999,632999,3404.94181,8.00000,0.00000000;0.00000000;-1.00000000,0
618,1122,182166,0b6PArLq5FShymH3s4v2LC,主梁钢筋_N3:主梁钢筋_N3:632997,632997,3404.94181,8.00000,0.00000000;0.00000000;-1.00000000,0
619,1119,182133,0b6PArLq5FShymH3s4v2Ls,主梁钢筋_N3:主梁钢筋_N3:632991,632991,3404.94181,8.00000,0.00000000;0.00000000;-1.00000000,0
620,1121,182155,0b6PArLq5FShymH3s4v2LA,主梁钢筋_N3:主梁钢筋_N3:632995,632995,3404.94181,8.00000,0.00000000;0.00000000;-1.00000000,0
621,1120,182144,0b6PArLq5FShymH3s4v2L8,主梁钢筋_N3:主梁钢筋_N3:632993,632993,3404.94181,8.00000,0.00000000;0.00000000;-1.00000000,0
622,1118,182122,0b6PArLq5FShymH3s4v2Lq,主梁钢筋_N3:主梁钢筋_N3:632989,632989,3404.94181,8.00000,0.00000000;0.00000000;-1.00000000,0
623,1117,182111,0b6PArLq5FShymH3s4v2Lo,主梁钢筋_N3:主梁钢筋_N3:632987,632987,3404.94181,8.00000,0.00000000;0.00000000;-1.00000000,0
624,1114,182078,0b6PArLq5FShymH3s4v2Ly,主梁钢筋_N3:主梁钢筋_N3:632981,632981,3404.94181,8.00000,0.00000000;0.00000000;-1.00000000,0
625,1116,182100,0b6PArLq5FShymH3s4v2Lm,主梁钢筋_N3:主梁钢筋_N3:632985,632985,3404.94181,8.00000,0.00000000;0.00000000;-1.00000000,0
626,1115,182089,0b6PArLq5FShymH3s4v2L_,主梁钢筋_N3:主梁钢筋_N3:632983,632983,3404.94181,8.00000,0.00000000;0.00000000;-1.00000000,0
627,1113,182067,0b6PArLq5FShymH3s4v2Lw,主梁钢筋_N3:主梁钢筋_N3:632979,632979,3404.94181,8.00000,0.00000000;0.00000000;-1.00000000,0
628,1112,182056,0b6PArLq5FShymH3s4v2Lu,主梁钢筋_N3:主梁钢筋_N3:632977,632977,3404.94181,8.00000,0.00000000;0.00000000;-1.00000000,0
629,1111,182045,0b6PArLq5FShymH3s4v2Lc,主梁钢筋_N3:主梁钢筋_N3:632975,632975,3404.94181,8.00000,0.00000000;0.00000000;-1.00000000,0
630,894,149009,0b6PArLq5FShymH3s4v1Nf,主梁钢筋_N3:主梁钢筋_N3:628736,628736,3404.91726,8.00000,0.00000000;0.00000000;-1.00000000,0
631,895,149020,0b6PArLq5FShymH3s4v1NQ,主梁钢筋_N3:主梁钢筋_N3:628787,628787,3404.91726,8.00000,0.00000000;0.00000000;-1.00000000,0
632,892,148973,0b6PArLq5FShymH3s4v1lg,主梁钢筋_N3:主梁钢筋_N3:628227,628227,3404.91726,8.00000,0.00000000;0.00000000;-1.00000000,0
633,896,149031,0b6PArLq5FShymH3s4v1Mu,主梁钢筋_N3:主梁钢筋_N3:628817,628817,3404.91726,8.00000,0.00000000;0.00000000;-1.00000000,0
634,897,149042,0b6PArLq5FShymH3s4v1M9,主梁钢筋_N3:主梁钢筋_N3:628832,628832,3404.91726,8.00000,0.00000000;0.00000000;-1.00000000,0
635,899,149064,0b6PArLq5FShymH3s4v1Kt,主梁钢筋_N3:主梁钢筋_N3:628958,628958,3404.91726,8.00000,0.00000000;0.00000000;-1.00000000,0
636,900,149075,0b6PArLq5FShymH3s4v1K9,主梁钢筋_N3:主梁钢筋_N3:628960,628960,3404.91726,8.00000,0.00000000;0.00000000;-1.00000000,0
637,898,149053,0b6PArLq5FShymH3s4v1Kr,主梁钢筋_N3:主梁钢筋_N3:628956,628956,3404.91726,8.00000,0.00000000;0.00000000;-1.00000000,0
638,901,149086,0b6PArLq5FShymH3s4v1KB,主梁钢筋_N3:主梁钢筋_N3:628962,628962,3404.91726,8.00000,0.00000000;0.00000000;-1.00000000,0
639,902,149097,0b6PArLq5FShymH3s4v1KD,主梁钢筋_N3:主梁钢筋_N3:628964,628964,3404.91726,8.00000,0.00000000;0.00000000;-1.00000000,0
640,904,149119,0b6PArLq5FShymH3s4v1KN,主梁钢筋_N3:主梁钢筋_N3:628990,628990,3404.91726,8.00000,0.00000000;0.00000000;-1.00000000,0
641,905,149130,0b6PArLq5FShymH3s4v1Jf,主梁钢筋_N3:主梁钢筋_N3:628992,628992,3404.91726,8.00000,0.00000000;0.00000000;-1.00000000,0
642,903,149108,0b6PArLq5FShymH3s4v1KL,主梁钢筋_N3:主梁钢筋_N3:628988,628988,3404.91726,8.00000,0.00000000;0.00000000;-1.00000000,0
643,906,149141,0b6PArLq5FShymH3s4v1Jh,主梁钢筋_N3:主梁钢筋_N3:628994,628994,3404.91726,8.00000,0.00000000;0.00000000;-1.00000000,0
644,907,149152,0b6PArLq5FShymH3s4v1Jj,主梁钢筋_N3:主梁钢筋_N3:628996,628996,3404.91726,8.00000,0.00000000;0.00000000;-1.00000000,0
645,909,149174,0b6PArLq5FShymH3s4v1JW,主梁钢筋_N3:主梁钢筋_N3:629001,629001,3404.91726,8.00000,0.00000000;0.00000000;-1.00000000,0
646,910,149185,0b6PArLq5FShymH3s4v1JY,主梁钢筋_N3:主梁钢筋_N3:629003,629003,3404.91726,8.00000,0.00000000;0.00000000;-1.00000000,0
647,908,149163,0b6PArLq5FShymH3s4v1Jk,主梁钢筋_N3:主梁钢筋_N3:628999,628999,3404.91726,8.00000,0.00000000;0.00000000;-1.00000000,0
648,911,149196,0b6PArLq5FShymH3s4v1Ja,主梁钢筋_N3:主梁钢筋_N3:629005,629005,3404.91726,8.00000,0.00000000;0.00000000;-1.00000000,0
649,914,149229,0b6PArLq5FShymH3s4v1Jz,主梁钢筋_N3:主梁钢筋_N3:629012,629012,3404.91726,8.00000,0.00000000;0.00000000;-1.00000000,0
650,915,149240,0b6PArLq5FShymH3s4v1J$,主梁钢筋_N3:主梁钢筋_N3:629014,629014,3404.91726,8.00000,0.00000000;0.00000000;-1.00000000,0
651,912,149207,0b6PArLq5FShymH3s4v1Jc,主梁钢筋_N3:主梁钢筋_N3:629007,629007,3404.91726,8.00000,0.00000000;0.00000000;-1.00000000,0
652,913,149218,0b6PArLq5FShymH3s4v1Jx,主梁钢筋_N3:主梁钢筋_N3:629010,629010,3404.91726,8.00000,0.00000000;0.00000000;-1.00000000,0
653,916,149251,0b6PArLq5FShymH3s4v1Jn,主梁钢筋_N3:主梁钢筋_N3:629016,629016,3404.91726,8.00000,0.00000000;0.00000000;-1.00000000,0
654,917,149262,0b6PArLq5FShymH3s4v1Jp,主梁钢筋_N3:主梁钢筋_N3:629018,629018,3404.91726,8.00000,0.00000000;0.00000000;-1.00000000,0
655,919,149284,0b6PArLq5FShymH3s4v1Js,主梁钢筋_N3:主梁钢筋_N3:629023,629023,3404.91726,8.00000,0.00000000;0.00000000;-1.00000000,0
656,920,149295,0b6PArLq5FShymH3s4v1J8,主梁钢筋_N3:主梁钢筋_N3:629025,629025,3404.91726,8.00000,0.00000000;0.00000000;-1.00000000,0
657,918,149273,0b6PArLq5FShymH3s4v1Jq,主梁钢筋_N3:主梁钢筋_N3:629021,629021,3404.91726,8.00000,0.00000000;0.00000000;-1.00000000,0
658,921,149306,0b6PArLq5FShymH3s4v1JA,主梁钢筋_N3:主梁钢筋_N3:629027,629027,3404.91726,8.00000,0.00000000;0.00000000;-1.00000000,0
659,922,149317,0b6PArLq5FShymH3s4v1JC,主梁钢筋_N3:主梁钢筋_N3:629029,629029,3404.91726,8.00000,0.00000000;0.00000000;-1.00000000,0
660,924,149339,0b6PArLq5FShymH3s4v1J3,主梁钢筋_N3:主梁钢筋_N3:629034,629034,3404.91726,8.00000,0.00000000;0.00000000;-1.00000000,0
661,925,149350,0b6PArLq5FShymH3s4v1J5,主梁钢筋_N3:主梁钢筋_N3:629036,629036,3404.91726,8.00000,0.00000000;0.00000000;-1.00000000,0
662,923,149328,0b6PArLq5FShymH3s4v1J1,主梁钢筋_N3:主梁钢筋_N3:629032,629032,3404.91726,8.00000,0.00000000;0.00000000;-1.00000000,0
663,926,149361,0b6PArLq5FShymH3s4v1J7,主梁钢筋_N3:主梁钢筋_N3:629038,629038,3404.91726,8.00000,0.00000000;0.00000000;-1.00000000,0
664,927,149372,0b6PArLq5FShymH3s4v1JP,主梁钢筋_N3:主梁钢筋_N3:629040,629040,3404.91726,8.00000,0.00000000;0.00000000;-1.00000000,0
665,929,149394,0b6PArLq5FShymH3s4v1JS,主梁钢筋_N3:主梁钢筋_N3:629045,629045,3404.91726,8.00000,0.00000000;0.00000000;-1.00000000,0
666,930,149405,0b6PArLq5FShymH3s4v1JU,主梁钢筋_N3:主梁钢筋_N3:629047,629047,3404.91726,8.00000,0.00000000;0.00000000;-1.00000000,0
667,928,149383,0b6PArLq5FShymH3s4v1JQ,主梁钢筋_N3:主梁钢筋_N3:629043,629043,3404.91726,8.00000,0.00000000;0.00000000;-1.00000000,0
668,931,149416,0b6PArLq5FShymH3s4v1JG,主梁钢筋_N3:主梁钢筋_N3:629049,629049,3404.91726,8.00000,0.00000000;0.00000000;-1.00000000,0
669,932,149427,0b6PArLq5FShymH3s4v1JI,主梁钢筋_N3:主梁钢筋_N3:629051,629051,3404.91726,8.00000,0.00000000;0.00000000;-1.00000000,0
670,934,149449,0b6PArLq5FShymH3s4v1If,主梁钢筋_N3:主梁钢筋_N3:629056,629056,3404.91726,8.00000,0.00000000;0.00000000;-1.00000000,0
671,935,149460,0b6PArLq5FShymH3s4v1Ih,主梁钢筋_N3:主梁钢筋_N3:629058,629058,3404.91726,8.00000,0.00000000;0.00000000;-1.00000000,0
672,933,149438,0b6PArLq5FShymH3s4v1JN,主梁钢筋_N3:主梁钢筋_N3:629054,629054,3404.91726,8.00000,0.00000000;0.00000000;-1.00000000,0
673,936,149471,0b6PArLq5FShymH3s4v1Ij,主梁钢筋_N3:主梁钢筋_N3:629060,629060,3404.91726,8.00000,0.00000000;0.00000000;-1.00000000,0
674,937,149482,0b6PArLq5FShymH3s4v1Il,主梁钢筋_N3:主梁钢筋_N3:629062,629062,3404.91726,8.00000,0.00000000;0.00000000;-1.00000000,0
675,939,149504,0b6PArLq5FShymH3s4v1IY,主梁钢筋_N3:主梁钢筋_N3:629067,629067,3404.91726,8.00000,0.00000000;0.00000000;-1.00000000,0
676,940,149515,0b6PArLq5FShymH3s4v1Ia,主梁钢筋_N3:主梁钢筋_N3:629069,629069,3404.91726,8.00000,0.00000000;0.00000000;-1.00000000,0
677,938,149493,0b6PArLq5FShymH3s4v1IW,主梁钢筋_N3:主梁钢筋_N3:629065,629065,3404.91726,8.00000,0.00000000;0.00000000;-1.00000000,0
678,941,149526,0b6PArLq5FShymH3s4v1Ic,主梁钢筋_N3:主梁钢筋_N3:629071,629071,3404.91726,8.00000,0.00000000;0.00000000;-1.00000000,0
679,942,149537,0b6PArLq5FShymH3s4v1Iu,主梁钢筋_N3:主梁钢筋_N3:629073,629073,3404.91726,8.00000,0.00000000;0.00000000;-1.00000000,0
680,944,149559,0b6PArLq5FShymH3s4v1I$,主梁钢筋_N3:主梁钢筋_N3:629078,629078,3404.91726,8.00000,0.00000000;0.00000000;-1.00000000,0
681,945,149570,0b6PArLq5FShymH3s4v1In,主梁钢筋_N3:主梁钢筋_N3:629080,629080,3404.91726,8.00000,0.00000000;0.00000000;-1.00000000,0
682,943,149548,0b6PArLq5FShymH3s4v1Iz,主梁钢筋_N3:主梁钢筋_N3:629076,629076,3404.91726,8.00000,0.00000000;0.00000000;-1.00000000,0
683,946,149581,0b6PArLq5FShymH3s4v1Ip,主梁钢筋_N3:主梁钢筋_N3:629082,629082,3404.91726,8.00000,0.00000000;0.00000000;-1.00000000,0
684,947,149592,0b6PArLq5FShymH3s4v1Ir,主梁钢筋_N3:主梁钢筋_N3:629084,629084,3404.91726,8.00000,0.00000000;0.00000000;-1.00000000,0
685,949,149614,0b6PArLq5FShymH3s4v1I8,主梁钢筋_N3:主梁钢筋_N3:629089,629089,3404.91726,8.00000,0.00000000;0.00000000;-1.00000000,0
686,950,149625,0b6PArLq5FShymH3s4v1IA,主梁钢筋_N3:主梁钢筋_N3:629091,629091,3404.91726,8.00000,0.00000000;0.00000000;-1.00000000,0
687,948,149603,0b6PArLq5FShymH3s4v1Is,主梁钢筋_N3:主梁钢筋_N3:629087,629087,3404.91726,8.00000,0.00000000;0.00000000;-1.00000000,0
688,951,149636,0b6PArLq5FShymH3s4v1IC,主梁钢筋_N3:主梁钢筋_N3:629093,629093,3404.91726,8.00000,0.00000000;0.00000000;-1.00000000,0
689,954,149669,0b6PArLq5FShymH3s4v1I5,主梁钢筋_N3:主梁钢筋_N3:629100,629100,3404.91726,8.00000,0.00000000;0.00000000;-1.00000000,0
690,955,149680,0b6PArLq5FShymH3s4v1I7,主梁钢筋_N3:主梁钢筋_N3:629102,629102,3404.91726,8.00000,0.00000000;0.00000000;-1.00000000,0
691,952,149647,0b6PArLq5FShymH3s4v1IE,主梁钢筋_N3:主梁钢筋_N3:629095,629095,3404.91726,8.00000,0.00000000;0.00000000;-1.00000000,0
692,953,149658,0b6PArLq5FShymH3s4v1I3,主梁钢筋_N3:主梁钢筋_N3:629098,629098,3404.91726,8.00000,0.00000000;0.00000000;-1.00000000,0
693,956,149691,0b6PArLq5FShymH3s4v1IP,主梁钢筋_N3:主梁钢筋_N3:629104,629104,3404.91726,8.00000,0.00000000;0.00000000;-1.00000000,0
694,957,149702,0b6PArLq5FShymH3s4v1IR,主梁钢筋_N3:主梁钢筋_N3:629106,629106,3404.91726,8.00000,0.00000000;0.00000000;-1.00000000,0
695,959,149724,0b6PArLq5FShymH3s4v1IU,主梁钢筋_N3:主梁钢筋_N3:629111,629111,3404.91726,8.00000,0.00000000;0.00000000;-1.00000000,0
696,960,149735,0b6PArLq5FShymH3s4v1IG,主梁钢筋_N3:主梁钢筋_N3:629113,629113,3404.91726,8.00000,0.00000000;0.00000000;-1.00000000,0
697,958,149713,0b6PArLq5FShymH3s4v1IS,主梁钢筋_N3:主梁钢筋_N3:629109,629109,3404.91726,8.00000,0.00000000;0.00000000;-1.00000000,0
698,961,149746,0b6PArLq5FShymH3s4v1II,主梁钢筋_N3:主梁钢筋_N3:629115,629115,3404.91726,8.00000,0.00000000;0.00000000;-1.00000000,0
699,962,149757,0b6PArLq5FShymH3s4v1IK,主梁钢筋_N3:主梁钢筋_N3:629117,629117,3404.91726,8.00000,0.00000000;0.00000000;-1.00000000,0
700,964,149779,0b6PArLq5FShymH3s4v1Hh,主梁钢筋_N3:主梁钢筋_N3:629122,629122,3404.91726,8.00000,0.00000000;0.00000000;-1.00000000,0
701,965,149790,0b6PArLq5FShymH3s4v1Hj,主梁钢筋_N3:主梁钢筋_N3:629124,629124,3404.91726,8.00000,0.00000000;0.00000000;-1.00000000,0
702,963,149768,0b6PArLq5FShymH3s4v1Hf,主梁钢筋_N3:主梁钢筋_N3:629120,629120,3404.91726,8.00000,0.00000000;0.00000000;-1.00000000,0
703,966,149801,0b6PArLq5FShymH3s4v1Hl,主梁钢筋_N3:主梁钢筋_N3:629126,629126,3404.91726,8.00000,0.00000000;0.00000000;-1.00000000,0
704,967,149812,0b6PArLq5FShymH3s4v1HX,主梁钢筋_N3:主梁钢筋_N3:629128,629128,3404.91726,8.00000,0.00000000;0.00000000;-1.00000000,0
705,969,149834,0b6PArLq5FShymH3s4v1Ha,主梁钢筋_N3:主梁钢筋_N3:629133,629133,3404.91726,8.00000,0.00000000;0.00000000;-1.00000000,0
706,970,149845,0b6PArLq5FShymH3s4v1Hc,主梁钢筋_N3:主梁钢筋_N3:629135,629135,3404.91726,8.00000,0.00000000;0.00000000;-1.00000000,0
707,968,149823,0b6PArLq5FShymH3s4v1HY,主梁钢筋_N3:主梁钢筋_N3:629131,629131,3404.91726,8.00000,0.00000000;0.00000000;-1.00000000,0
708,971,149856,0b6PArLq5FShymH3s4v1Hu,主梁钢筋_N3:主梁钢筋_N3:629137,629137,3404.91726,8.00000,0.00000000;0.00000000;-1.00000000,0
709,972,149867,0b6PArLq5FShymH3s4v1Hw,主梁钢筋_N3:主梁钢筋_N3:629139,629139,3404.91726,8.00000,0.00000000;0.00000000;-1.00000000,0
710,974,149889,0b6PArLq5FShymH3s4v1Hn,主梁钢筋_N3:主梁钢筋_N3:629144,629144,3404.91726,8.00000,0.00000000;0.00000000;-1.00000000,0
711,975,149900,0b6PArLq5FShymH3s4v1Hp,主梁钢筋_N3:主梁钢筋_N3:629146,629146,3404.91726,8.00000,0.00000000;0.00000000;-1.00000000,0
712,973,149878,0b6PArLq5FShymH3s4v1H$,主梁钢筋_N3:主梁钢筋_N3:629142,629142,3404.91726,8.00000,0.00000000;0.00000000;-1.00000000,0
713,976,149911,0b6PArLq5FShymH3s4v1Hr,主梁钢筋_N3:主梁钢筋_N3:629148,629148,3404.91726,8.00000,0.00000000;0.00000000;-1.00000000,0
714,977,149922,0b6PArLq5FShymH3s4v1Ht,主梁钢筋_N3:主梁钢筋_N3:629150,629150,3404.91726,8.00000,0.00000000;0.00000000;-1.00000000,0
715,979,149944,0b6PArLq5FShymH3s4v1HA,主梁钢筋_N3:主梁钢筋_N3:629155,629155,3404.91726,8.00000,0.00000000;0.00000000;-1.00000000,0
716,980,149955,0b6PArLq5FShymH3s4v1HC,主梁钢筋_N3:主梁钢筋_N3:629157,629157,3404.91726,8.00000,0.00000000;0.00000000;-1.00000000,0
717,978,149933,0b6PArLq5FShymH3s4v1H8,主梁钢筋_N3:主梁钢筋_N3:629153,629153,3404.91726,8.00000,0.00000000;0.00000000;-1.00000000,0
718,981,149966,0b6PArLq5FShymH3s4v1HE,主梁钢筋_N3:主梁钢筋_N3:629159,629159,3404.91726,8.00000,0.00000000;0.00000000;-1.00000000,0
719,982,149977,0b6PArLq5FShymH3s4v1H0,主梁钢筋_N3:主梁钢筋_N3:629161,629161,3404.91726,8.00000,0.00000000;0.00000000;-1.00000000,0
720,984,149999,0b6PArLq5FShymH3s4v1H7,主梁钢筋_N3:主梁钢筋_N3:629166,629166,3404.91726,8.00000,0.00000000;0.00000000;-1.00000000,0
721,985,150010,0b6PArLq5FShymH3s4v1HP,主梁钢筋_N3:主梁钢筋_N3:629168,629168,3404.91726,8.00000,0.00000000;0.00000000;-1.00000000,0
722,983,149988,0b6PArLq5FShymH3s4v1H5,主梁钢筋_N3:主梁钢筋_N3:629164,629164,3404.91726,8.00000,0.00000000;0.00000000;-1.00000000,0
723,986,150021,0b6PArLq5FShymH3s4v1HR,主梁钢筋_N3:主梁钢筋_N3:629170,629170,3404.91726,8.00000,0.00000000;0.00000000;-1.00000000,0
724,987,150032,0b6PArLq5FShymH3s4v1HT,主梁钢筋_N3:主梁钢筋_N3:629172,629172,3404.91726,8.00000,0.00000000;0.00000000;-1.00000000,0
725,989,150054,0b6PArLq5FShymH3s4v1HG,主梁钢筋_N3:主梁钢筋_N3:629177,629177,3404.91726,8.00000,0.00000000;0.00000000;-1.00000000,0
726,990,150065,0b6PArLq5FShymH3s4v1HI,主梁钢筋_N3:主梁钢筋_N3:629179,629179,3404.91726,8.00000,0.00000000;0.00000000;-1.00000000,0
727,988,150043,0b6PArLq5FShymH3s4v1HU,主梁钢筋_N3:主梁钢筋_N3:629175,629175,3404.91726,8.00000,0.00000000;0.00000000;-1.00000000,0
728,991,150076,0b6PArLq5FShymH3s4v1HK,主梁钢筋_N3:主梁钢筋_N3:629181,629181,3404.91726,8.00000,0.00000000;0.00000000;-1.00000000,0
729,994,150109,0b6PArLq5FShymH3s4v1Gj,主梁钢筋_N3:主梁钢筋_N3:629188,629188,3404.91726,8.00000,0.00000000;0.00000000;-1.00000000,0
730,995,150120,0b6PArLq5FShymH3s4v1Gl,主梁钢筋_N3:主梁钢筋_N3:629190,629190,3404.91726,8.00000,0.00000000;0.00000000;-1.00000000,0
731,992,150087,0b6PArLq5FShymH3s4v1HM,主梁钢筋_N3:主梁钢筋_N3:629183,629183,3404.91726,8.00000,0.00000000;0.00000000;-1.00000000,0
732,993,150098,0b6PArLq5FShymH3s4v1Gh,主梁钢筋_N3:主梁钢筋_N3:629186,629186,3404.91726,8.00000,0.00000000;0.00000000;-1.00000000,0
733,996,150131,0b6PArLq5FShymH3s4v1GX,主梁钢筋_N3:主梁钢筋_N3:629192,629192,3404.91726,8.00000,0.00000000;0.00000000;-1.00000000,0
734,997,150142,0b6PArLq5FShymH3s4v1GZ,主梁钢筋_N3:主梁钢筋_N3:629194,629194,3404.91726,8.00000,0.00000000;0.00000000;-1.00000000,0
735,999,150164,0b6PArLq5FShymH3s4v1Gc,主梁钢筋_N3:主梁钢筋_N3:629199,629199,3404.91726,8.00000,0.00000000;0.00000000;-1.00000000,0
736,1000,150175,0b6PArLq5FShymH3s4v1Gu,主梁钢筋_N3:主梁钢筋_N3:629201,629201,3404.91726,8.00000,0.00000000;0.00000000;-1.00000000,0
737,998,150153,0b6PArLq5FShymH3s4v1Ga,主梁钢筋_N3:主梁钢筋_N3:629197,629197,3404.91726,8.00000,0.00000000;0.00000000;-1.00000000,0
738,1001,150186,0b6PArLq5FShymH3s4v1Gw,主梁钢筋_N3:主梁钢筋_N3:629203,629203,3404.91726,8.00000,0.00000000;0.00000000;-1.00000000,0
739,1002,150197,0b6PArLq5FShymH3s4v1Gy,主梁钢筋_N3:主梁钢筋_N3:629205,629205,3404.91726,8.00000,0.00000000;0.00000000;-1.00000000,0
740,1004,150219,0b6PArLq5FShymH3s4v1Gp,主梁钢筋_N3:主梁钢筋_N3:629210,629210,3404.91726,8.00000,0.00000000;0.00000000;-1.00000000,0
741,1005,150230,0b6PArLq5FShymH3s4v1Gr,主梁钢筋_N3:主梁钢筋_N3:629212,629212,3404.91726,8.00000,0.00000000;0.00000000;-1.00000000,0
742,1003,150208,0b6PArLq5FShymH3s4v1Gn,主梁钢筋_N3:主梁钢筋_N3:629208,629208,3404.91726,8.00000,0.00000000;0.00000000;-1.00000000,0
743,1006,150241,0b6PArLq5FShymH3s4v1Gt,主梁钢筋_N3:主梁钢筋_N3:629214,629214,3404.91726,8.00000,0.00000000;0.00000000;-1.00000000,0
744,1007,150252,0b6PArLq5FShymH3s4v1G9,主梁钢筋_N3:主梁钢筋_N3:629216,629216,3404.91726,8.00000,0.00000000;0.00000000;-1.00000000,0
745,1009,150274,0b6PArLq5FShymH3s4v1GC,主梁钢筋_N3:主梁钢筋_N3:629221,629221,3404.91726,8.00000,0.00000000;0.00000000;-1.00000000,0
746,1010,150285,0b6PArLq5FShymH3s4v1GE,主梁钢筋_N3:主梁钢筋_N3:629223,629223,3404.91726,8.00000,0.00000000;0.00000000;-1.00000000,0
747,1008,150263,0b6PArLq5FShymH3s4v1GA,主梁钢筋_N3:主梁钢筋_N3:629219,629219,3404.91726,8.00000,0.00000000;0.00000000;-1.00000000,0
748,1011,150296,0b6PArLq5FShymH3s4v1G0,主梁钢筋_N3:主梁钢筋_N3:629225,629225,3404.91726,8.00000,0.00000000;0.00000000;-1.00000000,0
749,1012,150307,0b6PArLq5FShymH3s4v1G2,主梁钢筋_N3:主梁钢筋_N3:629227,629227,3404.91726,8.00000,0.00000000;0.00000000;-1.00000000,0
750,1014,150329,0b6PArLq5FShymH3s4v1GP,主梁钢筋_N3:主梁钢筋_N3:629232,629232,3404.91726,8.00000,0.00000000;0.00000000;-1.00000000,0
751,1015,150340,0b6PArLq5FShymH3s4v1GR,主梁钢筋_N3:主梁钢筋_N3:629234,629234,3404.91726,8.00000,0.00000000;0.00000000;-1.00000000,0
752,1013,150318,0b6PArLq5FShymH3s4v1G7,主梁钢筋_N3:主梁钢筋_N3:629230,629230,3404.91726,8.00000,0.00000000;0.00000000;-1.00000000,0
753,1016,150351,0b6PArLq5FShymH3s4v1GT,主梁钢筋_N3:主梁钢筋_N3:629236,629236,3404.91726,8.00000,0.00000000;0.00000000;-1.00000000,0
754,290,112202,03ROboBXj84foxBMwZdex_,主梁钢筋_N10:主梁钢筋_N10:622420,622420,32530.00000,6.00000,0.00000000;0.00000000;-1.00000000,0
755,317,130258,03ROboBXj84foxBMwZddFM,主梁钢筋_N10:主梁钢筋_N10:623228,623228,32530.00000,6.00000,0.00000000;0.00000000;-1.00000000,0
756,1097,179781,0b6PArLq5FShymH3s4v2lh,主梁钢筋_N13:主梁钢筋_N13:632322,632322,4517.95007,6.00000,0.00000000;0.00000000;-1.00000000,0
757,1076,171205,0b6PArLq5FShymH3s4v2Wi,主梁钢筋_N13:主梁钢筋_N13:632261,632261,4517.95007,6.00000,0.00000000;0.00000000;-1.00000000,0
758,1096,179770,0b6PArLq5FShymH3s4v2lf,主梁钢筋_N13:主梁钢筋_N13:632320,632320,4517.95007,6.00000,0.00000000;0.00000000;-1.00000000,0
759,1075,171194,0b6PArLq5FShymH3s4v2XO,主梁钢筋_N13:主梁钢筋_N13:632241,632241,4517.95007,6.00000,0.00000000;0.00000000;-1.00000000,0
760,1095,179759,0b6PArLq5FShymH3s4v2WN,主梁钢筋_N13:主梁钢筋_N13:632318,632318,4517.95007,6.00000,0.00000000;0.00000000;-1.00000000,0
761,1072,165592,0b6PArLq5FShymH3s4v2px,主梁钢筋_N13:主梁钢筋_N13:631058,631058,4517.95007,6.00000,0.00000000;0.00000000;-1.00000000,0
762,1094,179748,0b6PArLq5FShymH3s4v2WL,主梁钢筋_N13:主梁钢筋_N13:632316,632316,4517.95007,6.00000,0.00000000;0.00000000;-1.00000000,0
763,1071,165581,0b6PArLq5FShymH3s4v2pc,主梁钢筋_N13:主梁钢筋_N13:631055,631055,4517.95007,6.00000,0.00000000;0.00000000;-1.00000000,0
764,1093,179737,0b6PArLq5FShymH3s4v2WJ,主梁钢筋_N13:主梁钢筋_N13:632314,632314,4517.95007,6.00000,0.00000000;0.00000000;-1.00000000,0
765,1070,165570,0b6PArLq5FShymH3s4v2pb,主梁钢筋_N13:主梁钢筋_N13:631052,631052,4517.95007,6.00000,0.00000000;0.00000000;-1.00000000,0
766,1092,179726,0b6PArLq5FShymH3s4v2WH,主梁钢筋_N13:主梁钢筋_N13:632312,632312,4517.95007,6.00000,0.00000000;0.00000000;-1.00000000,0
767,1069,165559,0b6PArLq5FShymH3s4v2pW,主梁钢筋_N13:主梁钢筋_N13:631049,631049,4517.95007,6.00000,0.00000000;0.00000000;-1.00000000,0
768,1091,179715,0b6PArLq5FShymH3s4v2WV,主梁钢筋_N13:主梁钢筋_N13:632310,632310,4517.95007,6.00000,0.00000000;0.00000000;-1.00000000,0
769,1068,165548,0b6PArLq5FShymH3s4v2pl,主梁钢筋_N13:主梁钢筋_N13:631046,631046,4517.95007,6.00000,0.00000000;0.00000000;-1.00000000,0
770,1090,179704,0b6PArLq5FShymH3s4v2WT,主梁钢筋_N13:主梁钢筋_N13:632308,632308,4517.95007,6.00000,0.00000000;0.00000000;-1.00000000,0
771,1067,165537,0b6PArLq5FShymH3s4v2pg,主梁钢筋_N13:主梁钢筋_N13:631043,631043,4517.95007,6.00000,0.00000000;0.00000000;-1.00000000,0
772,1089,179693,0b6PArLq5FShymH3s4v2WR,主梁钢筋_N13:主梁钢筋_N13:632306,632306,4517.95007,6.00000,0.00000000;0.00000000;-1.00000000,0
773,1066,165526,0b6PArLq5FShymH3s4v2qH,主梁钢筋_N13:主梁钢筋_N13:631032,631032,4517.95007,6.00000,0.00000000;0.00000000;-1.00000000,0
774,1017,153140,0b6PArLq5FShymH3s4v1R$,主梁钢筋_N13:主梁钢筋_N13:629526,629526,4517.95007,6.00000,0.00000000;0.00000000;-1.00000000,0
775,1088,179682,0b6PArLq5FShymH3s4v2WP,主梁钢筋_N13:主梁钢筋_N13:632304,632304,4517.95007,6.00000,0.00000000;0.00000000;-1.00000000,0
776,1098,179792,0b6PArLq5FShymH3s4v2lj,主梁钢筋_N13:主梁钢筋_N13:632324,632324,4517.95007,6.00000,0.00000000;0.00000000;-1.00000000,0
777,1077,173994,0b6PArLq5FShymH3s4v2Wu,主梁钢筋_N13:主梁钢筋_N13:632273,632273,4517.95007,6.00000,0.00000000;0.00000000;-1.00000000,0
778,1099,179803,0b6PArLq5FShymH3s4v2ll,主梁钢筋_N13:主梁钢筋_N13:632326,632326,4517.95007,6.00000,0.00000000;0.00000000;-1.00000000,0
779,1078,174005,0b6PArLq5FShymH3s4v2Ww,主梁钢筋_N13:主梁钢筋_N13:632275,632275,4517.95007,6.00000,0.00000000;0.00000000;-1.00000000,0
780,1100,179814,0b6PArLq5FShymH3s4v2lX,主梁钢筋_N13:主梁钢筋_N13:632328,632328,4517.95007,6.00000,0.00000000;0.00000000;-1.00000000,0
781,1079,174016,0b6PArLq5FShymH3s4v2Wy,主梁钢筋_N13:主梁钢筋_N13:632277,632277,4517.95007,6.00000,0.00000000;0.00000000;-1.00000000,0
782,1101,179825,0b6PArLq5FShymH3s4v2lZ,主梁钢筋_N13:主梁钢筋_N13:632330,632330,4517.95007,6.00000,0.00000000;0.00000000;-1.00000000,0
783,1080,174027,0b6PArLq5FShymH3s4v2W_,主梁钢筋_N13:主梁钢筋_N13:632279,632279,4517.95007,6.00000,0.00000000;0.00000000;-1.00000000,0
784,1102,179836,0b6PArLq5FShymH3s4v2lb,主梁钢筋_N13:主梁钢筋_N13:632332,632332,4517.95007,6.00000,0.00000000;0.00000000;-1.00000000,0
785,1081,174038,0b6PArLq5FShymH3s4v2Wm,主梁钢筋_N13:主梁钢筋_N13:632281,632281,4517.95007,6.00000,0.00000000;0.00000000;-1.00000000,0
786,1103,179847,0b6PArLq5FShymH3s4v2ld,主梁钢筋_N13:主梁钢筋_N13:632334,632334,4517.95007,6.00000,0.00000000;0.00000000;-1.00000000,0
787,1082,174049,0b6PArLq5FShymH3s4v2Wo,主梁钢筋_N13:主梁钢筋_N13:632283,632283,4517.95007,6.00000,0.00000000;0.00000000;-1.00000000,0
788,1104,179858,0b6PArLq5FShymH3s4v2lv,主梁钢筋_N13:主梁钢筋_N13:632336,632336,4517.95007,6.00000,0.00000000;0.00000000;-1.00000000,0
789,1083,174060,0b6PArLq5FShymH3s4v2Wq,主梁钢筋_N13:主梁钢筋_N13:632285,632285,4517.95007,6.00000,0.00000000;0.00000000;-1.00000000,0
790,1105,179869,0b6PArLq5FShymH3s4v2lx,主梁钢筋_N13:主梁钢筋_N13:632338,632338,4517.95007,6.00000,0.00000000;0.00000000;-1.00000000,0
791,1086,179660,0b6PArLq5FShymH3s4v2WA,主梁钢筋_N13:主梁钢筋_N13:632291,632291,4517.95007,6.00000,0.00000000;0.00000000;-1.00000000,0
792,1106,179880,0b6PArLq5FShymH3s4v2lz,主梁钢筋_N13:主梁钢筋_N13:632340,632340,4517.95007,6.00000,0.00000000;0.00000000;-1.00000000,0
793,1087,179671,0b6PArLq5FShymH3s4v2WC,主梁钢筋_N13:主梁钢筋_N13:632293,632293,4517.95007,6.00000,0.00000000;0.00000000;-1.00000000,0
794,289,112191,03ROboBXj84foxBMwZdexX,主梁钢筋_N10:主梁钢筋_N10:622411,622411,32530.00000,6.00000,0.00000000;0.00000000;-1.00000000,0
795,316,130247,03ROboBXj84foxBMwZddFG,主梁钢筋_N10:主梁钢筋_N10:623226,623226,32530.00000,6.00000,0.00000000;0.00000000;-1.00000000,0
796,288,112180,03ROboBXj84foxBMwZdexk,主梁钢筋_N10:主梁钢筋_N10:622404,622404,32530.00000,6.00000,0.00000000;0.00000000;-1.00000000,0
797,315,130236,03ROboBXj84foxBMwZddFI,主梁钢筋_N10:主梁钢筋_N10:623224,623224,32530.00000,6.00000,0.00000000;0.00000000;-1.00000000,0
798,3107,372664,0CGf8efXbEE8pP1ORb917V,主梁钢筋_N26a:主梁钢筋_N26a:691966,691966,2440.09546,8.00000,0.00000000;0.00000000;-1.00000000,0
799,3097,372554,0CGf8efXbEE8pP1ORb917w,主梁钢筋_N26a:主梁钢筋_N26a:691931,691931,2440.09546,8.00000,0.00000000;0.00000000;-1.00000000,0
800,3102,372609,0CGf8efXbEE8pP1ORb917L,主梁钢筋_N26a:主梁钢筋_N26a:691956,691956,2440.09546,8.00000,0.00000000;0.00000000;-1.00000000,0
801,3092,371033,0CGf8efXbEE8pP1ORb916P,主梁钢筋_N26a:主梁钢筋_N26a:691896,691896,2440.09546,8.00000,0.00000000;0.00000000;-1.00000000,0
802,287,112169,03ROboBXj84foxBMwZdewN,主梁钢筋_N10:主梁钢筋_N10:622397,622397,32530.00000,6.00000,0.00000000;0.00000000;-1.00000000,0
803,314,130225,03ROboBXj84foxBMwZddFS,主梁钢筋_N10:主梁钢筋_N10:623222,623222,32530.00000,6.00000,0.00000000;0.00000000;-1.00000000,0
804,286,112157,03ROboBXj84foxBMwZdewS,主梁钢筋_N10e:主梁钢筋_N10e:622390,622390,29096.10847,6.00000,0.00000000;0.00000000;-1.00000000,0
805,313,130214,03ROboBXj84foxBMwZddFU,主梁钢筋_N10e:主梁钢筋_N10e:623220,623220,29096.10792,6.00000,0.00000000;0.00000000;-1.00000000,0
806,3106,372653,0CGf8efXbEE8pP1ORb917T,主梁钢筋_N26a:主梁钢筋_N26a:691964,691964,2440.09546,8.00000,0.00000000;0.00000000;-1.00000000,0
807,3096,372543,0CGf8efXbEE8pP1ORb917u,主梁钢筋_N26a:主梁钢筋_N26a:691929,691929,2440.09546,8.00000,0.00000000;0.00000000;-1.00000000,0
808,3101,372598,0CGf8efXbEE8pP1ORb917J,主梁钢筋_N26a:主梁钢筋_N26a:691954,691954,2440.09546,8.00000,0.00000000;0.00000000;-1.00000000,0
809,3091,371022,0CGf8efXbEE8pP1ORb9167,主梁钢筋_N26a:主梁钢筋_N26a:691878,691878,2440.09546,8.00000,0.00000000;0.00000000;-1.00000000,0
810,1887,239536,30PFXlq2zChewjB6bEVlAj,主梁钢筋_N10g:主梁钢筋_N10g:661735,661735,781.83441,6.00000,0.00000000;0.00000000;-1.00000000,0
811,1891,240993,30PFXlq2zChewjB6bEVlC$,主梁钢筋_N10g:主梁钢筋_N10g:661877,661877,781.83441,6.00000,0.00000000;0.00000000;-1.00000000,0
812,1885,236621,30PFXlq2zChewjB6bEVlAQ,主梁钢筋_N10f:主梁钢筋_N10f:661712,661712,994.63685,6.00000,0.00000000;0.00000000;-1.00000000,0
813,1889,240971,30PFXlq2zChewjB6bEVlCv,主梁钢筋_N10f:主梁钢筋_N10f:661875,661875,994.63685,6.00000,0.00000000;0.00000000;-1.00000000,0
814,1886,238113,30PFXlq2zChewjB6bEVlAO,主梁钢筋_N10f:主梁钢筋_N10f:661714,661714,994.63685,6.00000,0.00000000;0.00000000;-1.00000000,0
815,1890,240982,30PFXlq2zChewjB6bEVlC_,主梁钢筋_N10f:主梁钢筋_N10f:661876,661876,994.63685,6.00000,0.00000000;0.00000000;-1.00000000,0
816,1888,240960,30PFXlq2zChewjB6bEVlAY,主梁钢筋_N10g:主梁钢筋_N10g:661736,661736,781.83441,6.00000,0.00000000;0.00000000;-1.00000000,0
817,1892,241004,30PFXlq2zChewjB6bEVlCy,主梁钢筋_N10g:主梁钢筋_N10g:661878,661878,781.83441,6.00000,0.00000000;0.00000000;-1.00000000,0
818,304,116179,03ROboBXj84foxBMwZdevY,主梁钢筋_N10:主梁钢筋_N10:622536,622536,32530.00000,6.00000,0.00000000;0.00000000;-1.00000000,0
819,331,134234,03ROboBXj84foxBMwZddCo,主梁钢筋_N10:主梁钢筋_N10:623256,623256,32530.00000,6.00000,0.00000000;0.00000000;-1.00000000,0
820,285,99988,03ROboBXj84foxBMwZdewr,主梁钢筋_N10:主梁钢筋_N10:622367,622367,32530.00000,6.00000,0.00000000;0.00000000;-1.00000000,0
821,312,118045,03ROboBXj84foxBMwZddFO,主梁钢筋_N10:主梁钢筋_N10:623218,623218,32530.00000,6.00000,0.00000000;0.00000000;-1.00000000,0
822,2392,286874,3PpqhBPkD87Rcsb8SRKiw7,主梁钢筋_N18:主梁钢筋_N18:680164,680164,507.39338,6.00000,0.00000000;0.00000000;-1.00000000,0
823,2398,286940,3PpqhBPkD87Rcsb8SRKiw8,主梁钢筋_N18:主梁钢筋_N18:680171,680171,507.39338,6.00000,0.00000000;0.00000000;-1.00000000,0
824,2404,287006,3PpqhBPkD87Rcsb8SRKiwH,主梁钢筋_N18:主梁钢筋_N18:680178,680178,507.39338,6.00000,0.00000000;0.00000000;-1.00000000,0
825,2410,287072,3PpqhBPkD87Rcsb8SRKiwQ,主梁钢筋_N18:主梁钢筋_N18:680185,680185,507.39338,6.00000,0.00000000;0.00000000;-1.00000000,0
826,2416,287138,3PpqhBPkD87Rcsb8SRKizZ,主梁钢筋_N18:主梁钢筋_N18:680192,680192,507.39338,6.00000,0.00000000;0.00000000;-1.00000000,0
827,2422,287204,3PpqhBPkD87Rcsb8SRKiza,主梁钢筋_N18:主梁钢筋_N18:680199,680199,507.39338,6.00000,0.00000000;0.00000000;-1.00000000,0
828,2428,287270,3PpqhBPkD87Rcsb8SRKizj,主梁钢筋_N18:主梁钢筋_N18:680206,680206,507.39338,6.00000,0.00000000;0.00000000;-1.00000000,0
829,2434,287336,3PpqhBPkD87Rcsb8SRKizs,主梁钢筋_N18:主梁钢筋_N18:680213,680213,507.39338,6.00000,0.00000000;0.00000000;-1.00000000,0
830,2440,287402,3PpqhBPkD87Rcsb8SRKiz$,主梁钢筋_N18:主梁钢筋_N18:680220,680220,507.39338,6.00000,0.00000000;0.00000000;-1.00000000,0
831,2446,287468,3PpqhBPkD87Rcsb8SRKiz0,主梁钢筋_N18:主梁钢筋_N18:680227,680227,507.39338,6.00000,0.00000000;0.00000000;-1.00000000,0
832,2452,287534,3PpqhBPkD87Rcsb8SRKiz9,主梁钢筋_N18:主梁钢筋_N18:680234,680234,507.39338,6.00000,0.00000000;0.00000000;-1.00000000,0
833,2458,287600,3PpqhBPkD87Rcsb8SRKizI,主梁钢筋_N18:主梁钢筋_N18:680241,680241,507.39338,6.00000,0.00000000;0.00000000;-1.00000000,0
834,2464,287666,3PpqhBPkD87Rcsb8SRKizR,主梁钢筋_N18:主梁钢筋_N18:680248,680248,507.39338,6.00000,0.00000000;0.00000000;-1.00000000,0
835,2470,287732,3PpqhBPkD87Rcsb8SRKizS,主梁钢筋_N18:主梁钢筋_N18:680255,680255,507.39338,6.00000,0.00000000;0.00000000;-1.00000000,0
836,2476,287798,3PpqhBPkD87Rcsb8SRKiyb,主梁钢筋_N18:主梁钢筋_N18:680262,680262,507.39338,6.00000,0.00000000;0.00000000;-1.00000000,0
837,2482,287864,3PpqhBPkD87Rcsb8SRKiyk,主梁钢筋_N18:主梁钢筋_N18:680269,680269,507.39338,6.00000,0.00000000;0.00000000;-1.00000000,0
838,2488,287930,3PpqhBPkD87Rcsb8SRKiyt,主梁钢筋_N18:主梁钢筋_N18:680276,680276,507.39338,6.00000,0.00000000;0.00000000;-1.00000000,0
839,2494,287996,3PpqhBPkD87Rcsb8SRKiy$,主梁钢筋_N18:主梁钢筋_N18:680284,680284,507.39338,6.00000,0.00000000;0.00000000;-1.00000000,0
840,2500,288062,3PpqhBPkD87Rcsb8SRKiy7,主梁钢筋_N18:主梁钢筋_N18:680292,680292,507.39338,6.00000,0.00000000;0.00000000;-1.00000000,0
841,2506,288128,3PpqhBPkD87Rcsb8SRKiyF,主梁钢筋_N18:主梁钢筋_N18:680300,680300,507.39338,6.00000,0.00000000;0.00000000;-1.00000000,0
842,2512,288194,3PpqhBPkD87Rcsb8SRKiyN,主梁钢筋_N18:主梁钢筋_N18:680308,680308,507.39338,6.00000,0.00000000;0.00000000;-1.00000000,0
843,2518,288260,3PpqhBPkD87Rcsb8SRKiyV,主梁钢筋_N18:主梁钢筋_N18:680316,680316,507.39338,6.00000,0.00000000;0.00000000;-1.00000000,0
844,2524,288326,3PpqhBPkD87Rcsb8SRKi$d,主梁钢筋_N18:主梁钢筋_N18:680324,680324,507.39338,6.00000,0.00000000;0.00000000;-1.00000000,0
845,2107,276155,3PpqhBPkD87Rcsb8SRKl4L,主梁钢筋_N18:主梁钢筋_N18:679798,679798,507.39338,6.00000,0.00000000;0.00000000;-1.00000000,0
846,2101,276089,3PpqhBPkD87Rcsb8SRKl4E,主梁钢筋_N18:主梁钢筋_N18:679789,679789,507.39338,6.00000,0.00000000;0.00000000;-1.00000000,0
847,2095,276023,3PpqhBPkD87Rcsb8SRKl47,主梁钢筋_N18:主梁钢筋_N18:679780,679780,507.39338,6.00000,0.00000000;0.00000000;-1.00000000,0
848,2089,275957,3PpqhBPkD87Rcsb8SRKl4u,主梁钢筋_N18:主梁钢筋_N18:679771,679771,507.39338,6.00000,0.00000000;0.00000000;-1.00000000,0
849,2083,275891,3PpqhBPkD87Rcsb8SRKl4n,主梁钢筋_N18:主梁钢筋_N18:679762,679762,507.39338,6.00000,0.00000000;0.00000000;-1.00000000,0
850,2077,275825,3PpqhBPkD87Rcsb8SRKl5H,主梁钢筋_N18:主梁钢筋_N18:679730,679730,507.39338,6.00000,0.00000000;0.00000000;-1.00000000,0
851,2071,275759,3PpqhBPkD87Rcsb8SRKl0k,主梁钢筋_N18:主梁钢筋_N18:679501,679501,507.39338,6.00000,0.00000000;0.00000000;-1.00000000,0
852,2065,275693,3PpqhBPkD87Rcsb8SRKl0c,主梁钢筋_N18:主梁钢筋_N18:679493,679493,507.39338,6.00000,0.00000000;0.00000000;-1.00000000,0
853,2059,275627,3PpqhBPkD87Rcsb8SRKl1U,主梁钢筋_N18:主梁钢筋_N18:679485,679485,507.39338,6.00000,0.00000000;0.00000000;-1.00000000,0
854,2053,275561,3PpqhBPkD87Rcsb8SRKl1M,主梁钢筋_N18:主梁钢筋_N18:679477,679477,507.39338,6.00000,0.00000000;0.00000000;-1.00000000,0
855,2047,275495,3PpqhBPkD87Rcsb8SRKl1E,主梁钢筋_N18:主梁钢筋_N18:679469,679469,507.39338,6.00000,0.00000000;0.00000000;-1.00000000,0
856,2041,275429,3PpqhBPkD87Rcsb8SRKl16,主梁钢筋_N18:主梁钢筋_N18:679461,679461,507.39338,6.00000,0.00000000;0.00000000;-1.00000000,0
857,2035,275363,3PpqhBPkD87Rcsb8SRKl1_,主梁钢筋_N18:主梁钢筋_N18:679453,679453,507.39338,6.00000,0.00000000;0.00000000;-1.00000000,0
858,2029,275297,3PpqhBPkD87Rcsb8SRKl1s,主梁钢筋_N18:主梁钢筋_N18:679445,679445,507.39338,6.00000,0.00000000;0.00000000;-1.00000000,0
859,2023,275231,3PpqhBPkD87Rcsb8SRKl1k,主梁钢筋_N18:主梁钢筋_N18:679437,679437,507.39338,6.00000,0.00000000;0.00000000;-1.00000000,0
860,2017,275165,3PpqhBPkD87Rcsb8SRKl1c,主梁钢筋_N18:主梁钢筋_N18:679429,679429,507.39338,6.00000,0.00000000;0.00000000;-1.00000000,0
861,2011,275099,3PpqhBPkD87Rcsb8SRKlEU,主梁钢筋_N18:主梁钢筋_N18:679421,679421,507.39338,6.00000,0.00000000;0.00000000;-1.00000000,0
862,2005,275033,3PpqhBPkD87Rcsb8SRKlEM,主梁钢筋_N18:主梁钢筋_N18:679413,679413,507.39338,6.00000,0.00000000;0.00000000;-1.00000000,0
863,1999,274967,3PpqhBPkD87Rcsb8SRKlEE,主梁钢筋_N18:主梁钢筋_N18:679405,679405,507.39338,6.00000,0.00000000;0.00000000;-1.00000000,0
864,1993,274901,3PpqhBPkD87Rcsb8SRKlE6,主梁钢筋_N18:主梁钢筋_N18:679397,679397,507.39338,6.00000,0.00000000;0.00000000;-1.00000000,0
865,1987,274835,3PpqhBPkD87Rcsb8SRKlE_,主梁钢筋_N18:主梁钢筋_N18:679389,679389,507.39338,6.00000,0.00000000;0.00000000;-1.00000000,0
866,1981,274769,3PpqhBPkD87Rcsb8SRKlFO,主梁钢筋_N18:主梁钢筋_N18:679355,679355,507.39338,6.00000,0.00000000;0.00000000;-1.00000000,0
867,1968,265818,3PpqhBPkD87Rcsb8SRKk6r,主梁钢筋_N18:主梁钢筋_N18:675798,675798,507.39338,6.00000,0.00000000;0.00000000;-1.00000000,0
868,2386,286808,3PpqhBPkD87Rcsb8SRKiw$,主梁钢筋_N18:主梁钢筋_N18:680156,680156,507.39317,6.00000,0.00000000;0.00000000;-1.00000000,0
869,2380,286742,3PpqhBPkD87Rcsb8SRKiwt,主梁钢筋_N18:主梁钢筋_N18:680148,680148,507.39317,6.00000,0.00000000;0.00000000;-1.00000000,0
870,2374,286676,3PpqhBPkD87Rcsb8SRKiwl,主梁钢筋_N18:主梁钢筋_N18:680140,680140,507.39317,6.00000,0.00000000;0.00000000;-1.00000000,0
871,2368,286610,3PpqhBPkD87Rcsb8SRKiwd,主梁钢筋_N18:主梁钢筋_N18:680132,680132,507.39317,6.00000,0.00000000;0.00000000;-1.00000000,0
872,2362,286544,3PpqhBPkD87Rcsb8SRKixV,主梁钢筋_N18:主梁钢筋_N18:680124,680124,507.39317,6.00000,0.00000000;0.00000000;-1.00000000,0
873,2356,286478,3PpqhBPkD87Rcsb8SRKixN,主梁钢筋_N18:主梁钢筋_N18:680116,680116,507.39317,6.00000,0.00000000;0.00000000;-1.00000000,0
874,2350,286412,3PpqhBPkD87Rcsb8SRKixF,主梁钢筋_N18:主梁钢筋_N18:680108,680108,507.39317,6.00000,0.00000000;0.00000000;-1.00000000,0
875,2344,286346,3PpqhBPkD87Rcsb8SRKix6,主梁钢筋_N18:主梁钢筋_N18:680101,680101,507.39317,6.00000,0.00000000;0.00000000;-1.00000000,0
876,2338,286280,3PpqhBPkD87Rcsb8SRKixz,主梁钢筋_N18:主梁钢筋_N18:680094,680094,507.39317,6.00000,0.00000000;0.00000000;-1.00000000,0
877,2332,286214,3PpqhBPkD87Rcsb8SRKixq,主梁钢筋_N18:主梁钢筋_N18:680087,680087,507.39317,6.00000,0.00000000;0.00000000;-1.00000000,0
878,2326,286148,3PpqhBPkD87Rcsb8SRKixp,主梁钢筋_N18:主梁钢筋_N18:680080,680080,507.39317,6.00000,0.00000000;0.00000000;-1.00000000,0
879,2320,286082,3PpqhBPkD87Rcsb8SRKixg,主梁钢筋_N18:主梁钢筋_N18:680073,680073,507.39317,6.00000,0.00000000;0.00000000;-1.00000000,0
880,2314,286016,3PpqhBPkD87Rcsb8SRKixX,主梁钢筋_N18:主梁钢筋_N18:680066,680066,507.39317,6.00000,0.00000000;0.00000000;-1.00000000,0
881,2308,285950,3PpqhBPkD87Rcsb8SRKiuO,主梁钢筋_N18:主梁钢筋_N18:680059,680059,507.39317,6.00000,0.00000000;0.00000000;-1.00000000,0
882,2302,285884,3PpqhBPkD87Rcsb8SRKiuN,主梁钢筋_N18:主梁钢筋_N18:680052,680052,507.39317,6.00000,0.00000000;0.00000000;-1.00000000,0
883,2296,285818,3PpqhBPkD87Rcsb8SRKiuE,主梁钢筋_N18:主梁钢筋_N18:680045,680045,507.39317,6.00000,0.00000000;0.00000000;-1.00000000,0
884,2290,285752,3PpqhBPkD87Rcsb8SRKiu5,主梁钢筋_N18:主梁钢筋_N18:680038,680038,507.39317,6.00000,0.00000000;0.00000000;-1.00000000,0
885,2284,285686,3PpqhBPkD87Rcsb8SRKiuy,主梁钢筋_N18:主梁钢筋_N18:680031,680031,507.39317,6.00000,0.00000000;0.00000000;-1.00000000,0
886,2278,285620,3PpqhBPkD87Rcsb8SRKiux,主梁钢筋_N18:主梁钢筋_N18:680024,680024,507.39317,6.00000,0.00000000;0.00000000;-1.00000000,0
887,2272,285554,3PpqhBPkD87Rcsb8SRKiuo,主梁钢筋_N18:主梁钢筋_N18:680017,680017,507.39317,6.00000,0.00000000;0.00000000;-1.00000000,0
888,2266,285488,3PpqhBPkD87Rcsb8SRKiuf,主梁钢筋_N18:主梁钢筋_N18:680010,680010,507.39317,6.00000,0.00000000;0.00000000;-1.00000000,0
889,2260,285422,3PpqhBPkD87Rcsb8SRKiuW,主梁钢筋_N18:主梁钢筋_N18:680003,680003,507.39317,6.00000,0.00000000;0.00000000;-1.00000000,0
890,2254,285356,3PpqhBPkD87Rcsb8SRKivV,主梁钢筋_N18:主梁钢筋_N18:679996,679996,507.39317,6.00000,0.00000000;0.00000000;-1.00000000,0
891,2113,280027,3PpqhBPkD87Rcsb8SRKl7W,主梁钢筋_N18:主梁钢筋_N18:679811,679811,507.39317,6.00000,0.00000000;0.00000000;-1.00000000,0
892,2119,283871,3PpqhBPkD87Rcsb8SRKl7f,主梁钢筋_N18:主梁钢筋_N18:679818,679818,507.39317,6.00000,0.00000000;0.00000000;-1.00000000,0
893,2125,283937,3PpqhBPkD87Rcsb8SRKl7o,主梁钢筋_N18:主梁钢筋_N18:679825,679825,507.39317,6.00000,0.00000000;0.00000000;-1.00000000,0
894,2131,284003,3PpqhBPkD87Rcsb8SRKl7x,主梁钢筋_N18:主梁钢筋_N18:679832,679832,507.39317,6.00000,0.00000000;0.00000000;-1.00000000,0
895,2137,284069,3PpqhBPkD87Rcsb8SRKl7y,主梁钢筋_N18:主梁钢筋_N18:679839,679839,507.39317,6.00000,0.00000000;0.00000000;-1.00000000,0
896,2143,284135,3PpqhBPkD87Rcsb8SRKl75,主梁钢筋_N18:主梁钢筋_N18:679846,679846,507.39317,6.00000,0.00000000;0.00000000;-1.00000000,0
897,2149,284201,3PpqhBPkD87Rcsb8SRKl7E,主梁钢筋_N18:主梁钢筋_N18:679853,679853,507.39317,6.00000,0.00000000;0.00000000;-1.00000000,0
898,2155,284267,3PpqhBPkD87Rcsb8SRKl7N,主梁钢筋_N18:主梁钢筋_N18:679860,679860,507.39317,6.00000,0.00000000;0.00000000;-1.00000000,0
899,2161,284333,3PpqhBPkD87Rcsb8SRKl7O,主梁钢筋_N18:主梁钢筋_N18:679867,679867,507.39317,6.00000,0.00000000;0.00000000;-1.00000000,0
900,2167,284399,3PpqhBPkD87Rcsb8SRKl6X,主梁钢筋_N18:主梁钢筋_N18:679874,679874,507.39317,6.00000,0.00000000;0.00000000;-1.00000000,0
901,2173,284465,3PpqhBPkD87Rcsb8SRKl6g,主梁钢筋_N18:主梁钢筋_N18:679881,679881,507.39317,6.00000,0.00000000;0.00000000;-1.00000000,0
902,2179,284531,3PpqhBPkD87Rcsb8SRKl6p,主梁钢筋_N18:主梁钢筋_N18:679888,679888,507.39317,6.00000,0.00000000;0.00000000;-1.00000000,0
903,2185,284597,3PpqhBPkD87Rcsb8SRKl6q,主梁钢筋_N18:主梁钢筋_N18:679895,679895,507.39317,6.00000,0.00000000;0.00000000;-1.00000000,0
904,2191,284663,3PpqhBPkD87Rcsb8SRKl6z,主梁钢筋_N18:主梁钢筋_N18:679902,679902,507.39317,6.00000,0.00000000;0.00000000;-1.00000000,0
905,2197,284729,3PpqhBPkD87Rcsb8SRKl66,主梁钢筋_N18:主梁钢筋_N18:679909,679909,507.39317,6.00000,0.00000000;0.00000000;-1.00000000,0
906,2203,284795,3PpqhBPkD87Rcsb8SRKl6F,主梁钢筋_N18:主梁钢筋_N18:679916,679916,507.39317,6.00000,0.00000000;0.00000000;-1.00000000,0
907,2209,284861,3PpqhBPkD87Rcsb8SRKl6G,主梁钢筋_N18:主梁钢筋_N18:679923,679923,507.39317,6.00000,0.00000000;0.00000000;-1.00000000,0
908,2215,284927,3PpqhBPkD87Rcsb8SRKl6O,主梁钢筋_N18:主梁钢筋_N18:679931,679931,507.39317,6.00000,0.00000000;0.00000000;-1.00000000,0
909,2221,284993,3PpqhBPkD87Rcsb8SRKivW,主梁钢筋_N18:主梁钢筋_N18:679939,679939,507.39317,6.00000,0.00000000;0.00000000;-1.00000000,0
910,2227,285059,3PpqhBPkD87Rcsb8SRKive,主梁钢筋_N18:主梁钢筋_N18:679947,679947,507.39317,6.00000,0.00000000;0.00000000;-1.00000000,0
911,2233,285125,3PpqhBPkD87Rcsb8SRKivm,主梁钢筋_N18:主梁钢筋_N18:679955,679955,507.39317,6.00000,0.00000000;0.00000000;-1.00000000,0
912,2239,285191,3PpqhBPkD87Rcsb8SRKivu,主梁钢筋_N18:主梁钢筋_N18:679963,679963,507.39317,6.00000,0.00000000;0.00000000;-1.00000000,0
913,2245,285257,3PpqhBPkD87Rcsb8SRKiv0,主梁钢筋_N18:主梁钢筋_N18:679971,679971,507.39317,6.00000,0.00000000;0.00000000;-1.00000000,0
914,298,116113,03ROboBXj84foxBMwZdeus,主梁钢筋_N10:主梁钢筋_N10:622492,622492,32530.00000,6.00000,0.00000000;0.00000000;-1.00000000,0
915,325,134168,03ROboBXj84foxBMwZddCc,主梁钢筋_N10:主梁钢筋_N10:623244,623244,32530.00000,6.00000,0.00000000;0.00000000;-1.00000000,0
916,284,99977,03ROboBXj84foxBMwZdews,主梁钢筋_N10:主梁钢筋_N10:622364,622364,32530.00000,6.00000,0.00000000;0.00000000;-1.00000000,0
917,311,118034,03ROboBXj84foxBMwZddFQ,主梁钢筋_N10:主梁钢筋_N10:623216,623216,32530.00000,6.00000,0.00000000;0.00000000;-1.00000000,0
918,3105,372642,0CGf8efXbEE8pP1ORb917R,主梁钢筋_N26a:主梁钢筋_N26a:691962,691962,2440.09546,8.00000,0.00000000;0.00000000;-1.00000000,0
919,3095,372532,0CGf8efXbEE8pP1ORb917s,主梁钢筋_N26a:主梁钢筋_N26a:691927,691927,2440.09546,8.00000,0.00000000;0.00000000;-1.00000000,0
920,3100,372587,0CGf8efXbEE8pP1ORb917H,主梁钢筋_N26a:主梁钢筋_N26a:691952,691952,2440.09546,8.00000,0.00000000;0.00000000;-1.00000000,0
921,3090,371011,0CGf8efXbEE8pP1ORb916$,主梁钢筋_N26a:主梁钢筋_N26a:691870,691870,2440.09546,8.00000,0.00000000;0.00000000;-1.00000000,0
922,2755,299673,3PpqhBPkD87Rcsb8SRKikI,主梁钢筋_N19:主梁钢筋_N19:681457,681457,504.36209,6.00000,0.00000000;0.00000000;-1.00000000,0
923,2752,299640,3PpqhBPkD87Rcsb8SRKikE,主梁钢筋_N19:主梁钢筋_N19:681453,681453,504.36209,6.00000,0.00000000;0.00000000;-1.00000000,0
924,2749,299607,3PpqhBPkD87Rcsb8SRKikA,主梁钢筋_N19:主梁钢筋_N19:681449,681449,504.36209,6.00000,0.00000000;0.00000000;-1.00000000,0
925,2758,299706,3PpqhBPkD87Rcsb8SRKikM,主梁钢筋_N19:主梁钢筋_N19:681461,681461,504.36209,6.00000,0.00000000;0.00000000;-1.00000000,0
926,2761,299739,3PpqhBPkD87Rcsb8SRKikQ,主梁钢筋_N19:主梁钢筋_N19:681465,681465,504.36209,6.00000,0.00000000;0.00000000;-1.00000000,0
927,2764,299772,3PpqhBPkD87Rcsb8SRKikU,主梁钢筋_N19:主梁钢筋_N19:681469,681469,504.36209,6.00000,0.00000000;0.00000000;-1.00000000,0
928,2767,299805,3PpqhBPkD87Rcsb8SRKiXY,主梁钢筋_N19:主梁钢筋_N19:681473,681473,504.36209,6.00000,0.00000000;0.00000000;-1.00000000,0
929,2770,299838,3PpqhBPkD87Rcsb8SRKiXc,主梁钢筋_N19:主梁钢筋_N19:681477,681477,504.36209,6.00000,0.00000000;0.00000000;-1.00000000,0
930,2773,299871,3PpqhBPkD87Rcsb8SRKiXg,主梁钢筋_N19:主梁钢筋_N19:681481,681481,504.36209,6.00000,0.00000000;0.00000000;-1.00000000,0
931,2776,299904,3PpqhBPkD87Rcsb8SRKiXk,主梁钢筋_N19:主梁钢筋_N19:681485,681485,504.36209,6.00000,0.00000000;0.00000000;-1.00000000,0
932,2779,299937,3PpqhBPkD87Rcsb8SRKiXo,主梁钢筋_N19:主梁钢筋_N19:681489,681489,504.36209,6.00000,0.00000000;0.00000000;-1.00000000,0
933,2782,299970,3PpqhBPkD87Rcsb8SRKiXs,主梁钢筋_N19:主梁钢筋_N19:681493,681493,504.36209,6.00000,0.00000000;0.00000000;-1.00000000,0
934,2785,300003,3PpqhBPkD87Rcsb8SRKiXw,主梁钢筋_N19:主梁钢筋_N19:681497,681497,504.36209,6.00000,0.00000000;0.00000000;-1.00000000,0
935,2788,300036,3PpqhBPkD87Rcsb8SRKiX_,主梁钢筋_N19:主梁钢筋_N19:681501,681501,504.36209,6.00000,0.00000000;0.00000000;-1.00000000,0
936,2791,300069,3PpqhBPkD87Rcsb8SRKiX2,主梁钢筋_N19:主梁钢筋_N19:681505,681505,504.36209,6.00000,0.00000000;0.00000000;-1.00000000,0
937,2794,300102,3PpqhBPkD87Rcsb8SRKiX6,主梁钢筋_N19:主梁钢筋_N19:681509,681509,504.36209,6.00000,0.00000000;0.00000000;-1.00000000,0
938,2797,300135,3PpqhBPkD87Rcsb8SRKiXA,主梁钢筋_N19:主梁钢筋_N19:681513,681513,504.36209,6.00000,0.00000000;0.00000000;-1.00000000,0
939,2638,292136,3PpqhBPkD87Rcsb8SRKijo,主梁钢筋_N19:主梁钢筋_N19:681233,681233,504.36209,6.00000,0.00000000;0.00000000;-1.00000000,0
940,2641,293419,3PpqhBPkD87Rcsb8SRKijs,主梁钢筋_N19:主梁钢筋_N19:681237,681237,504.36209,6.00000,0.00000000;0.00000000;-1.00000000,0
941,2644,293452,3PpqhBPkD87Rcsb8SRKijw,主梁钢筋_N19:主梁钢筋_N19:681241,681241,504.36209,6.00000,0.00000000;0.00000000;-1.00000000,0
942,2647,293485,3PpqhBPkD87Rcsb8SRKij_,主梁钢筋_N19:主梁钢筋_N19:681245,681245,504.36209,6.00000,0.00000000;0.00000000;-1.00000000,0
943,2650,293518,3PpqhBPkD87Rcsb8SRKij2,主梁钢筋_N19:主梁钢筋_N19:681249,681249,504.36209,6.00000,0.00000000;0.00000000;-1.00000000,0
944,2653,293551,3PpqhBPkD87Rcsb8SRKij6,主梁钢筋_N19:主梁钢筋_N19:681253,681253,504.36209,6.00000,0.00000000;0.00000000;-1.00000000,0
945,2656,293584,3PpqhBPkD87Rcsb8SRKijA,主梁钢筋_N19:主梁钢筋_N19:681257,681257,504.36209,6.00000,0.00000000;0.00000000;-1.00000000,0
946,2659,293617,3PpqhBPkD87Rcsb8SRKijE,主梁钢筋_N19:主梁钢筋_N19:681261,681261,504.36209,6.00000,0.00000000;0.00000000;-1.00000000,0
947,2662,293650,3PpqhBPkD87Rcsb8SRKijI,主梁钢筋_N19:主梁钢筋_N19:681265,681265,504.36209,6.00000,0.00000000;0.00000000;-1.00000000,0
948,2665,293683,3PpqhBPkD87Rcsb8SRKijM,主梁钢筋_N19:主梁钢筋_N19:681269,681269,504.36209,6.00000,0.00000000;0.00000000;-1.00000000,0
949,2668,293716,3PpqhBPkD87Rcsb8SRKijQ,主梁钢筋_N19:主梁钢筋_N19:681273,681273,504.36209,6.00000,0.00000000;0.00000000;-1.00000000,0
950,2671,293749,3PpqhBPkD87Rcsb8SRKijU,主梁钢筋_N19:主梁钢筋_N19:681277,681277,504.36209,6.00000,0.00000000;0.00000000;-1.00000000,0
951,2674,293782,3PpqhBPkD87Rcsb8SRKiiY,主梁钢筋_N19:主梁钢筋_N19:681281,681281,504.36209,6.00000,0.00000000;0.00000000;-1.00000000,0
952,2677,293815,3PpqhBPkD87Rcsb8SRKiic,主梁钢筋_N19:主梁钢筋_N19:681285,681285,504.36209,6.00000,0.00000000;0.00000000;-1.00000000,0
953,2680,293848,3PpqhBPkD87Rcsb8SRKiig,主梁钢筋_N19:主梁钢筋_N19:681289,681289,504.36209,6.00000,0.00000000;0.00000000;-1.00000000,0
954,2683,293881,3PpqhBPkD87Rcsb8SRKiik,主梁钢筋_N19:主梁钢筋_N19:681293,681293,504.36209,6.00000,0.00000000;0.00000000;-1.00000000,0
955,2800,300168,3PpqhBPkD87Rcsb8SRKiXD,主梁钢筋_N19:主梁钢筋_N19:681518,681518,504.36219,6.00000,0.00000000;0.00000000;-1.00000000,0
956,2803,300201,3PpqhBPkD87Rcsb8SRKiXH,主梁钢筋_N19:主梁钢筋_N19:681522,681522,504.36219,6.00000,0.00000000;0.00000000;-1.00000000,0
957,2806,300234,3PpqhBPkD87Rcsb8SRKiXL,主梁钢筋_N19:主梁钢筋_N19:681526,681526,504.36219,6.00000,0.00000000;0.00000000;-1.00000000,0
958,2809,300267,3PpqhBPkD87Rcsb8SRKiXP,主梁钢筋_N19:主梁钢筋_N19:681530,681530,504.36219,6.00000,0.00000000;0.00000000;-1.00000000,0
959,2812,300300,3PpqhBPkD87Rcsb8SRKiXT,主梁钢筋_N19:主梁钢筋_N19:681534,681534,504.36219,6.00000,0.00000000;0.00000000;-1.00000000,0
960,2815,300333,3PpqhBPkD87Rcsb8SRKiWX,主梁钢筋_N19:主梁钢筋_N19:681538,681538,504.36219,6.00000,0.00000000;0.00000000;-1.00000000,0
961,2818,300366,3PpqhBPkD87Rcsb8SRKiWb,主梁钢筋_N19:主梁钢筋_N19:681542,681542,504.36219,6.00000,0.00000000;0.00000000;-1.00000000,0
962,2821,300399,3PpqhBPkD87Rcsb8SRKiWf,主梁钢筋_N19:主梁钢筋_N19:681546,681546,504.36219,6.00000,0.00000000;0.00000000;-1.00000000,0
963,2824,300432,3PpqhBPkD87Rcsb8SRKiWj,主梁钢筋_N19:主梁钢筋_N19:681550,681550,504.36219,6.00000,0.00000000;0.00000000;-1.00000000,0
964,2827,300465,3PpqhBPkD87Rcsb8SRKiWn,主梁钢筋_N19:主梁钢筋_N19:681554,681554,504.36219,6.00000,0.00000000;0.00000000;-1.00000000,0
965,2830,300498,3PpqhBPkD87Rcsb8SRKiWr,主梁钢筋_N19:主梁钢筋_N19:681558,681558,504.36219,6.00000,0.00000000;0.00000000;-1.00000000,0
966,2833,300531,3PpqhBPkD87Rcsb8SRKiWv,主梁钢筋_N19:主梁钢筋_N19:681562,681562,504.36219,6.00000,0.00000000;0.00000000;-1.00000000,0
967,2836,300564,3PpqhBPkD87Rcsb8SRKiWz,主梁钢筋_N19:主梁钢筋_N19:681566,681566,504.36219,6.00000,0.00000000;0.00000000;-1.00000000,0
968,2839,300597,3PpqhBPkD87Rcsb8SRKiW1,主梁钢筋_N19:主梁钢筋_N19:681570,681570,504.36219,6.00000,0.00000000;0.00000000;-1.00000000,0
969,2842,300630,3PpqhBPkD87Rcsb8SRKiW5,主梁钢筋_N19:主梁钢筋_N19:681574,681574,504.36219,6.00000,0.00000000;0.00000000;-1.00000000,0
970,2845,300663,3PpqhBPkD87Rcsb8SRKiW9,主梁钢筋_N19:主梁钢筋_N19:681578,681578,504.36219,6.00000,0.00000000;0.00000000;-1.00000000,0
971,2633,289525,3PpqhBPkD87Rcsb8SRKig6,主梁钢筋_N19:主梁钢筋_N19:681189,681189,504.36219,6.00000,0.00000000;0.00000000;-1.00000000,0
972,2626,289448,3PpqhBPkD87Rcsb8SRKig$,主梁钢筋_N19:主梁钢筋_N19:681180,681180,504.36219,6.00000,0.00000000;0.00000000;-1.00000000,0
973,2619,289371,3PpqhBPkD87Rcsb8SRKigm,主梁钢筋_N19:主梁钢筋_N19:681171,681171,504.36219,6.00000,0.00000000;0.00000000;-1.00000000,0
974,2612,289294,3PpqhBPkD87Rcsb8SRKigf,主梁钢筋_N19:主梁钢筋_N19:681162,681162,504.36219,6.00000,0.00000000;0.00000000;-1.00000000,0
975,2605,289217,3PpqhBPkD87Rcsb8SRKigY,主梁钢筋_N19:主梁钢筋_N19:681153,681153,504.36219,6.00000,0.00000000;0.00000000;-1.00000000,0
976,2598,289140,3PpqhBPkD87Rcsb8SRKihR,主梁钢筋_N19:主梁钢筋_N19:681144,681144,504.36219,6.00000,0.00000000;0.00000000;-1.00000000,0
977,2591,289063,3PpqhBPkD87Rcsb8SRKihC,主梁钢筋_N19:主梁钢筋_N19:681135,681135,504.36219,6.00000,0.00000000;0.00000000;-1.00000000,0
978,2584,288986,3PpqhBPkD87Rcsb8SRKih5,主梁钢筋_N19:主梁钢筋_N19:681126,681126,504.36219,6.00000,0.00000000;0.00000000;-1.00000000,0
979,2577,288909,3PpqhBPkD87Rcsb8SRKih_,主梁钢筋_N19:主梁钢筋_N19:681117,681117,504.36219,6.00000,0.00000000;0.00000000;-1.00000000,0
980,2570,288832,3PpqhBPkD87Rcsb8SRKiht,主梁钢筋_N19:主梁钢筋_N19:681108,681108,504.36219,6.00000,0.00000000;0.00000000;-1.00000000,0
981,2563,288755,3PpqhBPkD87Rcsb8SRKihe,主梁钢筋_N19:主梁钢筋_N19:681099,681099,504.36219,6.00000,0.00000000;0.00000000;-1.00000000,0
982,2556,288678,3PpqhBPkD87Rcsb8SRKihX,主梁钢筋_N19:主梁钢筋_N19:681090,681090,504.36219,6.00000,0.00000000;0.00000000;-1.00000000,0
983,2549,288601,3PpqhBPkD87Rcsb8SRKieQ,主梁钢筋_N19:主梁钢筋_N19:681081,681081,504.36219,6.00000,0.00000000;0.00000000;-1.00000000,0
984,2542,288524,3PpqhBPkD87Rcsb8SRKieJ,主梁钢筋_N19:主梁钢筋_N19:681072,681072,504.36219,6.00000,0.00000000;0.00000000;-1.00000000,0
985,2535,288447,3PpqhBPkD87Rcsb8SRKie4,主梁钢筋_N19:主梁钢筋_N19:681063,681063,504.36219,6.00000,0.00000000;0.00000000;-1.00000000,0
986,2528,288370,3PpqhBPkD87Rcsb8SRKiej,主梁钢筋_N19:主梁钢筋_N19:681038,681038,504.36219,6.00000,0.00000000;0.00000000;-1.00000000,0
987,1969,267121,3PpqhBPkD87Rcsb8SRKl$A,主梁钢筋_N19:主梁钢筋_N19:676265,676265,504.36219,6.00000,0.00000000;0.00000000;-1.00000000,0
988,3108,373939,1sLQhrNC92jRLQJb4eaTYF,主梁钢筋_N19a:主梁钢筋_N19a:693640,693640,474.85944,6.00000,0.00000000;0.00000000;-1.00000000,0
989,3123,380425,1sLQhrNC92jRLQJb4eaTko,主梁钢筋_N19a:主梁钢筋_N19a:693941,693941,474.85944,6.00000,0.00000000;0.00000000;-1.00000000,0
990,3118,380370,1sLQhrNC92jRLQJb4eaTkf,主梁钢筋_N19a:主梁钢筋_N19a:693934,693934,474.85944,6.00000,0.00000000;0.00000000;-1.00000000,0
991,3113,377787,1sLQhrNC92jRLQJb4eaTkQ,主梁钢筋_N19a:主梁钢筋_N19a:693917,693917,474.85944,6.00000,0.00000000;0.00000000;-1.00000000,0
992,3110,376490,1sLQhrNC92jRLQJb4eaTiM,主梁钢筋_N19a:主梁钢筋_N19a:693777,693777,456.98668,6.00000,0.00000000;0.00000000;-1.00000000,0
993,3125,380447,1sLQhrNC92jRLQJb4eaTkm,主梁钢筋_N19a:主梁钢筋_N19a:693943,693943,456.98668,6.00000,0.00000000;0.00000000;-1.00000000,0
994,3120,380392,1sLQhrNC92jRLQJb4eaTks,主梁钢筋_N19a:主梁钢筋_N19a:693937,693937,456.98668,6.00000,0.00000000;0.00000000;-1.00000000,0
995,3115,380337,1sLQhrNC92jRLQJb4eaTkd,主梁钢筋_N19a:主梁钢筋_N19a:693920,693920,456.98668,6.00000,0.00000000;0.00000000;-1.00000000,0
996,3112,376512,1sLQhrNC92jRLQJb4eaTib,主梁钢筋_N19a:主梁钢筋_N19a:693794,693794,439.14437,6.00000,0.00000000;0.00000000;-1.00000000,0
997,3127,380469,1sLQhrNC92jRLQJb4eaTk_,主梁钢筋_N19a:主梁钢筋_N19a:693945,693945,439.14437,6.00000,0.00000000;0.00000000;-1.00000000,0
998,3122,380414,1sLQhrNC92jRLQJb4eaTkp,主梁钢筋_N19a:主梁钢筋_N19a:693940,693940,439.14437,6.00000,0.00000000;0.00000000;-1.00000000,0
999,3117,380359,1sLQhrNC92jRLQJb4eaTka,主梁钢筋_N19a:主梁钢筋_N19a:693923,693923,439.14437,6.00000,0.00000000;0.00000000;-1.00000000,0
1000,3111,376501,1sLQhrNC92jRLQJb4eaTiL,主梁钢筋_N19a:主梁钢筋_N19a:693778,693778,439.14437,6.00000,0.00000000;0.00000000;-1.00000000,0
1001,3109,375215,1sLQhrNC92jRLQJb4eaTZe,主梁钢筋_N19a:主梁钢筋_N19a:693743,693743,439.14437,6.00000,0.00000000;0.00000000;-1.00000000,0
1002,3119,380381,1sLQhrNC92jRLQJb4eaTke,主梁钢筋_N19a:主梁钢筋_N19a:693935,693935,439.14437,6.00000,0.00000000;0.00000000;-1.00000000,0
1003,3121,380403,1sLQhrNC92jRLQJb4eaTkr,主梁钢筋_N19a:主梁钢筋_N19a:693938,693938,439.14437,6.00000,0.00000000;0.00000000;-1.00000000,0
1004,3124,380436,1sLQhrNC92jRLQJb4eaTkn,主梁钢筋_N19a:主梁钢筋_N19a:693942,693942,439.14437,6.00000,0.00000000;0.00000000;-1.00000000,0
1005,3114,379062,1sLQhrNC92jRLQJb4eaTkP,主梁钢筋_N19a:主梁钢筋_N19a:693918,693918,439.14437,6.00000,0.00000000;0.00000000;-1.00000000,0
1006,3126,380458,1sLQhrNC92jRLQJb4eaTk$,主梁钢筋_N19a:主梁钢筋_N19a:693944,693944,439.14437,6.00000,0.00000000;0.00000000;-1.00000000,0
1007,3116,380348,1sLQhrNC92jRLQJb4eaTkc,主梁钢筋_N19a:主梁钢筋_N19a:693921,693921,439.14437,6.00000,0.00000000;0.00000000;-1.00000000,0
1008,299,116124,03ROboBXj84foxBMwZdeu9,主梁钢筋_N10:主梁钢筋_N10:622499,622499,32530.00000,6.00000,0.00000000;0.00000000;-1.00000000,0
1009,326,134179,03ROboBXj84foxBMwZddCa,主梁钢筋_N10:主梁钢筋_N10:623246,623246,32530.00000,6.00000,0.00000000;0.00000000;-1.00000000,0
1010,2975,341434,3qlyKYfH9E9fgTzD5PQCbk,主梁钢筋_N22:主梁钢筋_N22:684935,684935,490.00761,6.00000,0.00000000;0.00000000;-1.00000000,0
1011,2995,351830,3qlyKYfH9E9fgTzD5PQCas,主梁钢筋_N22:主梁钢筋_N22:685023,685023,490.00761,6.00000,0.00000000;0.00000000;-1.00000000,0
1012,3014,353327,3qlyKYfH9E9fgTzD5PQCaT,主梁钢筋_N22:主梁钢筋_N22:685044,685044,490.00874,6.00000,0.00000000;0.00000000;-1.00000000,0
1013,2956,318351,3qlyKYfH9E9fgTzD5PQDN3,主梁钢筋_N22:主梁钢筋_N22:683818,683818,490.00874,6.00000,0.00000000;0.00000000;-1.00000000,0
1014,2970,334983,3qlyKYfH9E9fgTzD5PQCbf,主梁钢筋_N22:主梁钢筋_N22:684928,684928,464.69533,6.00000,0.00000000;0.00000000;-1.00000000,0
1015,2989,350486,3qlyKYfH9E9fgTzD5PQCa_,主梁钢筋_N22:主梁钢筋_N22:685015,685015,464.69533,6.00000,0.00000000;0.00000000;-1.00000000,0
1016,3009,353272,3qlyKYfH9E9fgTzD5PQCa6,主梁钢筋_N22:主梁钢筋_N22:685039,685039,464.69533,6.00000,0.00000000;0.00000000;-1.00000000,0
1017,2950,310611,3qlyKYfH9E9fgTzD5PQDN_,主梁钢筋_N22:主梁钢筋_N22:683799,683799,464.69533,6.00000,0.00000000;0.00000000;-1.00000000,0
1018,2965,328636,3qlyKYfH9E9fgTzD5PQCcG,主梁钢筋_N22:主梁钢筋_N22:684921,684921,395.33918,6.00000,0.00000000;0.00000000;-1.00000000,0
1019,3004,353217,3qlyKYfH9E9fgTzD5PQCa3,主梁钢筋_N22:主梁钢筋_N22:685034,685034,395.33918,6.00000,0.00000000;0.00000000;-1.00000000,0
1020,2944,303002,3qlyKYfH9E9fgTzD5PQDV8,主梁钢筋_N22:主梁钢筋_N22:683297,683297,395.33918,6.00000,0.00000000;0.00000000;-1.00000000,0
1021,2983,349170,3qlyKYfH9E9fgTzD5PQCac,主梁钢筋_N22:主梁钢筋_N22:685007,685007,395.33918,6.00000,0.00000000;0.00000000;-1.00000000,0
1022,283,99966,03ROboBXj84foxBMwZdewp,主梁钢筋_N10:主梁钢筋_N10:622361,622361,32530.00000,6.00000,0.00000000;0.00000000;-1.00000000,0
1023,310,118023,03ROboBXj84foxBMwZddF4,主梁钢筋_N10:主梁钢筋_N10:623214,623214,32530.00000,6.00000,0.00000000;0.00000000;-1.00000000,0
1024,300,116135,03ROboBXj84foxBMwZdeu0,主梁钢筋_N10:主梁钢筋_N10:622506,622506,32530.00000,6.00000,0.00000000;0.00000000;-1.00000000,0
1025,327,134190,03ROboBXj84foxBMwZddCw,主梁钢筋_N10:主梁钢筋_N10:623248,623248,32530.00000,6.00000,0.00000000;0.00000000;-1.00000000,0
1026,282,99955,03ROboBXj84foxBMwZdewy,主梁钢筋_N10:主梁钢筋_N10:622358,622358,32530.00000,6.00000,0.00000000;0.00000000;-1.00000000,0
1027,309,118012,03ROboBXj84foxBMwZddF6,主梁钢筋_N10:主梁钢筋_N10:623212,623212,32530.00000,6.00000,0.00000000;0.00000000;-1.00000000,0
1028,3104,372631,0CGf8efXbEE8pP1ORb917P,主梁钢筋_N26a:主梁钢筋_N26a:691960,691960,2440.09546,8.00000,0.00000000;0.00000000;-1.00000000,0
1029,3094,372521,0CGf8efXbEE8pP1ORb917q,主梁钢筋_N26a:主梁钢筋_N26a:691925,691925,2440.09546,8.00000,0.00000000;0.00000000;-1.00000000,0
1030,3099,372576,0CGf8efXbEE8pP1ORb917F,主梁钢筋_N26a:主梁钢筋_N26a:691950,691950,2440.09546,8.00000,0.00000000;0.00000000;-1.00000000,0
1031,3089,371000,0CGf8efXbEE8pP1ORb916t,主梁钢筋_N26a:主梁钢筋_N26a:691862,691862,2440.09546,8.00000,0.00000000;0.00000000;-1.00000000,0
1032,301,116146,03ROboBXj84foxBMwZdeuP,主梁钢筋_N10:主梁钢筋_N10:622515,622515,32530.00000,6.00000,0.00000000;0.00000000;-1.00000000,0
1033,328,134201,03ROboBXj84foxBMwZddCu,主梁钢筋_N10:主梁钢筋_N10:623250,623250,32530.00000,6.00000,0.00000000;0.00000000;-1.00000000,0
1034,281,99944,03ROboBXj84foxBMwZdewv,主梁钢筋_N10:主梁钢筋_N10:622355,622355,32530.00000,6.00000,0.00000000;0.00000000;-1.00000000,0
1035,308,118001,03ROboBXj84foxBMwZddF0,主梁钢筋_N10:主梁钢筋_N10:623210,623210,32530.00000,6.00000,0.00000000;0.00000000;-1.00000000,0
1036,3075,369379,3qlyKYfH9E9fgTzD5PQCz4,主梁钢筋_N23:主梁钢筋_N23:685485,685485,542.31245,6.00000,0.00000000;0.00000000;-1.00000000,0
1037,3080,369434,3qlyKYfH9E9fgTzD5PQCzR,主梁钢筋_N23:主梁钢筋_N23:685490,685490,542.31245,6.00000,0.00000000;0.00000000;-1.00000000,0
1038,3085,369489,3qlyKYfH9E9fgTzD5PQCzU,主梁钢筋_N23:主梁钢筋_N23:685495,685495,542.31245,6.00000,0.00000000;0.00000000;-1.00000000,0
1039,3037,361271,3qlyKYfH9E9fgTzD5PQC$U,主梁钢筋_N23:主梁钢筋_N23:685367,685367,542.31245,6.00000,0.00000000;0.00000000;-1.00000000,0
1040,3031,361205,3qlyKYfH9E9fgTzD5PQC$t,主梁钢筋_N23:主梁钢筋_N23:685342,685342,542.31245,6.00000,0.00000000;0.00000000;-1.00000000,0
1041,3025,358571,3qlyKYfH9E9fgTzD5PQCxC,主梁钢筋_N23:主梁钢筋_N23:685093,685093,542.31245,6.00000,0.00000000;0.00000000;-1.00000000,0
1042,3052,367842,3qlyKYfH9E9fgTzD5PQC_u,主梁钢筋_N23:主梁钢筋_N23:685393,685393,542.31170,6.00000,0.00000000;0.00000000;-1.00000000,0
1043,3047,367787,3qlyKYfH9E9fgTzD5PQC_Z,主梁钢筋_N23:主梁钢筋_N23:685386,685386,542.31170,6.00000,0.00000000;0.00000000;-1.00000000,0
1044,3042,365164,3qlyKYfH9E9fgTzD5PQC_g,主梁钢筋_N23:主梁钢筋_N23:685379,685379,542.31170,6.00000,0.00000000;0.00000000;-1.00000000,0
1045,3058,369192,3qlyKYfH9E9fgTzD5PQCzn,主梁钢筋_N23:主梁钢筋_N23:685464,685464,542.31170,6.00000,0.00000000;0.00000000;-1.00000000,0
1046,3064,369258,3qlyKYfH9E9fgTzD5PQCz9,主梁钢筋_N23:主梁钢筋_N23:685472,685472,542.31170,6.00000,0.00000000;0.00000000;-1.00000000,0
1047,3070,369324,3qlyKYfH9E9fgTzD5PQCz1,主梁钢筋_N23:主梁钢筋_N23:685480,685480,542.31170,6.00000,0.00000000;0.00000000;-1.00000000,0
1048,887,146804,2iKFkn6PLFjw0FBYCmohke,主梁钢筋_N1e:主梁钢筋_N1e:628209,628209,1788.47645,10.00000,0.00000000;0.00000000;-1.00000000,0
1049,891,146852,2iKFkn6PLFjw0FBYCmohkX,主梁钢筋_N1e:主梁钢筋_N1e:628216,628216,1788.47645,10.00000,0.00000000;0.00000000;-1.00000000,0
1050,886,146792,2iKFkn6PLFjw0FBYCmohks,主梁钢筋_N1e:主梁钢筋_N1e:628207,628207,1788.47645,10.00000,0.00000000;0.00000000;-1.00000000,0
1051,890,146840,2iKFkn6PLFjw0FBYCmohkk,主梁钢筋_N1e:主梁钢筋_N1e:628215,628215,1788.47645,10.00000,0.00000000;0.00000000;-1.00000000,0
1052,889,146828,2iKFkn6PLFjw0FBYCmohkl,主梁钢筋_N1e:主梁钢筋_N1e:628214,628214,1788.47645,10.00000,0.00000000;0.00000000;-1.00000000,0
1053,885,145254,2iKFkn6PLFjw0FBYCmohkz,主梁钢筋_N1e:主梁钢筋_N1e:628196,628196,1788.47645,10.00000,0.00000000;0.00000000;-1.00000000,0
1054,888,146816,2iKFkn6PLFjw0FBYCmohkj,主梁钢筋_N1e:主梁钢筋_N1e:628212,628212,1788.47645,10.00000,0.00000000;0.00000000;-1.00000000,0
1055,884,145241,2iKFkn6PLFjw0FBYCmohpe,主梁钢筋_N1e:主梁钢筋_N1e:627377,627377,1788.47645,10.00000,0.00000000;0.00000000;-1.00000000,0
1056,302,116157,03ROboBXj84foxBMwZdeuG,主梁钢筋_N10:主梁钢筋_N10:622522,622522,32530.00000,6.00000,0.00000000;0.00000000;-1.00000000,0
1057,329,134212,03ROboBXj84foxBMwZddC_,主梁钢筋_N10:主梁钢筋_N10:623252,623252,32530.00000,6.00000,0.00000000;0.00000000;-1.00000000,0
1058,303,116168,03ROboBXj84foxBMwZdevh,主梁钢筋_N10:主梁钢筋_N10:622529,622529,32530.00000,6.00000,0.00000000;0.00000000;-1.00000000,0
1059,330,134223,03ROboBXj84foxBMwZddCy,主梁钢筋_N10:主梁钢筋_N10:623254,623254,32530.00000,6.00000,0.00000000;0.00000000;-1.00000000,0
1060,3103,372620,0CGf8efXbEE8pP1ORb917N,主梁钢筋_N26a:主梁钢筋_N26a:691958,691958,2440.09546,8.00000,0.00000000;0.00000000;-1.00000000,0
1061,3093,372510,0CGf8efXbEE8pP1ORb917o,主梁钢筋_N26a:主梁钢筋_N26a:691923,691923,2440.09546,8.00000,0.00000000;0.00000000;-1.00000000,0
1062,3098,372565,0CGf8efXbEE8pP1ORb917D,主梁钢筋_N26a:主梁钢筋_N26a:691948,691948,2440.09546,8.00000,0.00000000;0.00000000;-1.00000000,0
1063,3088,370988,0CGf8efXbEE8pP1ORb915k,主梁钢筋_N26a:主梁钢筋_N26a:691791,691791,2440.09546,8.00000,0.00000000;0.00000000;-1.00000000,0
1064,2753,299651,3PpqhBPkD87Rcsb8SRKikD,主梁钢筋_N19:主梁钢筋_N19:681454,681454,446.24951,6.00000,0.00000000;0.00000000;-1.00000000,0
1065,2750,299618,3PpqhBPkD87Rcsb8SRKik9,主梁钢筋_N19:主梁钢筋_N19:681450,681450,446.24951,6.00000,0.00000000;0.00000000;-1.00000000,0
1066,2756,299684,3PpqhBPkD87Rcsb8SRKikH,主梁钢筋_N19:主梁钢筋_N19:681458,681458,446.24951,6.00000,0.00000000;0.00000000;-1.00000000,0
1067,2759,299717,3PpqhBPkD87Rcsb8SRKikL,主梁钢筋_N19:主梁钢筋_N19:681462,681462,446.24951,6.00000,0.00000000;0.00000000;-1.00000000,0
1068,2762,299750,3PpqhBPkD87Rcsb8SRKikP,主梁钢筋_N19:主梁钢筋_N19:681466,681466,446.24951,6.00000,0.00000000;0.00000000;-1.00000000,0
1069,2765,299783,3PpqhBPkD87Rcsb8SRKikT,主梁钢筋_N19:主梁钢筋_N19:681470,681470,446.24951,6.00000,0.00000000;0.00000000;-1.00000000,0
1070,2768,299816,3PpqhBPkD87Rcsb8SRKiXX,主梁钢筋_N19:主梁钢筋_N19:681474,681474,446.24951,6.00000,0.00000000;0.00000000;-1.00000000,0
1071,2771,299849,3PpqhBPkD87Rcsb8SRKiXb,主梁钢筋_N19:主梁钢筋_N19:681478,681478,446.24951,6.00000,0.00000000;0.00000000;-1.00000000,0
1072,2774,299882,3PpqhBPkD87Rcsb8SRKiXf,主梁钢筋_N19:主梁钢筋_N19:681482,681482,446.24951,6.00000,0.00000000;0.00000000;-1.00000000,0
1073,2777,299915,3PpqhBPkD87Rcsb8SRKiXj,主梁钢筋_N19:主梁钢筋_N19:681486,681486,446.24951,6.00000,0.00000000;0.00000000;-1.00000000,0
1074,2780,299948,3PpqhBPkD87Rcsb8SRKiXn,主梁钢筋_N19:主梁钢筋_N19:681490,681490,446.24951,6.00000,0.00000000;0.00000000;-1.00000000,0
1075,2783,299981,3PpqhBPkD87Rcsb8SRKiXr,主梁钢筋_N19:主梁钢筋_N19:681494,681494,446.24951,6.00000,0.00000000;0.00000000;-1.00000000,0
1076,2786,300014,3PpqhBPkD87Rcsb8SRKiXv,主梁钢筋_N19:主梁钢筋_N19:681498,681498,446.24951,6.00000,0.00000000;0.00000000;-1.00000000,0
1077,2789,300047,3PpqhBPkD87Rcsb8SRKiXz,主梁钢筋_N19:主梁钢筋_N19:681502,681502,446.24951,6.00000,0.00000000;0.00000000;-1.00000000,0
1078,2792,300080,3PpqhBPkD87Rcsb8SRKiX1,主梁钢筋_N19:主梁钢筋_N19:681506,681506,446.24951,6.00000,0.00000000;0.00000000;-1.00000000,0
1079,2795,300113,3PpqhBPkD87Rcsb8SRKiX5,主梁钢筋_N19:主梁钢筋_N19:681510,681510,446.24951,6.00000,0.00000000;0.00000000;-1.00000000,0
1080,2637,290833,3PpqhBPkD87Rcsb8SRKijl,主梁钢筋_N19:主梁钢筋_N19:681228,681228,446.24951,6.00000,0.00000000;0.00000000;-1.00000000,0
1081,2639,292147,3PpqhBPkD87Rcsb8SRKijn,主梁钢筋_N19:主梁钢筋_N19:681234,681234,446.24951,6.00000,0.00000000;0.00000000;-1.00000000,0
1082,2642,293430,3PpqhBPkD87Rcsb8SRKijr,主梁钢筋_N19:主梁钢筋_N19:681238,681238,446.24951,6.00000,0.00000000;0.00000000;-1.00000000,0
1083,2645,293463,3PpqhBPkD87Rcsb8SRKijv,主梁钢筋_N19:主梁钢筋_N19:681242,681242,446.24951,6.00000,0.00000000;0.00000000;-1.00000000,0
1084,2648,293496,3PpqhBPkD87Rcsb8SRKijz,主梁钢筋_N19:主梁钢筋_N19:681246,681246,446.24951,6.00000,0.00000000;0.00000000;-1.00000000,0
1085,2651,293529,3PpqhBPkD87Rcsb8SRKij1,主梁钢筋_N19:主梁钢筋_N19:681250,681250,446.24951,6.00000,0.00000000;0.00000000;-1.00000000,0
1086,2654,293562,3PpqhBPkD87Rcsb8SRKij5,主梁钢筋_N19:主梁钢筋_N19:681254,681254,446.24951,6.00000,0.00000000;0.00000000;-1.00000000,0
1087,2657,293595,3PpqhBPkD87Rcsb8SRKij9,主梁钢筋_N19:主梁钢筋_N19:681258,681258,446.24951,6.00000,0.00000000;0.00000000;-1.00000000,0
1088,2660,293628,3PpqhBPkD87Rcsb8SRKijD,主梁钢筋_N19:主梁钢筋_N19:681262,681262,446.24951,6.00000,0.00000000;0.00000000;-1.00000000,0
1089,2663,293661,3PpqhBPkD87Rcsb8SRKijH,主梁钢筋_N19:主梁钢筋_N19:681266,681266,446.24951,6.00000,0.00000000;0.00000000;-1.00000000,0
1090,2666,293694,3PpqhBPkD87Rcsb8SRKijL,主梁钢筋_N19:主梁钢筋_N19:681270,681270,446.24951,6.00000,0.00000000;0.00000000;-1.00000000,0
1091,2669,293727,3PpqhBPkD87Rcsb8SRKijP,主梁钢筋_N19:主梁钢筋_N19:681274,681274,446.24951,6.00000,0.00000000;0.00000000;-1.00000000,0
1092,2672,293760,3PpqhBPkD87Rcsb8SRKijT,主梁钢筋_N19:主梁钢筋_N19:681278,681278,446.24951,6.00000,0.00000000;0.00000000;-1.00000000,0
1093,2675,293793,3PpqhBPkD87Rcsb8SRKiiX,主梁钢筋_N19:主梁钢筋_N19:681282,681282,446.24951,6.00000,0.00000000;0.00000000;-1.00000000,0
1094,2678,293826,3PpqhBPkD87Rcsb8SRKiib,主梁钢筋_N19:主梁钢筋_N19:681286,681286,446.24951,6.00000,0.00000000;0.00000000;-1.00000000,0
1095,2681,293859,3PpqhBPkD87Rcsb8SRKiif,主梁钢筋_N19:主梁钢筋_N19:681290,681290,446.24951,6.00000,0.00000000;0.00000000;-1.00000000,0
1096,2799,300157,3PpqhBPkD87Rcsb8SRKiXF,主梁钢筋_N19:主梁钢筋_N19:681516,681516,446.24951,6.00000,0.00000000;0.00000000;-1.00000000,0
1097,2801,300179,3PpqhBPkD87Rcsb8SRKiXC,主梁钢筋_N19:主梁钢筋_N19:681519,681519,446.24951,6.00000,0.00000000;0.00000000;-1.00000000,0
1098,2804,300212,3PpqhBPkD87Rcsb8SRKiXG,主梁钢筋_N19:主梁钢筋_N19:681523,681523,446.24951,6.00000,0.00000000;0.00000000;-1.00000000,0
1099,2807,300245,3PpqhBPkD87Rcsb8SRKiXK,主梁钢筋_N19:主梁钢筋_N19:681527,681527,446.24951,6.00000,0.00000000;0.00000000;-1.00000000,0
1100,2810,300278,3PpqhBPkD87Rcsb8SRKiXO,主梁钢筋_N19:主梁钢筋_N19:681531,681531,446.24951,6.00000,0.00000000;0.00000000;-1.00000000,0
1101,2813,300311,3PpqhBPkD87Rcsb8SRKiXS,主梁钢筋_N19:主梁钢筋_N19:681535,681535,446.24951,6.00000,0.00000000;0.00000000;-1.00000000,0
1102,2816,300344,3PpqhBPkD87Rcsb8SRKiWW,主梁钢筋_N19:主梁钢筋_N19:681539,681539,446.24951,6.00000,0.00000000;0.00000000;-1.00000000,0
1103,2819,300377,3PpqhBPkD87Rcsb8SRKiWa,主梁钢筋_N19:主梁钢筋_N19:681543,681543,446.24951,6.00000,0.00000000;0.00000000;-1.00000000,0
1104,2822,300410,3PpqhBPkD87Rcsb8SRKiWe,主梁钢筋_N19:主梁钢筋_N19:681547,681547,446.24951,6.00000,0.00000000;0.00000000;-1.00000000,0
1105,2825,300443,3PpqhBPkD87Rcsb8SRKiWi,主梁钢筋_N19:主梁钢筋_N19:681551,681551,446.24951,6.00000,0.00000000;0.00000000;-1.00000000,0
1106,2828,300476,3PpqhBPkD87Rcsb8SRKiWm,主梁钢筋_N19:主梁钢筋_N19:681555,681555,446.24951,6.00000,0.00000000;0.00000000;-1.00000000,0
1107,2831,300509,3PpqhBPkD87Rcsb8SRKiWq,主梁钢筋_N19:主梁钢筋_N19:681559,681559,446.24951,6.00000,0.00000000;0.00000000;-1.00000000,0
1108,2834,300542,3PpqhBPkD87Rcsb8SRKiWu,主梁钢筋_N19:主梁钢筋_N19:681563,681563,446.24951,6.00000,0.00000000;0.00000000;-1.00000000,0
1109,2837,300575,3PpqhBPkD87Rcsb8SRKiWy,主梁钢筋_N19:主梁钢筋_N19:681567,681567,446.24951,6.00000,0.00000000;0.00000000;-1.00000000,0
1110,2840,300608,3PpqhBPkD87Rcsb8SRKiW0,主梁钢筋_N19:主梁钢筋_N19:681571,681571,446.24951,6.00000,0.00000000;0.00000000;-1.00000000,0
1111,2843,300641,3PpqhBPkD87Rcsb8SRKiW4,主梁钢筋_N19:主梁钢筋_N19:681575,681575,446.24951,6.00000,0.00000000;0.00000000;-1.00000000,0
1112,2627,289459,3PpqhBPkD87Rcsb8SRKig_,主梁钢筋_N19:主梁钢筋_N19:681181,681181,446.24951,6.00000,0.00000000;0.00000000;-1.00000000,0
1113,2620,289382,3PpqhBPkD87Rcsb8SRKigt,主梁钢筋_N19:主梁钢筋_N19:681172,681172,446.24951,6.00000,0.00000000;0.00000000;-1.00000000,0
1114,2613,289305,3PpqhBPkD87Rcsb8SRKige,主梁钢筋_N19:主梁钢筋_N19:681163,681163,446.24951,6.00000,0.00000000;0.00000000;-1.00000000,0
1115,2606,289228,3PpqhBPkD87Rcsb8SRKigX,主梁钢筋_N19:主梁钢筋_N19:681154,681154,446.24951,6.00000,0.00000000;0.00000000;-1.00000000,0
1116,2599,289151,3PpqhBPkD87Rcsb8SRKihQ,主梁钢筋_N19:主梁钢筋_N19:681145,681145,446.24951,6.00000,0.00000000;0.00000000;-1.00000000,0
1117,2592,289074,3PpqhBPkD87Rcsb8SRKihJ,主梁钢筋_N19:主梁钢筋_N19:681136,681136,446.24951,6.00000,0.00000000;0.00000000;-1.00000000,0
1118,2585,288997,3PpqhBPkD87Rcsb8SRKih4,主梁钢筋_N19:主梁钢筋_N19:681127,681127,446.24951,6.00000,0.00000000;0.00000000;-1.00000000,0
1119,2578,288920,3PpqhBPkD87Rcsb8SRKihz,主梁钢筋_N19:主梁钢筋_N19:681118,681118,446.24951,6.00000,0.00000000;0.00000000;-1.00000000,0
1120,2571,288843,3PpqhBPkD87Rcsb8SRKihs,主梁钢筋_N19:主梁钢筋_N19:681109,681109,446.24951,6.00000,0.00000000;0.00000000;-1.00000000,0
1121,2564,288766,3PpqhBPkD87Rcsb8SRKihl,主梁钢筋_N19:主梁钢筋_N19:681100,681100,446.24951,6.00000,0.00000000;0.00000000;-1.00000000,0
1122,2557,288689,3PpqhBPkD87Rcsb8SRKihW,主梁钢筋_N19:主梁钢筋_N19:681091,681091,446.24951,6.00000,0.00000000;0.00000000;-1.00000000,0
1123,2550,288612,3PpqhBPkD87Rcsb8SRKieP,主梁钢筋_N19:主梁钢筋_N19:681082,681082,446.24951,6.00000,0.00000000;0.00000000;-1.00000000,0
1124,2543,288535,3PpqhBPkD87Rcsb8SRKieI,主梁钢筋_N19:主梁钢筋_N19:681073,681073,446.24951,6.00000,0.00000000;0.00000000;-1.00000000,0
1125,2536,288458,3PpqhBPkD87Rcsb8SRKieB,主梁钢筋_N19:主梁钢筋_N19:681064,681064,446.24951,6.00000,0.00000000;0.00000000;-1.00000000,0
1126,2529,288381,3PpqhBPkD87Rcsb8SRKiei,主梁钢筋_N19:主梁钢筋_N19:681039,681039,446.24951,6.00000,0.00000000;0.00000000;-1.00000000,0
1127,1970,268397,3PpqhBPkD87Rcsb8SRKln$,主梁钢筋_N19:主梁钢筋_N19:676380,676380,446.24951,6.00000,0.00000000;0.00000000;-1.00000000,0
1128,280,99933,03ROboBXj84foxBMwZdeww,主梁钢筋_N10:主梁钢筋_N10:622352,622352,32530.00000,6.00000,0.00000000;0.00000000;-1.00000000,0
1129,307,117990,03ROboBXj84foxBMwZddF2,主梁钢筋_N10:主梁钢筋_N10:623208,623208,32530.00000,6.00000,0.00000000;0.00000000;-1.00000000,0
1130,1480,194974,03N8znp9vBf95NCihtG3$N,主梁钢筋_N7a:主梁钢筋_N7a:634780,634780,2303.94725,6.00000,0.00000000;0.00000000;-1.00000000,0
1131,1482,194996,03N8znp9vBf95NCihtG3_h,主梁钢筋_N7a:主梁钢筋_N7a:634848,634848,2303.94725,6.00000,0.00000000;0.00000000;-1.00000000,0
1132,1484,195018,03N8znp9vBf95NCihtG3__,主梁钢筋_N7a:主梁钢筋_N7a:634869,634869,2303.94725,6.00000,0.00000000;0.00000000;-1.00000000,0
1133,1486,195040,03N8znp9vBf95NCihtG3_o,主梁钢筋_N7a:主梁钢筋_N7a:634873,634873,2303.94725,6.00000,0.00000000;0.00000000;-1.00000000,0
1134,1488,195062,03N8znp9vBf95NCihtG3_s,主梁钢筋_N7a:主梁钢筋_N7a:634877,634877,2303.94725,6.00000,0.00000000;0.00000000;-1.00000000,0
1135,1490,195084,03N8znp9vBf95NCihtG21A,主梁钢筋_N7a:主梁钢筋_N7a:634881,634881,2303.94725,6.00000,0.00000000;0.00000000;-1.00000000,0
1136,1492,195106,03N8znp9vBf95NCihtG21E,主梁钢筋_N7a:主梁钢筋_N7a:634885,634885,2303.94725,6.00000,0.00000000;0.00000000;-1.00000000,0
1137,1494,195128,03N8znp9vBf95NCihtG212,主梁钢筋_N7a:主梁钢筋_N7a:634889,634889,2303.94725,6.00000,0.00000000;0.00000000;-1.00000000,0
1138,1496,195150,03N8znp9vBf95NCihtG216,主梁钢筋_N7a:主梁钢筋_N7a:634893,634893,2303.94725,6.00000,0.00000000;0.00000000;-1.00000000,0
1139,1498,195172,03N8znp9vBf95NCihtG21Q,主梁钢筋_N7a:主梁钢筋_N7a:634897,634897,2303.94725,6.00000,0.00000000;0.00000000;-1.00000000,0
1140,1500,195194,03N8znp9vBf95NCihtG21U,主梁钢筋_N7a:主梁钢筋_N7a:634901,634901,2303.94725,6.00000,0.00000000;0.00000000;-1.00000000,0
1141,1502,195216,03N8znp9vBf95NCihtG21I,主梁钢筋_N7a:主梁钢筋_N7a:634905,634905,2303.94725,6.00000,0.00000000;0.00000000;-1.00000000,0
1142,1504,195238,03N8znp9vBf95NCihtG21M,主梁钢筋_N7a:主梁钢筋_N7a:634909,634909,2303.94725,6.00000,0.00000000;0.00000000;-1.00000000,0
1143,1506,195260,03N8znp9vBf95NCihtG21g,主梁钢筋_N7a:主梁钢筋_N7a:634913,634913,2303.94725,6.00000,0.00000000;0.00000000;-1.00000000,0
1144,1508,195282,03N8znp9vBf95NCihtG21k,主梁钢筋_N7a:主梁钢筋_N7a:634917,634917,2303.94725,6.00000,0.00000000;0.00000000;-1.00000000,0
1145,1510,195304,03N8znp9vBf95NCihtG21Y,主梁钢筋_N7a:主梁钢筋_N7a:634921,634921,2303.94725,6.00000,0.00000000;0.00000000;-1.00000000,0
1146,1512,195326,03N8znp9vBf95NCihtG21c,主梁钢筋_N7a:主梁钢筋_N7a:634925,634925,2303.94725,6.00000,0.00000000;0.00000000;-1.00000000,0
1147,1514,195348,03N8znp9vBf95NCihtG21w,主梁钢筋_N7a:主梁钢筋_N7a:634929,634929,2303.94725,6.00000,0.00000000;0.00000000;-1.00000000,0
1148,1807,214068,3BIqEjFG12wOgqn$$HWN8Z,主梁钢筋_N7a:主梁钢筋_N7a:640432,640432,2303.94725,6.00000,0.00000000;0.00000000;-1.00000000,0
1149,1809,214090,3BIqEjFG12wOgqn$$HWN8W,主梁钢筋_N7a:主梁钢筋_N7a:640435,640435,2303.94725,6.00000,0.00000000;0.00000000;-1.00000000,0
1150,1811,214112,3BIqEjFG12wOgqn$$HWN8b,主梁钢筋_N7a:主梁钢筋_N7a:640438,640438,2303.94725,6.00000,0.00000000;0.00000000;-1.00000000,0
1151,1813,214134,3BIqEjFG12wOgqn$$HWN8g,主梁钢筋_N7a:主梁钢筋_N7a:640441,640441,2303.94725,6.00000,0.00000000;0.00000000;-1.00000000,0
1152,1815,214156,3BIqEjFG12wOgqn$$HWN8l,主梁钢筋_N7a:主梁钢筋_N7a:640444,640444,2303.94725,6.00000,0.00000000;0.00000000;-1.00000000,0
1153,1817,214178,3BIqEjFG12wOgqn$$HWN8i,主梁钢筋_N7a:主梁钢筋_N7a:640447,640447,2303.94725,6.00000,0.00000000;0.00000000;-1.00000000,0
1154,1819,214200,3BIqEjFG12wOgqn$$HWN9H,主梁钢筋_N7a:主梁钢筋_N7a:640450,640450,2303.94725,6.00000,0.00000000;0.00000000;-1.00000000,0
1155,1821,214222,3BIqEjFG12wOgqn$$HWN9M,主梁钢筋_N7a:主梁钢筋_N7a:640453,640453,2303.94725,6.00000,0.00000000;0.00000000;-1.00000000,0
1156,1823,214244,3BIqEjFG12wOgqn$$HWN9R,主梁钢筋_N7a:主梁钢筋_N7a:640456,640456,2303.94725,6.00000,0.00000000;0.00000000;-1.00000000,0
1157,1825,214266,3BIqEjFG12wOgqn$$HWN9O,主梁钢筋_N7a:主梁钢筋_N7a:640459,640459,2303.94725,6.00000,0.00000000;0.00000000;-1.00000000,0
1158,1829,214310,3BIqEjFG12wOgqn$$HWN92,主梁钢筋_N7a:主梁钢筋_N7a:640465,640465,2303.94725,6.00000,0.00000000;0.00000000;-1.00000000,0
1159,1827,214288,3BIqEjFG12wOgqn$$HWN9T,主梁钢筋_N7a:主梁钢筋_N7a:640462,640462,2303.94725,6.00000,0.00000000;0.00000000;-1.00000000,0
1160,1831,214332,3BIqEjFG12wOgqn$$HWN97,主梁钢筋_N7a:主梁钢筋_N7a:640468,640468,2303.94725,6.00000,0.00000000;0.00000000;-1.00000000,0
1161,1833,214354,3BIqEjFG12wOgqn$$HWN94,主梁钢筋_N7a:主梁钢筋_N7a:640471,640471,2303.94725,6.00000,0.00000000;0.00000000;-1.00000000,0
1162,1835,214376,3BIqEjFG12wOgqn$$HWN99,主梁钢筋_N7a:主梁钢筋_N7a:640474,640474,2303.94725,6.00000,0.00000000;0.00000000;-1.00000000,0
1163,1837,214398,3BIqEjFG12wOgqn$$HWN9E,主梁钢筋_N7a:主梁钢筋_N7a:640477,640477,2303.94725,6.00000,0.00000000;0.00000000;-1.00000000,0
1164,1839,214420,3BIqEjFG12wOgqn$$HWN9p,主梁钢筋_N7a:主梁钢筋_N7a:640480,640480,2303.94725,6.00000,0.00000000;0.00000000;-1.00000000,0
1165,1841,214442,3BIqEjFG12wOgqn$$HWN9m,主梁钢筋_N7a:主梁钢筋_N7a:640483,640483,2303.94725,6.00000,0.00000000;0.00000000;-1.00000000,0
1166,1479,192980,03N8znp9vBf95NCihtG3$G,主梁钢筋_N7a:主梁钢筋_N7a:634779,634779,2303.94725,6.00000,0.00000000;0.00000000;-1.00000000,0
1167,1481,194985,03N8znp9vBf95NCihtG3_K,主梁钢筋_N7a:主梁钢筋_N7a:634847,634847,2303.94725,6.00000,0.00000000;0.00000000;-1.00000000,0
1168,1483,195007,03N8znp9vBf95NCihtG3_$,主梁钢筋_N7a:主梁钢筋_N7a:634868,634868,2303.94725,6.00000,0.00000000;0.00000000;-1.00000000,0
1169,1485,195029,03N8znp9vBf95NCihtG3_p,主梁钢筋_N7a:主梁钢筋_N7a:634872,634872,2303.94725,6.00000,0.00000000;0.00000000;-1.00000000,0
1170,1487,195051,03N8znp9vBf95NCihtG3_t,主梁钢筋_N7a:主梁钢筋_N7a:634876,634876,2303.94725,6.00000,0.00000000;0.00000000;-1.00000000,0
1171,1489,195073,03N8znp9vBf95NCihtG21B,主梁钢筋_N7a:主梁钢筋_N7a:634880,634880,2303.94725,6.00000,0.00000000;0.00000000;-1.00000000,0
1172,1491,195095,03N8znp9vBf95NCihtG21F,主梁钢筋_N7a:主梁钢筋_N7a:634884,634884,2303.94725,6.00000,0.00000000;0.00000000;-1.00000000,0
1173,1493,195117,03N8znp9vBf95NCihtG213,主梁钢筋_N7a:主梁钢筋_N7a:634888,634888,2303.94725,6.00000,0.00000000;0.00000000;-1.00000000,0
1174,1495,195139,03N8znp9vBf95NCihtG217,主梁钢筋_N7a:主梁钢筋_N7a:634892,634892,2303.94725,6.00000,0.00000000;0.00000000;-1.00000000,0
1175,1497,195161,03N8znp9vBf95NCihtG21R,主梁钢筋_N7a:主梁钢筋_N7a:634896,634896,2303.94725,6.00000,0.00000000;0.00000000;-1.00000000,0
1176,1499,195183,03N8znp9vBf95NCihtG21V,主梁钢筋_N7a:主梁钢筋_N7a:634900,634900,2303.94725,6.00000,0.00000000;0.00000000;-1.00000000,0
1177,1501,195205,03N8znp9vBf95NCihtG21J,主梁钢筋_N7a:主梁钢筋_N7a:634904,634904,2303.94725,6.00000,0.00000000;0.00000000;-1.00000000,0
1178,1503,195227,03N8znp9vBf95NCihtG21N,主梁钢筋_N7a:主梁钢筋_N7a:634908,634908,2303.94725,6.00000,0.00000000;0.00000000;-1.00000000,0
1179,1505,195249,03N8znp9vBf95NCihtG21h,主梁钢筋_N7a:主梁钢筋_N7a:634912,634912,2303.94725,6.00000,0.00000000;0.00000000;-1.00000000,0
1180,1507,195271,03N8znp9vBf95NCihtG21l,主梁钢筋_N7a:主梁钢筋_N7a:634916,634916,2303.94725,6.00000,0.00000000;0.00000000;-1.00000000,0
1181,1509,195293,03N8znp9vBf95NCihtG21Z,主梁钢筋_N7a:主梁钢筋_N7a:634920,634920,2303.94725,6.00000,0.00000000;0.00000000;-1.00000000,0
1182,1511,195315,03N8znp9vBf95NCihtG21d,主梁钢筋_N7a:主梁钢筋_N7a:634924,634924,2303.94725,6.00000,0.00000000;0.00000000;-1.00000000,0
1183,1513,195337,03N8znp9vBf95NCihtG21x,主梁钢筋_N7a:主梁钢筋_N7a:634928,634928,2303.94725,6.00000,0.00000000;0.00000000;-1.00000000,0
1184,1808,214079,3BIqEjFG12wOgqn$$HWN8Y,主梁钢筋_N7a:主梁钢筋_N7a:640433,640433,2303.94725,6.00000,0.00000000;0.00000000;-1.00000000,0
1185,1810,214101,3BIqEjFG12wOgqn$$HWN8d,主梁钢筋_N7a:主梁钢筋_N7a:640436,640436,2303.94725,6.00000,0.00000000;0.00000000;-1.00000000,0
1186,1812,214123,3BIqEjFG12wOgqn$$HWN8a,主梁钢筋_N7a:主梁钢筋_N7a:640439,640439,2303.94725,6.00000,0.00000000;0.00000000;-1.00000000,0
1187,1814,214145,3BIqEjFG12wOgqn$$HWN8f,主梁钢筋_N7a:主梁钢筋_N7a:640442,640442,2303.94725,6.00000,0.00000000;0.00000000;-1.00000000,0
1188,1816,214167,3BIqEjFG12wOgqn$$HWN8k,主梁钢筋_N7a:主梁钢筋_N7a:640445,640445,2303.94725,6.00000,0.00000000;0.00000000;-1.00000000,0
1189,1818,214189,3BIqEjFG12wOgqn$$HWN9J,主梁钢筋_N7a:主梁钢筋_N7a:640448,640448,2303.94725,6.00000,0.00000000;0.00000000;-1.00000000,0
1190,1820,214211,3BIqEjFG12wOgqn$$HWN9G,主梁钢筋_N7a:主梁钢筋_N7a:640451,640451,2303.94725,6.00000,0.00000000;0.00000000;-1.00000000,0
1191,1822,214233,3BIqEjFG12wOgqn$$HWN9L,主梁钢筋_N7a:主梁钢筋_N7a:640454,640454,2303.94725,6.00000,0.00000000;0.00000000;-1.00000000,0
1192,1824,214255,3BIqEjFG12wOgqn$$HWN9Q,主梁钢筋_N7a:主梁钢筋_N7a:640457,640457,2303.94725,6.00000,0.00000000;0.00000000;-1.00000000,0
1193,1826,214277,3BIqEjFG12wOgqn$$HWN9V,主梁钢筋_N7a:主梁钢筋_N7a:640460,640460,2303.94725,6.00000,0.00000000;0.00000000;-1.00000000,0
1194,1830,214321,3BIqEjFG12wOgqn$$HWN91,主梁钢筋_N7a:主梁钢筋_N7a:640466,640466,2303.94725,6.00000,0.00000000;0.00000000;-1.00000000,0
1195,1828,214299,3BIqEjFG12wOgqn$$HWN9S,主梁钢筋_N7a:主梁钢筋_N7a:640463,640463,2303.94725,6.00000,0.00000000;0.00000000;-1.00000000,0
1196,1832,214343,3BIqEjFG12wOgqn$$HWN96,主梁钢筋_N7a:主梁钢筋_N7a:640469,640469,2303.94725,6.00000,0.00000000;0.00000000;-1.00000000,0
1197,1834,214365,3BIqEjFG12wOgqn$$HWN9B,主梁钢筋_N7a:主梁钢筋_N7a:640472,640472,2303.94725,6.00000,0.00000000;0.00000000;-1.00000000,0
1198,1836,214387,3BIqEjFG12wOgqn$$HWN98,主梁钢筋_N7a:主梁钢筋_N7a:640475,640475,2303.94725,6.00000,0.00000000;0.00000000;-1.00000000,0
1199,1838,214409,3BIqEjFG12wOgqn$$HWN9D,主梁钢筋_N7a:主梁钢筋_N7a:640478,640478,2303.94725,6.00000,0.00000000;0.00000000;-1.00000000,0
1200,1840,214431,3BIqEjFG12wOgqn$$HWN9o,主梁钢筋_N7a:主梁钢筋_N7a:640481,640481,2303.94725,6.00000,0.00000000;0.00000000;-1.00000000,0
1201,1842,214453,3BIqEjFG12wOgqn$$HWN9t,主梁钢筋_N7a:主梁钢筋_N7a:640484,640484,2303.94725,6.00000,0.00000000;0.00000000;-1.00000000,0
1202,1515,197226,03N8znp9vBf95NCihtG21$,主梁钢筋_N7b:主梁钢筋_N7b:634932,634932,1982.39628,6.00000,0.00000000;0.00000000;-1.00000000,0
1203,1517,199116,03N8znp9vBf95NCihtG21p,主梁钢筋_N7b:主梁钢筋_N7b:634936,634936,1982.39628,6.00000,0.00000000;0.00000000;-1.00000000,0
1204,1844,214475,3BIqEjFG12wOgqn$$HWN6J,主梁钢筋_N7b:主梁钢筋_N7b:640512,640512,1982.39628,6.00000,0.00000000;0.00000000;-1.00000000,0
1205,1846,214497,3BIqEjFG12wOgqn$$HWN6G,主梁钢筋_N7b:主梁钢筋_N7b:640515,640515,1982.39628,6.00000,0.00000000;0.00000000;-1.00000000,0
1206,1516,199105,03N8znp9vBf95NCihtG21_,主梁钢筋_N7b:主梁钢筋_N7b:634933,634933,1982.39628,6.00000,0.00000000;0.00000000;-1.00000000,0
1207,1518,199127,03N8znp9vBf95NCihtG21o,主梁钢筋_N7b:主梁钢筋_N7b:634937,634937,1982.39628,6.00000,0.00000000;0.00000000;-1.00000000,0
1208,1843,214464,3BIqEjFG12wOgqn$$HWN9i,主梁钢筋_N7b:主梁钢筋_N7b:640511,640511,1982.39628,6.00000,0.00000000;0.00000000;-1.00000000,0
1209,1845,214486,3BIqEjFG12wOgqn$$HWN6H,主梁钢筋_N7b:主梁钢筋_N7b:640514,640514,1982.39628,6.00000,0.00000000;0.00000000;-1.00000000,0
1210,1520,203866,03N8znp9vBf95NCihtG2uE,主梁钢筋_N7c:主梁钢筋_N7c:638533,638533,1782.40082,6.00000,0.00000000;0.00000000;-1.00000000,0
1211,1522,203888,03N8znp9vBf95NCihtG2u3,主梁钢筋_N7c:主梁钢筋_N7c:638536,638536,1782.40082,6.00000,0.00000000;0.00000000;-1.00000000,0
1212,1524,203910,03N8znp9vBf95NCihtG2u0,主梁钢筋_N7c:主梁钢筋_N7c:638539,638539,1782.40082,6.00000,0.00000000;0.00000000;-1.00000000,0
1213,1526,203932,03N8znp9vBf95NCihtG2u5,主梁钢筋_N7c:主梁钢筋_N7c:638542,638542,1782.40082,6.00000,0.00000000;0.00000000;-1.00000000,0
1214,1528,203954,03N8znp9vBf95NCihtG2uQ,主梁钢筋_N7c:主梁钢筋_N7c:638545,638545,1782.40082,6.00000,0.00000000;0.00000000;-1.00000000,0
1215,1539,209048,03N8znp9vBf95NCihtG5DC,主梁钢筋_N7c:主梁钢筋_N7c:639751,639751,1782.40082,6.00000,0.00000000;0.00000000;-1.00000000,0
1216,1541,209070,03N8znp9vBf95NCihtG5D1,主梁钢筋_N7c:主梁钢筋_N7c:639754,639754,1782.40082,6.00000,0.00000000;0.00000000;-1.00000000,0
1217,1543,209092,03N8znp9vBf95NCihtG5D6,主梁钢筋_N7c:主梁钢筋_N7c:639757,639757,1782.40082,6.00000,0.00000000;0.00000000;-1.00000000,0
1218,1545,209114,03N8znp9vBf95NCihtG5DR,主梁钢筋_N7c:主梁钢筋_N7c:639760,639760,1782.40082,6.00000,0.00000000;0.00000000;-1.00000000,0
1219,1547,209136,03N8znp9vBf95NCihtG5DO,主梁钢筋_N7c:主梁钢筋_N7c:639763,639763,1782.40082,6.00000,0.00000000;0.00000000;-1.00000000,0
1220,1519,201496,03N8znp9vBf95NCihtG2uF,主梁钢筋_N7c:主梁钢筋_N7c:638532,638532,1782.40125,6.00000,0.00000000;0.00000000;-1.00000000,0
1221,1521,203877,03N8znp9vBf95NCihtG2uC,主梁钢筋_N7c:主梁钢筋_N7c:638535,638535,1782.40125,6.00000,0.00000000;0.00000000;-1.00000000,0
1222,1523,203899,03N8znp9vBf95NCihtG2u1,主梁钢筋_N7c:主梁钢筋_N7c:638538,638538,1782.40125,6.00000,0.00000000;0.00000000;-1.00000000,0
1223,1525,203921,03N8znp9vBf95NCihtG2u6,主梁钢筋_N7c:主梁钢筋_N7c:638541,638541,1782.40125,6.00000,0.00000000;0.00000000;-1.00000000,0
1224,1527,203943,03N8znp9vBf95NCihtG2uR,主梁钢筋_N7c:主梁钢筋_N7c:638544,638544,1782.40125,6.00000,0.00000000;0.00000000;-1.00000000,0
1225,1540,209059,03N8znp9vBf95NCihtG5D3,主梁钢筋_N7c:主梁钢筋_N7c:639752,639752,1782.40125,6.00000,0.00000000;0.00000000;-1.00000000,0
1226,1542,209081,03N8znp9vBf95NCihtG5D0,主梁钢筋_N7c:主梁钢筋_N7c:639755,639755,1782.40125,6.00000,0.00000000;0.00000000;-1.00000000,0
1227,1544,209103,03N8znp9vBf95NCihtG5D5,主梁钢筋_N7c:主梁钢筋_N7c:639758,639758,1782.40125,6.00000,0.00000000;0.00000000;-1.00000000,0
1228,1546,209125,03N8znp9vBf95NCihtG5DQ,主梁钢筋_N7c:主梁钢筋_N7c:639761,639761,1782.40125,6.00000,0.00000000;0.00000000;-1.00000000,0
1229,1548,209147,03N8znp9vBf95NCihtG5DV,主梁钢筋_N7c:主梁钢筋_N7c:639764,639764,1782.40125,6.00000,0.00000000;0.00000000;-1.00000000,0
1230,2980,347887,3qlyKYfH9E9fgTzD5PQCbd,主梁钢筋_N22:主梁钢筋_N22:684942,684942,446.83538,6.00000,0.00000000;0.00000000;-1.00000000,0
1231,3019,353382,3qlyKYfH9E9fgTzD5PQCaG,主梁钢筋_N22:主梁钢筋_N22:685049,685049,446.83538,6.00000,0.00000000;0.00000000;-1.00000000,0
1232,2962,326103,3qlyKYfH9E9fgTzD5PQDMU,主梁钢筋_N22:主梁钢筋_N22:683895,683895,446.83538,6.00000,0.00000000;0.00000000;-1.00000000,0
1233,3001,353184,3qlyKYfH9E9fgTzD5PQCaE,主梁钢筋_N22:主梁钢筋_N22:685031,685031,446.83538,6.00000,0.00000000;0.00000000;-1.00000000,0
1234,279,99922,03ROboBXj84foxBMwZdewh,主梁钢筋_N10:主梁钢筋_N10:622337,622337,32530.00000,6.00000,0.00000000;0.00000000;-1.00000000,0
1235,306,117979,03ROboBXj84foxBMwZddFC,主梁钢筋_N10:主梁钢筋_N10:623206,623206,32530.00000,6.00000,0.00000000;0.00000000;-1.00000000,0
1236,1856,228996,38lmzEJk5DlwQHsgkQsDmc,主梁钢筋_N3b:主梁钢筋_N3b:640926,640926,1597.23790,9.00000,0.00000000;0.00000000;-1.00000000,0
1237,1854,223752,38lmzEJk5DlwQHsgkQsDoe,主梁钢筋_N3b:主梁钢筋_N3b:640784,640784,1597.03625,9.00000,0.00000000;0.00000000;-1.00000000,0
1238,1107,179891,0b6PArLq5FShymH3s4v2lm,主梁钢筋_N13c:主梁钢筋_N13c:632345,632345,1448.96059,6.00000,0.00000000;0.00000000;-1.00000000,0
1239,1073,168271,0b6PArLq5FShymH3s4v2po,主梁钢筋_N13c:主梁钢筋_N13c:631067,631067,1448.95967,6.00000,0.00000000;0.00000000;-1.00000000,0
1240,1109,179913,0b6PArLq5FShymH3s4v2lq,主梁钢筋_N13c:主梁钢筋_N13c:632349,632349,1448.95967,6.00000,0.00000000;0.00000000;-1.00000000,0
1241,1084,176739,0b6PArLq5FShymH3s4v2Ws,主梁钢筋_N13c:主梁钢筋_N13c:632287,632287,1448.96059,6.00000,0.00000000;0.00000000;-1.00000000,0
1242,1108,179902,0b6PArLq5FShymH3s4v2lp,主梁钢筋_N13b:主梁钢筋_N13b:632346,632346,1614.41580,6.00000,0.00000000;0.00000000;-1.00000000,0
1243,1074,171182,0b6PArLq5FShymH3s4v2nG,主梁钢筋_N13b:主梁钢筋_N13b:631225,631225,1614.29289,6.00000,0.00000000;0.00000000;-1.00000000,0
1244,1110,179924,0b6PArLq5FShymH3s4v2lt,主梁钢筋_N13b:主梁钢筋_N13b:632350,632350,1614.29289,6.00000,0.00000000;0.00000000;-1.00000000,0
1245,1085,179649,0b6PArLq5FShymH3s4v2W9,主梁钢筋_N13b:主梁钢筋_N13b:632288,632288,1614.41580,6.00000,0.00000000;0.00000000;-1.00000000,0
1246,2527,288359,3PpqhBPkD87Rcsb8SRKi$h,主梁钢筋_N18:主梁钢筋_N18:680328,680328,486.76608,6.00000,0.00000000;0.00000000;-1.00000000,0
1247,2521,288293,3PpqhBPkD87Rcsb8SRKi$Z,主梁钢筋_N18:主梁钢筋_N18:680320,680320,486.76608,6.00000,0.00000000;0.00000000;-1.00000000,0
1248,2509,288161,3PpqhBPkD87Rcsb8SRKiyJ,主梁钢筋_N18:主梁钢筋_N18:680304,680304,486.76608,6.00000,0.00000000;0.00000000;-1.00000000,0
1249,2515,288227,3PpqhBPkD87Rcsb8SRKiyR,主梁钢筋_N18:主梁钢筋_N18:680312,680312,486.76608,6.00000,0.00000000;0.00000000;-1.00000000,0
1250,2503,288095,3PpqhBPkD87Rcsb8SRKiyB,主梁钢筋_N18:主梁钢筋_N18:680296,680296,486.76608,6.00000,0.00000000;0.00000000;-1.00000000,0
1251,2497,288029,3PpqhBPkD87Rcsb8SRKiy3,主梁钢筋_N18:主梁钢筋_N18:680288,680288,486.76608,6.00000,0.00000000;0.00000000;-1.00000000,0
1252,2491,287963,3PpqhBPkD87Rcsb8SRKiyx,主梁钢筋_N18:主梁钢筋_N18:680280,680280,486.76608,6.00000,0.00000000;0.00000000;-1.00000000,0
1253,2487,287919,3PpqhBPkD87Rcsb8SRKiym,主梁钢筋_N18:主梁钢筋_N18:680275,680275,486.76608,6.00000,0.00000000;0.00000000;-1.00000000,0
1254,2481,287853,3PpqhBPkD87Rcsb8SRKiyl,主梁钢筋_N18:主梁钢筋_N18:680268,680268,486.76608,6.00000,0.00000000;0.00000000;-1.00000000,0
1255,2475,287787,3PpqhBPkD87Rcsb8SRKiyc,主梁钢筋_N18:主梁钢筋_N18:680261,680261,486.76608,6.00000,0.00000000;0.00000000;-1.00000000,0
1256,2469,287721,3PpqhBPkD87Rcsb8SRKizT,主梁钢筋_N18:主梁钢筋_N18:680254,680254,486.76608,6.00000,0.00000000;0.00000000;-1.00000000,0
1257,2463,287655,3PpqhBPkD87Rcsb8SRKizK,主梁钢筋_N18:主梁钢筋_N18:680247,680247,486.76608,6.00000,0.00000000;0.00000000;-1.00000000,0
1258,2457,287589,3PpqhBPkD87Rcsb8SRKizJ,主梁钢筋_N18:主梁钢筋_N18:680240,680240,486.76608,6.00000,0.00000000;0.00000000;-1.00000000,0
1259,2451,287523,3PpqhBPkD87Rcsb8SRKizA,主梁钢筋_N18:主梁钢筋_N18:680233,680233,486.76608,6.00000,0.00000000;0.00000000;-1.00000000,0
1260,2445,287457,3PpqhBPkD87Rcsb8SRKiz1,主梁钢筋_N18:主梁钢筋_N18:680226,680226,486.76608,6.00000,0.00000000;0.00000000;-1.00000000,0
1261,2439,287391,3PpqhBPkD87Rcsb8SRKizu,主梁钢筋_N18:主梁钢筋_N18:680219,680219,486.76608,6.00000,0.00000000;0.00000000;-1.00000000,0
1262,2433,287325,3PpqhBPkD87Rcsb8SRKizt,主梁钢筋_N18:主梁钢筋_N18:680212,680212,486.76608,6.00000,0.00000000;0.00000000;-1.00000000,0
1263,2427,287259,3PpqhBPkD87Rcsb8SRKizk,主梁钢筋_N18:主梁钢筋_N18:680205,680205,486.76608,6.00000,0.00000000;0.00000000;-1.00000000,0
1264,2421,287193,3PpqhBPkD87Rcsb8SRKizb,主梁钢筋_N18:主梁钢筋_N18:680198,680198,486.76608,6.00000,0.00000000;0.00000000;-1.00000000,0
1265,2415,287127,3PpqhBPkD87Rcsb8SRKiwS,主梁钢筋_N18:主梁钢筋_N18:680191,680191,486.76608,6.00000,0.00000000;0.00000000;-1.00000000,0
1266,2409,287061,3PpqhBPkD87Rcsb8SRKiwR,主梁钢筋_N18:主梁钢筋_N18:680184,680184,486.76608,6.00000,0.00000000;0.00000000;-1.00000000,0
1267,2403,286995,3PpqhBPkD87Rcsb8SRKiwI,主梁钢筋_N18:主梁钢筋_N18:680177,680177,486.76608,6.00000,0.00000000;0.00000000;-1.00000000,0
1268,2397,286929,3PpqhBPkD87Rcsb8SRKiw9,主梁钢筋_N18:主梁钢筋_N18:680170,680170,486.76608,6.00000,0.00000000;0.00000000;-1.00000000,0
1269,2253,285345,3PpqhBPkD87Rcsb8SRKivO,主梁钢筋_N18:主梁钢筋_N18:679995,679995,486.76608,6.00000,0.00000000;0.00000000;-1.00000000,0
1270,2259,285411,3PpqhBPkD87Rcsb8SRKiuX,主梁钢筋_N18:主梁钢筋_N18:680002,680002,486.76608,6.00000,0.00000000;0.00000000;-1.00000000,0
1271,2265,285477,3PpqhBPkD87Rcsb8SRKiug,主梁钢筋_N18:主梁钢筋_N18:680009,680009,486.76608,6.00000,0.00000000;0.00000000;-1.00000000,0
1272,2271,285543,3PpqhBPkD87Rcsb8SRKiup,主梁钢筋_N18:主梁钢筋_N18:680016,680016,486.76608,6.00000,0.00000000;0.00000000;-1.00000000,0
1273,2277,285609,3PpqhBPkD87Rcsb8SRKiuq,主梁钢筋_N18:主梁钢筋_N18:680023,680023,486.76608,6.00000,0.00000000;0.00000000;-1.00000000,0
1274,2283,285675,3PpqhBPkD87Rcsb8SRKiuz,主梁钢筋_N18:主梁钢筋_N18:680030,680030,486.76608,6.00000,0.00000000;0.00000000;-1.00000000,0
1275,2289,285741,3PpqhBPkD87Rcsb8SRKiu6,主梁钢筋_N18:主梁钢筋_N18:680037,680037,486.76608,6.00000,0.00000000;0.00000000;-1.00000000,0
1276,2295,285807,3PpqhBPkD87Rcsb8SRKiuF,主梁钢筋_N18:主梁钢筋_N18:680044,680044,486.76608,6.00000,0.00000000;0.00000000;-1.00000000,0
1277,2301,285873,3PpqhBPkD87Rcsb8SRKiuG,主梁钢筋_N18:主梁钢筋_N18:680051,680051,486.76608,6.00000,0.00000000;0.00000000;-1.00000000,0
1278,2307,285939,3PpqhBPkD87Rcsb8SRKiuP,主梁钢筋_N18:主梁钢筋_N18:680058,680058,486.76608,6.00000,0.00000000;0.00000000;-1.00000000,0
1279,2313,286005,3PpqhBPkD87Rcsb8SRKixY,主梁钢筋_N18:主梁钢筋_N18:680065,680065,486.76608,6.00000,0.00000000;0.00000000;-1.00000000,0
1280,2319,286071,3PpqhBPkD87Rcsb8SRKixh,主梁钢筋_N18:主梁钢筋_N18:680072,680072,486.76608,6.00000,0.00000000;0.00000000;-1.00000000,0
1281,2325,286137,3PpqhBPkD87Rcsb8SRKixi,主梁钢筋_N18:主梁钢筋_N18:680079,680079,486.76608,6.00000,0.00000000;0.00000000;-1.00000000,0
1282,2331,286203,3PpqhBPkD87Rcsb8SRKixr,主梁钢筋_N18:主梁钢筋_N18:680086,680086,486.76608,6.00000,0.00000000;0.00000000;-1.00000000,0
1283,2337,286269,3PpqhBPkD87Rcsb8SRKix_,主梁钢筋_N18:主梁钢筋_N18:680093,680093,486.76608,6.00000,0.00000000;0.00000000;-1.00000000,0
1284,2343,286335,3PpqhBPkD87Rcsb8SRKix7,主梁钢筋_N18:主梁钢筋_N18:680100,680100,486.76608,6.00000,0.00000000;0.00000000;-1.00000000,0
1285,2349,286401,3PpqhBPkD87Rcsb8SRKix8,主梁钢筋_N18:主梁钢筋_N18:680107,680107,486.76608,6.00000,0.00000000;0.00000000;-1.00000000,0
1286,2353,286445,3PpqhBPkD87Rcsb8SRKixJ,主梁钢筋_N18:主梁钢筋_N18:680112,680112,486.76608,6.00000,0.00000000;0.00000000;-1.00000000,0
1287,2359,286511,3PpqhBPkD87Rcsb8SRKixR,主梁钢筋_N18:主梁钢筋_N18:680120,680120,486.76608,6.00000,0.00000000;0.00000000;-1.00000000,0
1288,2365,286577,3PpqhBPkD87Rcsb8SRKiwZ,主梁钢筋_N18:主梁钢筋_N18:680128,680128,486.76608,6.00000,0.00000000;0.00000000;-1.00000000,0
1289,2377,286709,3PpqhBPkD87Rcsb8SRKiwp,主梁钢筋_N18:主梁钢筋_N18:680144,680144,486.76608,6.00000,0.00000000;0.00000000;-1.00000000,0
1290,2371,286643,3PpqhBPkD87Rcsb8SRKiwh,主梁钢筋_N18:主梁钢筋_N18:680136,680136,486.76608,6.00000,0.00000000;0.00000000;-1.00000000,0
1291,2383,286775,3PpqhBPkD87Rcsb8SRKiwx,主梁钢筋_N18:主梁钢筋_N18:680152,680152,486.76608,6.00000,0.00000000;0.00000000;-1.00000000,0
1292,2389,286841,3PpqhBPkD87Rcsb8SRKiw3,主梁钢筋_N18:主梁钢筋_N18:680160,680160,486.76608,6.00000,0.00000000;0.00000000;-1.00000000,0
1293,2110,276188,3PpqhBPkD87Rcsb8SRKl4P,主梁钢筋_N18:主梁钢筋_N18:679802,679802,486.76608,6.00000,0.00000000;0.00000000;-1.00000000,0
1294,2104,276122,3PpqhBPkD87Rcsb8SRKl4I,主梁钢筋_N18:主梁钢筋_N18:679793,679793,486.76608,6.00000,0.00000000;0.00000000;-1.00000000,0
1295,2098,276056,3PpqhBPkD87Rcsb8SRKl4B,主梁钢筋_N18:主梁钢筋_N18:679784,679784,486.76608,6.00000,0.00000000;0.00000000;-1.00000000,0
1296,2092,275990,3PpqhBPkD87Rcsb8SRKl4y,主梁钢筋_N18:主梁钢筋_N18:679775,679775,486.76608,6.00000,0.00000000;0.00000000;-1.00000000,0
1297,2086,275924,3PpqhBPkD87Rcsb8SRKl4r,主梁钢筋_N18:主梁钢筋_N18:679766,679766,486.76608,6.00000,0.00000000;0.00000000;-1.00000000,0
1298,2080,275858,3PpqhBPkD87Rcsb8SRKl5L,主梁钢筋_N18:主梁钢筋_N18:679734,679734,486.76608,6.00000,0.00000000;0.00000000;-1.00000000,0
1299,2074,275792,3PpqhBPkD87Rcsb8SRKl3u,主梁钢筋_N18:主梁钢筋_N18:679579,679579,486.76608,6.00000,0.00000000;0.00000000;-1.00000000,0
1300,2070,275748,3PpqhBPkD87Rcsb8SRKl0l,主梁钢筋_N18:主梁钢筋_N18:679500,679500,486.76608,6.00000,0.00000000;0.00000000;-1.00000000,0
1301,2064,275682,3PpqhBPkD87Rcsb8SRKl0d,主梁钢筋_N18:主梁钢筋_N18:679492,679492,486.76608,6.00000,0.00000000;0.00000000;-1.00000000,0
1302,2058,275616,3PpqhBPkD87Rcsb8SRKl1V,主梁钢筋_N18:主梁钢筋_N18:679484,679484,486.76608,6.00000,0.00000000;0.00000000;-1.00000000,0
1303,2052,275550,3PpqhBPkD87Rcsb8SRKl1N,主梁钢筋_N18:主梁钢筋_N18:679476,679476,486.76608,6.00000,0.00000000;0.00000000;-1.00000000,0
1304,2046,275484,3PpqhBPkD87Rcsb8SRKl1F,主梁钢筋_N18:主梁钢筋_N18:679468,679468,486.76608,6.00000,0.00000000;0.00000000;-1.00000000,0
1305,2040,275418,3PpqhBPkD87Rcsb8SRKl17,主梁钢筋_N18:主梁钢筋_N18:679460,679460,486.76608,6.00000,0.00000000;0.00000000;-1.00000000,0
1306,2034,275352,3PpqhBPkD87Rcsb8SRKl1$,主梁钢筋_N18:主梁钢筋_N18:679452,679452,486.76608,6.00000,0.00000000;0.00000000;-1.00000000,0
1307,2028,275286,3PpqhBPkD87Rcsb8SRKl1t,主梁钢筋_N18:主梁钢筋_N18:679444,679444,486.76608,6.00000,0.00000000;0.00000000;-1.00000000,0
1308,2022,275220,3PpqhBPkD87Rcsb8SRKl1l,主梁钢筋_N18:主梁钢筋_N18:679436,679436,486.76608,6.00000,0.00000000;0.00000000;-1.00000000,0
1309,2016,275154,3PpqhBPkD87Rcsb8SRKl1d,主梁钢筋_N18:主梁钢筋_N18:679428,679428,486.76608,6.00000,0.00000000;0.00000000;-1.00000000,0
1310,2010,275088,3PpqhBPkD87Rcsb8SRKlEV,主梁钢筋_N18:主梁钢筋_N18:679420,679420,486.76608,6.00000,0.00000000;0.00000000;-1.00000000,0
1311,2004,275022,3PpqhBPkD87Rcsb8SRKlEN,主梁钢筋_N18:主梁钢筋_N18:679412,679412,486.76608,6.00000,0.00000000;0.00000000;-1.00000000,0
1312,1998,274956,3PpqhBPkD87Rcsb8SRKlEF,主梁钢筋_N18:主梁钢筋_N18:679404,679404,486.76608,6.00000,0.00000000;0.00000000;-1.00000000,0
1313,1992,274890,3PpqhBPkD87Rcsb8SRKlE7,主梁钢筋_N18:主梁钢筋_N18:679396,679396,486.76608,6.00000,0.00000000;0.00000000;-1.00000000,0
1314,1986,274824,3PpqhBPkD87Rcsb8SRKlE$,主梁钢筋_N18:主梁钢筋_N18:679388,679388,486.76608,6.00000,0.00000000;0.00000000;-1.00000000,0
1315,1980,274758,3PpqhBPkD87Rcsb8SRKlFP,主梁钢筋_N18:主梁钢筋_N18:679354,679354,486.76608,6.00000,0.00000000;0.00000000;-1.00000000,0
1316,1967,264515,3PpqhBPkD87Rcsb8SRKk5D,主梁钢筋_N18:主梁钢筋_N18:675630,675630,486.76608,6.00000,0.00000000;0.00000000;-1.00000000,0
1317,2118,283860,3PpqhBPkD87Rcsb8SRKl7g,主梁钢筋_N18:主梁钢筋_N18:679817,679817,486.76608,6.00000,0.00000000;0.00000000;-1.00000000,0
1318,2124,283926,3PpqhBPkD87Rcsb8SRKl7p,主梁钢筋_N18:主梁钢筋_N18:679824,679824,486.76608,6.00000,0.00000000;0.00000000;-1.00000000,0
1319,2130,283992,3PpqhBPkD87Rcsb8SRKl7q,主梁钢筋_N18:主梁钢筋_N18:679831,679831,486.76608,6.00000,0.00000000;0.00000000;-1.00000000,0
1320,2136,284058,3PpqhBPkD87Rcsb8SRKl7z,主梁钢筋_N18:主梁钢筋_N18:679838,679838,486.76608,6.00000,0.00000000;0.00000000;-1.00000000,0
1321,2142,284124,3PpqhBPkD87Rcsb8SRKl76,主梁钢筋_N18:主梁钢筋_N18:679845,679845,486.76608,6.00000,0.00000000;0.00000000;-1.00000000,0
1322,2148,284190,3PpqhBPkD87Rcsb8SRKl7F,主梁钢筋_N18:主梁钢筋_N18:679852,679852,486.76608,6.00000,0.00000000;0.00000000;-1.00000000,0
1323,2154,284256,3PpqhBPkD87Rcsb8SRKl7G,主梁钢筋_N18:主梁钢筋_N18:679859,679859,486.76608,6.00000,0.00000000;0.00000000;-1.00000000,0
1324,2160,284322,3PpqhBPkD87Rcsb8SRKl7P,主梁钢筋_N18:主梁钢筋_N18:679866,679866,486.76608,6.00000,0.00000000;0.00000000;-1.00000000,0
1325,2166,284388,3PpqhBPkD87Rcsb8SRKl6Y,主梁钢筋_N18:主梁钢筋_N18:679873,679873,486.76608,6.00000,0.00000000;0.00000000;-1.00000000,0
1326,2172,284454,3PpqhBPkD87Rcsb8SRKl6h,主梁钢筋_N18:主梁钢筋_N18:679880,679880,486.76608,6.00000,0.00000000;0.00000000;-1.00000000,0
1327,2178,284520,3PpqhBPkD87Rcsb8SRKl6i,主梁钢筋_N18:主梁钢筋_N18:679887,679887,486.76608,6.00000,0.00000000;0.00000000;-1.00000000,0
1328,2184,284586,3PpqhBPkD87Rcsb8SRKl6r,主梁钢筋_N18:主梁钢筋_N18:679894,679894,486.76608,6.00000,0.00000000;0.00000000;-1.00000000,0
1329,2190,284652,3PpqhBPkD87Rcsb8SRKl6_,主梁钢筋_N18:主梁钢筋_N18:679901,679901,486.76608,6.00000,0.00000000;0.00000000;-1.00000000,0
1330,2196,284718,3PpqhBPkD87Rcsb8SRKl67,主梁钢筋_N18:主梁钢筋_N18:679908,679908,486.76608,6.00000,0.00000000;0.00000000;-1.00000000,0
1331,2202,284784,3PpqhBPkD87Rcsb8SRKl68,主梁钢筋_N18:主梁钢筋_N18:679915,679915,486.76608,6.00000,0.00000000;0.00000000;-1.00000000,0
1332,2208,284850,3PpqhBPkD87Rcsb8SRKl6H,主梁钢筋_N18:主梁钢筋_N18:679922,679922,486.76608,6.00000,0.00000000;0.00000000;-1.00000000,0
1333,2212,284894,3PpqhBPkD87Rcsb8SRKl6K,主梁钢筋_N18:主梁钢筋_N18:679927,679927,486.76608,6.00000,0.00000000;0.00000000;-1.00000000,0
1334,2218,284960,3PpqhBPkD87Rcsb8SRKl6S,主梁钢筋_N18:主梁钢筋_N18:679935,679935,486.76608,6.00000,0.00000000;0.00000000;-1.00000000,0
1335,2224,285026,3PpqhBPkD87Rcsb8SRKiva,主梁钢筋_N18:主梁钢筋_N18:679943,679943,486.76608,6.00000,0.00000000;0.00000000;-1.00000000,0
1336,2230,285092,3PpqhBPkD87Rcsb8SRKivi,主梁钢筋_N18:主梁钢筋_N18:679951,679951,486.76608,6.00000,0.00000000;0.00000000;-1.00000000,0
1337,2236,285158,3PpqhBPkD87Rcsb8SRKivq,主梁钢筋_N18:主梁钢筋_N18:679959,679959,486.76608,6.00000,0.00000000;0.00000000;-1.00000000,0
1338,2242,285224,3PpqhBPkD87Rcsb8SRKivy,主梁钢筋_N18:主梁钢筋_N18:679967,679967,486.76608,6.00000,0.00000000;0.00000000;-1.00000000,0
1339,2248,285290,3PpqhBPkD87Rcsb8SRKiv4,主梁钢筋_N18:主梁钢筋_N18:679975,679975,486.76608,6.00000,0.00000000;0.00000000;-1.00000000,0
1340,1957,252541,3DV3DpgWr5jemi28WiSOWW,主梁钢筋_N13a:主梁钢筋_N13a:671450,671450,2998.57193,6.00000,0.00000000;0.00000000;-1.00000000,0
1341,1956,252530,3DV3DpgWr5jemi28WiSOWo,主梁钢筋_N13a:主梁钢筋_N13a:671432,671432,2998.57193,6.00000,0.00000000;0.00000000;-1.00000000,0
1342,1955,249725,3DV3DpgWr5jemi28WiSOe3,主梁钢筋_N13a:主梁钢筋_N13a:670969,670969,2998.57193,6.00000,0.00000000;0.00000000;-1.00000000,0
1343,1958,252552,3DV3DpgWr5jemi28WiSOWc,主梁钢筋_N13a:主梁钢筋_N13a:671452,671452,2998.57193,6.00000,0.00000000;0.00000000;-1.00000000,0
1344,2757,299695,3PpqhBPkD87Rcsb8SRKikG,主梁钢筋_N19:主梁钢筋_N19:681459,681459,403.47700,6.00000,0.00000000;0.00000000;-1.00000000,0
1345,2754,299662,3PpqhBPkD87Rcsb8SRKikC,主梁钢筋_N19:主梁钢筋_N19:681455,681455,403.47700,6.00000,0.00000000;0.00000000;-1.00000000,0
1346,2751,299629,3PpqhBPkD87Rcsb8SRKik8,主梁钢筋_N19:主梁钢筋_N19:681451,681451,403.47700,6.00000,0.00000000;0.00000000;-1.00000000,0
1347,2802,300190,3PpqhBPkD87Rcsb8SRKiXJ,主梁钢筋_N19:主梁钢筋_N19:681520,681520,403.47700,6.00000,0.00000000;0.00000000;-1.00000000,0
1348,2805,300223,3PpqhBPkD87Rcsb8SRKiXN,主梁钢筋_N19:主梁钢筋_N19:681524,681524,403.47700,6.00000,0.00000000;0.00000000;-1.00000000,0
1349,2808,300256,3PpqhBPkD87Rcsb8SRKiXR,主梁钢筋_N19:主梁钢筋_N19:681528,681528,403.47700,6.00000,0.00000000;0.00000000;-1.00000000,0
1350,2811,300289,3PpqhBPkD87Rcsb8SRKiXV,主梁钢筋_N19:主梁钢筋_N19:681532,681532,403.47700,6.00000,0.00000000;0.00000000;-1.00000000,0
1351,2814,300322,3PpqhBPkD87Rcsb8SRKiWZ,主梁钢筋_N19:主梁钢筋_N19:681536,681536,403.47700,6.00000,0.00000000;0.00000000;-1.00000000,0
1352,2817,300355,3PpqhBPkD87Rcsb8SRKiWd,主梁钢筋_N19:主梁钢筋_N19:681540,681540,403.47700,6.00000,0.00000000;0.00000000;-1.00000000,0
1353,2820,300388,3PpqhBPkD87Rcsb8SRKiWh,主梁钢筋_N19:主梁钢筋_N19:681544,681544,403.47700,6.00000,0.00000000;0.00000000;-1.00000000,0
1354,2823,300421,3PpqhBPkD87Rcsb8SRKiWl,主梁钢筋_N19:主梁钢筋_N19:681548,681548,403.47700,6.00000,0.00000000;0.00000000;-1.00000000,0
1355,2826,300454,3PpqhBPkD87Rcsb8SRKiWp,主梁钢筋_N19:主梁钢筋_N19:681552,681552,403.47700,6.00000,0.00000000;0.00000000;-1.00000000,0
1356,2829,300487,3PpqhBPkD87Rcsb8SRKiWt,主梁钢筋_N19:主梁钢筋_N19:681556,681556,403.47700,6.00000,0.00000000;0.00000000;-1.00000000,0
1357,2832,300520,3PpqhBPkD87Rcsb8SRKiWx,主梁钢筋_N19:主梁钢筋_N19:681560,681560,403.47700,6.00000,0.00000000;0.00000000;-1.00000000,0
1358,2835,300553,3PpqhBPkD87Rcsb8SRKiW$,主梁钢筋_N19:主梁钢筋_N19:681564,681564,403.47700,6.00000,0.00000000;0.00000000;-1.00000000,0
1359,2838,300586,3PpqhBPkD87Rcsb8SRKiW3,主梁钢筋_N19:主梁钢筋_N19:681568,681568,403.47700,6.00000,0.00000000;0.00000000;-1.00000000,0
1360,2841,300619,3PpqhBPkD87Rcsb8SRKiW7,主梁钢筋_N19:主梁钢筋_N19:681572,681572,403.47700,6.00000,0.00000000;0.00000000;-1.00000000,0
1361,2844,300652,3PpqhBPkD87Rcsb8SRKiWB,主梁钢筋_N19:主梁钢筋_N19:681576,681576,403.47700,6.00000,0.00000000;0.00000000;-1.00000000,0
1362,2846,300674,3PpqhBPkD87Rcsb8SRKiW8,主梁钢筋_N19:主梁钢筋_N19:681579,681579,403.47700,6.00000,0.00000000;0.00000000;-1.00000000,0
1363,2760,299728,3PpqhBPkD87Rcsb8SRKikK,主梁钢筋_N19:主梁钢筋_N19:681463,681463,403.47700,6.00000,0.00000000;0.00000000;-1.00000000,0
1364,2763,299761,3PpqhBPkD87Rcsb8SRKikO,主梁钢筋_N19:主梁钢筋_N19:681467,681467,403.47700,6.00000,0.00000000;0.00000000;-1.00000000,0
1365,2766,299794,3PpqhBPkD87Rcsb8SRKikS,主梁钢筋_N19:主梁钢筋_N19:681471,681471,403.47700,6.00000,0.00000000;0.00000000;-1.00000000,0
1366,2769,299827,3PpqhBPkD87Rcsb8SRKiXW,主梁钢筋_N19:主梁钢筋_N19:681475,681475,403.47700,6.00000,0.00000000;0.00000000;-1.00000000,0
1367,2772,299860,3PpqhBPkD87Rcsb8SRKiXa,主梁钢筋_N19:主梁钢筋_N19:681479,681479,403.47700,6.00000,0.00000000;0.00000000;-1.00000000,0
1368,2775,299893,3PpqhBPkD87Rcsb8SRKiXe,主梁钢筋_N19:主梁钢筋_N19:681483,681483,403.47700,6.00000,0.00000000;0.00000000;-1.00000000,0
1369,2778,299926,3PpqhBPkD87Rcsb8SRKiXi,主梁钢筋_N19:主梁钢筋_N19:681487,681487,403.47700,6.00000,0.00000000;0.00000000;-1.00000000,0
1370,2781,299959,3PpqhBPkD87Rcsb8SRKiXm,主梁钢筋_N19:主梁钢筋_N19:681491,681491,403.47700,6.00000,0.00000000;0.00000000;-1.00000000,0
1371,2784,299992,3PpqhBPkD87Rcsb8SRKiXq,主梁钢筋_N19:主梁钢筋_N19:681495,681495,403.47700,6.00000,0.00000000;0.00000000;-1.00000000,0
1372,2787,300025,3PpqhBPkD87Rcsb8SRKiXu,主梁钢筋_N19:主梁钢筋_N19:681499,681499,403.47700,6.00000,0.00000000;0.00000000;-1.00000000,0
1373,2790,300058,3PpqhBPkD87Rcsb8SRKiXy,主梁钢筋_N19:主梁钢筋_N19:681503,681503,403.47700,6.00000,0.00000000;0.00000000;-1.00000000,0
1374,2793,300091,3PpqhBPkD87Rcsb8SRKiX0,主梁钢筋_N19:主梁钢筋_N19:681507,681507,403.47700,6.00000,0.00000000;0.00000000;-1.00000000,0
1375,2796,300124,3PpqhBPkD87Rcsb8SRKiX4,主梁钢筋_N19:主梁钢筋_N19:681511,681511,403.47700,6.00000,0.00000000;0.00000000;-1.00000000,0
1376,2798,300146,3PpqhBPkD87Rcsb8SRKiX9,主梁钢筋_N19:主梁钢筋_N19:681514,681514,403.47700,6.00000,0.00000000;0.00000000;-1.00000000,0
1377,2634,289536,3PpqhBPkD87Rcsb8SRKig4,主梁钢筋_N19:主梁钢筋_N19:681191,681191,403.47700,6.00000,0.00000000;0.00000000;-1.00000000,0
1378,2628,289470,3PpqhBPkD87Rcsb8SRKigz,主梁钢筋_N19:主梁钢筋_N19:681182,681182,403.47700,6.00000,0.00000000;0.00000000;-1.00000000,0
1379,2621,289393,3PpqhBPkD87Rcsb8SRKigs,主梁钢筋_N19:主梁钢筋_N19:681173,681173,403.47700,6.00000,0.00000000;0.00000000;-1.00000000,0
1380,2614,289316,3PpqhBPkD87Rcsb8SRKigl,主梁钢筋_N19:主梁钢筋_N19:681164,681164,403.47700,6.00000,0.00000000;0.00000000;-1.00000000,0
1381,2607,289239,3PpqhBPkD87Rcsb8SRKigW,主梁钢筋_N19:主梁钢筋_N19:681155,681155,403.47700,6.00000,0.00000000;0.00000000;-1.00000000,0
1382,2600,289162,3PpqhBPkD87Rcsb8SRKihP,主梁钢筋_N19:主梁钢筋_N19:681146,681146,403.47700,6.00000,0.00000000;0.00000000;-1.00000000,0
1383,2593,289085,3PpqhBPkD87Rcsb8SRKihI,主梁钢筋_N19:主梁钢筋_N19:681137,681137,403.47700,6.00000,0.00000000;0.00000000;-1.00000000,0
1384,2586,289008,3PpqhBPkD87Rcsb8SRKihB,主梁钢筋_N19:主梁钢筋_N19:681128,681128,403.47700,6.00000,0.00000000;0.00000000;-1.00000000,0
1385,2579,288931,3PpqhBPkD87Rcsb8SRKihy,主梁钢筋_N19:主梁钢筋_N19:681119,681119,403.47700,6.00000,0.00000000;0.00000000;-1.00000000,0
1386,2572,288854,3PpqhBPkD87Rcsb8SRKihr,主梁钢筋_N19:主梁钢筋_N19:681110,681110,403.47700,6.00000,0.00000000;0.00000000;-1.00000000,0
1387,2565,288777,3PpqhBPkD87Rcsb8SRKihk,主梁钢筋_N19:主梁钢筋_N19:681101,681101,403.47700,6.00000,0.00000000;0.00000000;-1.00000000,0
1388,2558,288700,3PpqhBPkD87Rcsb8SRKihd,主梁钢筋_N19:主梁钢筋_N19:681092,681092,403.47700,6.00000,0.00000000;0.00000000;-1.00000000,0
1389,2551,288623,3PpqhBPkD87Rcsb8SRKieO,主梁钢筋_N19:主梁钢筋_N19:681083,681083,403.47700,6.00000,0.00000000;0.00000000;-1.00000000,0
1390,2544,288546,3PpqhBPkD87Rcsb8SRKieH,主梁钢筋_N19:主梁钢筋_N19:681074,681074,403.47700,6.00000,0.00000000;0.00000000;-1.00000000,0
1391,2537,288469,3PpqhBPkD87Rcsb8SRKieA,主梁钢筋_N19:主梁钢筋_N19:681065,681065,403.47700,6.00000,0.00000000;0.00000000;-1.00000000,0
1392,2530,288392,3PpqhBPkD87Rcsb8SRKiep,主梁钢筋_N19:主梁钢筋_N19:681040,681040,403.47700,6.00000,0.00000000;0.00000000;-1.00000000,0
1393,1971,269658,3PpqhBPkD87Rcsb8SRKln9,主梁钢筋_N19:主梁钢筋_N19:676394,676394,403.47700,6.00000,0.00000000;0.00000000;-1.00000000,0
1394,2640,293408,3PpqhBPkD87Rcsb8SRKijm,主梁钢筋_N19:主梁钢筋_N19:681235,681235,403.47700,6.00000,0.00000000;0.00000000;-1.00000000,0
1395,2643,293441,3PpqhBPkD87Rcsb8SRKijq,主梁钢筋_N19:主梁钢筋_N19:681239,681239,403.47700,6.00000,0.00000000;0.00000000;-1.00000000,0
1396,2646,293474,3PpqhBPkD87Rcsb8SRKiju,主梁钢筋_N19:主梁钢筋_N19:681243,681243,403.47700,6.00000,0.00000000;0.00000000;-1.00000000,0
1397,2649,293507,3PpqhBPkD87Rcsb8SRKijy,主梁钢筋_N19:主梁钢筋_N19:681247,681247,403.47700,6.00000,0.00000000;0.00000000;-1.00000000,0
1398,2652,293540,3PpqhBPkD87Rcsb8SRKij0,主梁钢筋_N19:主梁钢筋_N19:681251,681251,403.47700,6.00000,0.00000000;0.00000000;-1.00000000,0
1399,2655,293573,3PpqhBPkD87Rcsb8SRKij4,主梁钢筋_N19:主梁钢筋_N19:681255,681255,403.47700,6.00000,0.00000000;0.00000000;-1.00000000,0
1400,2658,293606,3PpqhBPkD87Rcsb8SRKij8,主梁钢筋_N19:主梁钢筋_N19:681259,681259,403.47700,6.00000,0.00000000;0.00000000;-1.00000000,0
1401,2661,293639,3PpqhBPkD87Rcsb8SRKijC,主梁钢筋_N19:主梁钢筋_N19:681263,681263,403.47700,6.00000,0.00000000;0.00000000;-1.00000000,0
1402,2664,293672,3PpqhBPkD87Rcsb8SRKijG,主梁钢筋_N19:主梁钢筋_N19:681267,681267,403.47700,6.00000,0.00000000;0.00000000;-1.00000000,0
1403,2667,293705,3PpqhBPkD87Rcsb8SRKijK,主梁钢筋_N19:主梁钢筋_N19:681271,681271,403.47700,6.00000,0.00000000;0.00000000;-1.00000000,0
1404,2670,293738,3PpqhBPkD87Rcsb8SRKijO,主梁钢筋_N19:主梁钢筋_N19:681275,681275,403.47700,6.00000,0.00000000;0.00000000;-1.00000000,0
1405,2673,293771,3PpqhBPkD87Rcsb8SRKijS,主梁钢筋_N19:主梁钢筋_N19:681279,681279,403.47700,6.00000,0.00000000;0.00000000;-1.00000000,0
1406,2676,293804,3PpqhBPkD87Rcsb8SRKiiW,主梁钢筋_N19:主梁钢筋_N19:681283,681283,403.47700,6.00000,0.00000000;0.00000000;-1.00000000,0
1407,2679,293837,3PpqhBPkD87Rcsb8SRKiia,主梁钢筋_N19:主梁钢筋_N19:681287,681287,403.47700,6.00000,0.00000000;0.00000000;-1.00000000,0
1408,2682,293870,3PpqhBPkD87Rcsb8SRKiie,主梁钢筋_N19:主梁钢筋_N19:681291,681291,403.47700,6.00000,0.00000000;0.00000000;-1.00000000,0
1409,2684,293892,3PpqhBPkD87Rcsb8SRKiii,主梁钢筋_N19:主梁钢筋_N19:681295,681295,403.47700,6.00000,0.00000000;0.00000000;-1.00000000,0
1410,277,98132,03ROboBXj84foxBMwZde_F,主梁钢筋_N10:主梁钢筋_N10:622117,622117,32530.00000,6.00000,0.00000000;0.00000000;-1.00000000,0
1411,2526,288348,3PpqhBPkD87Rcsb8SRKi$a,主梁钢筋_N18:主梁钢筋_N18:680327,680327,421.97471,6.00000,0.00000000;0.00000000;-1.00000000,0
1412,2520,288282,3PpqhBPkD87Rcsb8SRKiyS,主梁钢筋_N18:主梁钢筋_N18:680319,680319,421.97471,6.00000,0.00000000;0.00000000;-1.00000000,0
1413,2508,288150,3PpqhBPkD87Rcsb8SRKiyC,主梁钢筋_N18:主梁钢筋_N18:680303,680303,421.97471,6.00000,0.00000000;0.00000000;-1.00000000,0
1414,2514,288216,3PpqhBPkD87Rcsb8SRKiyK,主梁钢筋_N18:主梁钢筋_N18:680311,680311,421.97471,6.00000,0.00000000;0.00000000;-1.00000000,0
1415,2502,288084,3PpqhBPkD87Rcsb8SRKiy4,主梁钢筋_N18:主梁钢筋_N18:680295,680295,421.97471,6.00000,0.00000000;0.00000000;-1.00000000,0
1416,2496,288018,3PpqhBPkD87Rcsb8SRKiyy,主梁钢筋_N18:主梁钢筋_N18:680287,680287,421.97471,6.00000,0.00000000;0.00000000;-1.00000000,0
1417,2490,287952,3PpqhBPkD87Rcsb8SRKiyq,主梁钢筋_N18:主梁钢筋_N18:680279,680279,421.97471,6.00000,0.00000000;0.00000000;-1.00000000,0
1418,2485,287897,3PpqhBPkD87Rcsb8SRKiyo,主梁钢筋_N18:主梁钢筋_N18:680273,680273,421.97471,6.00000,0.00000000;0.00000000;-1.00000000,0
1419,2479,287831,3PpqhBPkD87Rcsb8SRKiyf,主梁钢筋_N18:主梁钢筋_N18:680266,680266,421.97471,6.00000,0.00000000;0.00000000;-1.00000000,0
1420,2473,287765,3PpqhBPkD87Rcsb8SRKiyW,主梁钢筋_N18:主梁钢筋_N18:680259,680259,421.97471,6.00000,0.00000000;0.00000000;-1.00000000,0
1421,2467,287699,3PpqhBPkD87Rcsb8SRKizV,主梁钢筋_N18:主梁钢筋_N18:680252,680252,421.97471,6.00000,0.00000000;0.00000000;-1.00000000,0
1422,2461,287633,3PpqhBPkD87Rcsb8SRKizM,主梁钢筋_N18:主梁钢筋_N18:680245,680245,421.97471,6.00000,0.00000000;0.00000000;-1.00000000,0
1423,2455,287567,3PpqhBPkD87Rcsb8SRKizD,主梁钢筋_N18:主梁钢筋_N18:680238,680238,421.97471,6.00000,0.00000000;0.00000000;-1.00000000,0
1424,2449,287501,3PpqhBPkD87Rcsb8SRKiz4,主梁钢筋_N18:主梁钢筋_N18:680231,680231,421.97471,6.00000,0.00000000;0.00000000;-1.00000000,0
1425,2443,287435,3PpqhBPkD87Rcsb8SRKiz3,主梁钢筋_N18:主梁钢筋_N18:680224,680224,421.97471,6.00000,0.00000000;0.00000000;-1.00000000,0
1426,2437,287369,3PpqhBPkD87Rcsb8SRKizw,主梁钢筋_N18:主梁钢筋_N18:680217,680217,421.97471,6.00000,0.00000000;0.00000000;-1.00000000,0
1427,2431,287303,3PpqhBPkD87Rcsb8SRKizn,主梁钢筋_N18:主梁钢筋_N18:680210,680210,421.97471,6.00000,0.00000000;0.00000000;-1.00000000,0
1428,2425,287237,3PpqhBPkD87Rcsb8SRKize,主梁钢筋_N18:主梁钢筋_N18:680203,680203,421.97471,6.00000,0.00000000;0.00000000;-1.00000000,0
1429,2419,287171,3PpqhBPkD87Rcsb8SRKizd,主梁钢筋_N18:主梁钢筋_N18:680196,680196,421.97471,6.00000,0.00000000;0.00000000;-1.00000000,0
1430,2413,287105,3PpqhBPkD87Rcsb8SRKiwU,主梁钢筋_N18:主梁钢筋_N18:680189,680189,421.97471,6.00000,0.00000000;0.00000000;-1.00000000,0
1431,2407,287039,3PpqhBPkD87Rcsb8SRKiwL,主梁钢筋_N18:主梁钢筋_N18:680182,680182,421.97471,6.00000,0.00000000;0.00000000;-1.00000000,0
1432,2401,286973,3PpqhBPkD87Rcsb8SRKiwC,主梁钢筋_N18:主梁钢筋_N18:680175,680175,421.97471,6.00000,0.00000000;0.00000000;-1.00000000,0
1433,2395,286907,3PpqhBPkD87Rcsb8SRKiwB,主梁钢筋_N18:主梁钢筋_N18:680168,680168,421.97471,6.00000,0.00000000;0.00000000;-1.00000000,0
1434,2251,285323,3PpqhBPkD87Rcsb8SRKivQ,主梁钢筋_N18:主梁钢筋_N18:679993,679993,421.97471,6.00000,0.00000000;0.00000000;-1.00000000,0
1435,2257,285389,3PpqhBPkD87Rcsb8SRKiuZ,主梁钢筋_N18:主梁钢筋_N18:680000,680000,421.97471,6.00000,0.00000000;0.00000000;-1.00000000,0
1436,2263,285455,3PpqhBPkD87Rcsb8SRKiua,主梁钢筋_N18:主梁钢筋_N18:680007,680007,421.97471,6.00000,0.00000000;0.00000000;-1.00000000,0
1437,2269,285521,3PpqhBPkD87Rcsb8SRKiuj,主梁钢筋_N18:主梁钢筋_N18:680014,680014,421.97471,6.00000,0.00000000;0.00000000;-1.00000000,0
1438,2275,285587,3PpqhBPkD87Rcsb8SRKius,主梁钢筋_N18:主梁钢筋_N18:680021,680021,421.97471,6.00000,0.00000000;0.00000000;-1.00000000,0
1439,2281,285653,3PpqhBPkD87Rcsb8SRKiu$,主梁钢筋_N18:主梁钢筋_N18:680028,680028,421.97471,6.00000,0.00000000;0.00000000;-1.00000000,0
1440,2287,285719,3PpqhBPkD87Rcsb8SRKiu0,主梁钢筋_N18:主梁钢筋_N18:680035,680035,421.97471,6.00000,0.00000000;0.00000000;-1.00000000,0
1441,2293,285785,3PpqhBPkD87Rcsb8SRKiu9,主梁钢筋_N18:主梁钢筋_N18:680042,680042,421.97471,6.00000,0.00000000;0.00000000;-1.00000000,0
1442,2299,285851,3PpqhBPkD87Rcsb8SRKiuI,主梁钢筋_N18:主梁钢筋_N18:680049,680049,421.97471,6.00000,0.00000000;0.00000000;-1.00000000,0
1443,2305,285917,3PpqhBPkD87Rcsb8SRKiuR,主梁钢筋_N18:主梁钢筋_N18:680056,680056,421.97471,6.00000,0.00000000;0.00000000;-1.00000000,0
1444,2311,285983,3PpqhBPkD87Rcsb8SRKiuS,主梁钢筋_N18:主梁钢筋_N18:680063,680063,421.97471,6.00000,0.00000000;0.00000000;-1.00000000,0
1445,2317,286049,3PpqhBPkD87Rcsb8SRKixb,主梁钢筋_N18:主梁钢筋_N18:680070,680070,421.97471,6.00000,0.00000000;0.00000000;-1.00000000,0
1446,2323,286115,3PpqhBPkD87Rcsb8SRKixk,主梁钢筋_N18:主梁钢筋_N18:680077,680077,421.97471,6.00000,0.00000000;0.00000000;-1.00000000,0
1447,2329,286181,3PpqhBPkD87Rcsb8SRKixt,主梁钢筋_N18:主梁钢筋_N18:680084,680084,421.97471,6.00000,0.00000000;0.00000000;-1.00000000,0
1448,2335,286247,3PpqhBPkD87Rcsb8SRKixu,主梁钢筋_N18:主梁钢筋_N18:680091,680091,421.97471,6.00000,0.00000000;0.00000000;-1.00000000,0
1449,2341,286313,3PpqhBPkD87Rcsb8SRKix1,主梁钢筋_N18:主梁钢筋_N18:680098,680098,421.97471,6.00000,0.00000000;0.00000000;-1.00000000,0
1450,2347,286379,3PpqhBPkD87Rcsb8SRKixA,主梁钢筋_N18:主梁钢筋_N18:680105,680105,421.97471,6.00000,0.00000000;0.00000000;-1.00000000,0
1451,2352,286434,3PpqhBPkD87Rcsb8SRKixC,主梁钢筋_N18:主梁钢筋_N18:680111,680111,421.97471,6.00000,0.00000000;0.00000000;-1.00000000,0
1452,2358,286500,3PpqhBPkD87Rcsb8SRKixK,主梁钢筋_N18:主梁钢筋_N18:680119,680119,421.97471,6.00000,0.00000000;0.00000000;-1.00000000,0
1453,2364,286566,3PpqhBPkD87Rcsb8SRKixS,主梁钢筋_N18:主梁钢筋_N18:680127,680127,421.97471,6.00000,0.00000000;0.00000000;-1.00000000,0
1454,2376,286698,3PpqhBPkD87Rcsb8SRKiwi,主梁钢筋_N18:主梁钢筋_N18:680143,680143,421.97471,6.00000,0.00000000;0.00000000;-1.00000000,0
1455,2370,286632,3PpqhBPkD87Rcsb8SRKiwa,主梁钢筋_N18:主梁钢筋_N18:680135,680135,421.97471,6.00000,0.00000000;0.00000000;-1.00000000,0
1456,2382,286764,3PpqhBPkD87Rcsb8SRKiwq,主梁钢筋_N18:主梁钢筋_N18:680151,680151,421.97471,6.00000,0.00000000;0.00000000;-1.00000000,0
1457,2388,286830,3PpqhBPkD87Rcsb8SRKiwy,主梁钢筋_N18:主梁钢筋_N18:680159,680159,421.97471,6.00000,0.00000000;0.00000000;-1.00000000,0
1458,2109,276177,3PpqhBPkD87Rcsb8SRKl4Q,主梁钢筋_N18:主梁钢筋_N18:679801,679801,421.97471,6.00000,0.00000000;0.00000000;-1.00000000,0
1459,2103,276111,3PpqhBPkD87Rcsb8SRKl4J,主梁钢筋_N18:主梁钢筋_N18:679792,679792,421.97471,6.00000,0.00000000;0.00000000;-1.00000000,0
1460,2097,276045,3PpqhBPkD87Rcsb8SRKl44,主梁钢筋_N18:主梁钢筋_N18:679783,679783,421.97471,6.00000,0.00000000;0.00000000;-1.00000000,0
1461,2091,275979,3PpqhBPkD87Rcsb8SRKl4z,主梁钢筋_N18:主梁钢筋_N18:679774,679774,421.97471,6.00000,0.00000000;0.00000000;-1.00000000,0
1462,2085,275913,3PpqhBPkD87Rcsb8SRKl4s,主梁钢筋_N18:主梁钢筋_N18:679765,679765,421.97471,6.00000,0.00000000;0.00000000;-1.00000000,0
1463,2079,275847,3PpqhBPkD87Rcsb8SRKl5M,主梁钢筋_N18:主梁钢筋_N18:679733,679733,421.97471,6.00000,0.00000000;0.00000000;-1.00000000,0
1464,2073,275781,3PpqhBPkD87Rcsb8SRKl3v,主梁钢筋_N18:主梁钢筋_N18:679578,679578,421.97471,6.00000,0.00000000;0.00000000;-1.00000000,0
1465,2068,275726,3PpqhBPkD87Rcsb8SRKl0f,主梁钢筋_N18:主梁钢筋_N18:679498,679498,421.97471,6.00000,0.00000000;0.00000000;-1.00000000,0
1466,2062,275660,3PpqhBPkD87Rcsb8SRKl0X,主梁钢筋_N18:主梁钢筋_N18:679490,679490,421.97471,6.00000,0.00000000;0.00000000;-1.00000000,0
1467,2056,275594,3PpqhBPkD87Rcsb8SRKl1P,主梁钢筋_N18:主梁钢筋_N18:679482,679482,421.97471,6.00000,0.00000000;0.00000000;-1.00000000,0
1468,2050,275528,3PpqhBPkD87Rcsb8SRKl1H,主梁钢筋_N18:主梁钢筋_N18:679474,679474,421.97471,6.00000,0.00000000;0.00000000;-1.00000000,0
1469,2044,275462,3PpqhBPkD87Rcsb8SRKl19,主梁钢筋_N18:主梁钢筋_N18:679466,679466,421.97471,6.00000,0.00000000;0.00000000;-1.00000000,0
1470,2038,275396,3PpqhBPkD87Rcsb8SRKl11,主梁钢筋_N18:主梁钢筋_N18:679458,679458,421.97471,6.00000,0.00000000;0.00000000;-1.00000000,0
1471,2032,275330,3PpqhBPkD87Rcsb8SRKl1v,主梁钢筋_N18:主梁钢筋_N18:679450,679450,421.97471,6.00000,0.00000000;0.00000000;-1.00000000,0
1472,2026,275264,3PpqhBPkD87Rcsb8SRKl1n,主梁钢筋_N18:主梁钢筋_N18:679442,679442,421.97471,6.00000,0.00000000;0.00000000;-1.00000000,0
1473,2020,275198,3PpqhBPkD87Rcsb8SRKl1f,主梁钢筋_N18:主梁钢筋_N18:679434,679434,421.97471,6.00000,0.00000000;0.00000000;-1.00000000,0
1474,2014,275132,3PpqhBPkD87Rcsb8SRKl1X,主梁钢筋_N18:主梁钢筋_N18:679426,679426,421.97471,6.00000,0.00000000;0.00000000;-1.00000000,0
1475,2008,275066,3PpqhBPkD87Rcsb8SRKlEP,主梁钢筋_N18:主梁钢筋_N18:679418,679418,421.97471,6.00000,0.00000000;0.00000000;-1.00000000,0
1476,2002,275000,3PpqhBPkD87Rcsb8SRKlEH,主梁钢筋_N18:主梁钢筋_N18:679410,679410,421.97471,6.00000,0.00000000;0.00000000;-1.00000000,0
1477,1996,274934,3PpqhBPkD87Rcsb8SRKlE9,主梁钢筋_N18:主梁钢筋_N18:679402,679402,421.97471,6.00000,0.00000000;0.00000000;-1.00000000,0
1478,1990,274868,3PpqhBPkD87Rcsb8SRKlE1,主梁钢筋_N18:主梁钢筋_N18:679394,679394,421.97471,6.00000,0.00000000;0.00000000;-1.00000000,0
1479,1984,274802,3PpqhBPkD87Rcsb8SRKlEv,主梁钢筋_N18:主梁钢筋_N18:679386,679386,421.97471,6.00000,0.00000000;0.00000000;-1.00000000,0
1480,1978,274736,3PpqhBPkD87Rcsb8SRKlFR,主梁钢筋_N18:主梁钢筋_N18:679352,679352,421.97471,6.00000,0.00000000;0.00000000;-1.00000000,0
1481,1965,261951,3PpqhBPkD87Rcsb8SRKk0G,主梁钢筋_N18:主梁钢筋_N18:675443,675443,421.97471,6.00000,0.00000000;0.00000000;-1.00000000,0
1482,2116,282560,3PpqhBPkD87Rcsb8SRKl7a,主梁钢筋_N18:主梁钢筋_N18:679815,679815,421.97471,6.00000,0.00000000;0.00000000;-1.00000000,0
1483,2122,283904,3PpqhBPkD87Rcsb8SRKl7j,主梁钢筋_N18:主梁钢筋_N18:679822,679822,421.97471,6.00000,0.00000000;0.00000000;-1.00000000,0
1484,2128,283970,3PpqhBPkD87Rcsb8SRKl7s,主梁钢筋_N18:主梁钢筋_N18:679829,679829,421.97471,6.00000,0.00000000;0.00000000;-1.00000000,0
1485,2134,284036,3PpqhBPkD87Rcsb8SRKl7$,主梁钢筋_N18:主梁钢筋_N18:679836,679836,421.97471,6.00000,0.00000000;0.00000000;-1.00000000,0
1486,2140,284102,3PpqhBPkD87Rcsb8SRKl70,主梁钢筋_N18:主梁钢筋_N18:679843,679843,421.97471,6.00000,0.00000000;0.00000000;-1.00000000,0
1487,2146,284168,3PpqhBPkD87Rcsb8SRKl79,主梁钢筋_N18:主梁钢筋_N18:679850,679850,421.97471,6.00000,0.00000000;0.00000000;-1.00000000,0
1488,2152,284234,3PpqhBPkD87Rcsb8SRKl7I,主梁钢筋_N18:主梁钢筋_N18:679857,679857,421.97471,6.00000,0.00000000;0.00000000;-1.00000000,0
1489,2158,284300,3PpqhBPkD87Rcsb8SRKl7R,主梁钢筋_N18:主梁钢筋_N18:679864,679864,421.97471,6.00000,0.00000000;0.00000000;-1.00000000,0
1490,2164,284366,3PpqhBPkD87Rcsb8SRKl7S,主梁钢筋_N18:主梁钢筋_N18:679871,679871,421.97471,6.00000,0.00000000;0.00000000;-1.00000000,0
1491,2170,284432,3PpqhBPkD87Rcsb8SRKl6b,主梁钢筋_N18:主梁钢筋_N18:679878,679878,421.97471,6.00000,0.00000000;0.00000000;-1.00000000,0
1492,2176,284498,3PpqhBPkD87Rcsb8SRKl6k,主梁钢筋_N18:主梁钢筋_N18:679885,679885,421.97471,6.00000,0.00000000;0.00000000;-1.00000000,0
1493,2182,284564,3PpqhBPkD87Rcsb8SRKl6t,主梁钢筋_N18:主梁钢筋_N18:679892,679892,421.97471,6.00000,0.00000000;0.00000000;-1.00000000,0
1494,2188,284630,3PpqhBPkD87Rcsb8SRKl6u,主梁钢筋_N18:主梁钢筋_N18:679899,679899,421.97471,6.00000,0.00000000;0.00000000;-1.00000000,0
1495,2194,284696,3PpqhBPkD87Rcsb8SRKl61,主梁钢筋_N18:主梁钢筋_N18:679906,679906,421.97471,6.00000,0.00000000;0.00000000;-1.00000000,0
1496,2200,284762,3PpqhBPkD87Rcsb8SRKl6A,主梁钢筋_N18:主梁钢筋_N18:679913,679913,421.97471,6.00000,0.00000000;0.00000000;-1.00000000,0
1497,2206,284828,3PpqhBPkD87Rcsb8SRKl6J,主梁钢筋_N18:主梁钢筋_N18:679920,679920,421.97471,6.00000,0.00000000;0.00000000;-1.00000000,0
1498,2211,284883,3PpqhBPkD87Rcsb8SRKl6L,主梁钢筋_N18:主梁钢筋_N18:679926,679926,421.97471,6.00000,0.00000000;0.00000000;-1.00000000,0
1499,2217,284949,3PpqhBPkD87Rcsb8SRKl6T,主梁钢筋_N18:主梁钢筋_N18:679934,679934,421.97471,6.00000,0.00000000;0.00000000;-1.00000000,0
1500,2223,285015,3PpqhBPkD87Rcsb8SRKivb,主梁钢筋_N18:主梁钢筋_N18:679942,679942,421.97471,6.00000,0.00000000;0.00000000;-1.00000000,0
1501,2229,285081,3PpqhBPkD87Rcsb8SRKivj,主梁钢筋_N18:主梁钢筋_N18:679950,679950,421.97471,6.00000,0.00000000;0.00000000;-1.00000000,0
1502,2235,285147,3PpqhBPkD87Rcsb8SRKivr,主梁钢筋_N18:主梁钢筋_N18:679958,679958,421.97471,6.00000,0.00000000;0.00000000;-1.00000000,0
1503,2241,285213,3PpqhBPkD87Rcsb8SRKivz,主梁钢筋_N18:主梁钢筋_N18:679966,679966,421.97471,6.00000,0.00000000;0.00000000;-1.00000000,0
1504,2247,285279,3PpqhBPkD87Rcsb8SRKiv5,主梁钢筋_N18:主梁钢筋_N18:679974,679974,421.97471,6.00000,0.00000000;0.00000000;-1.00000000,0
1505,3050,367820,3qlyKYfH9E9fgTzD5PQC_d,主梁钢筋_N23:主梁钢筋_N23:685390,685390,553.50316,6.00000,0.00000000;0.00000000;-1.00000000,0
1506,3045,367765,3qlyKYfH9E9fgTzD5PQC_k,主梁钢筋_N23:主梁钢筋_N23:685383,685383,553.50316,6.00000,0.00000000;0.00000000;-1.00000000,0
1507,3040,362588,3qlyKYfH9E9fgTzD5PQC_f,主梁钢筋_N23:主梁钢筋_N23:685376,685376,553.50316,6.00000,0.00000000;0.00000000;-1.00000000,0
1508,3055,367875,3qlyKYfH9E9fgTzD5PQCzz,主梁钢筋_N23:主梁钢筋_N23:685460,685460,553.50316,6.00000,0.00000000;0.00000000;-1.00000000,0
1509,3061,369225,3qlyKYfH9E9fgTzD5PQCzr,主梁钢筋_N23:主梁钢筋_N23:685468,685468,553.50316,6.00000,0.00000000;0.00000000;-1.00000000,0
1510,3067,369291,3qlyKYfH9E9fgTzD5PQCzD,主梁钢筋_N23:主梁钢筋_N23:685476,685476,553.50316,6.00000,0.00000000;0.00000000;-1.00000000,0
1511,3073,369357,3qlyKYfH9E9fgTzD5PQCz2,主梁钢筋_N23:主梁钢筋_N23:685483,685483,553.50231,6.00000,0.00000000;0.00000000;-1.00000000,0
1512,3078,369412,3qlyKYfH9E9fgTzD5PQCzP,主梁钢筋_N23:主梁钢筋_N23:685488,685488,553.50231,6.00000,0.00000000;0.00000000;-1.00000000,0
1513,3083,369467,3qlyKYfH9E9fgTzD5PQCzS,主梁钢筋_N23:主梁钢筋_N23:685493,685493,553.50231,6.00000,0.00000000;0.00000000;-1.00000000,0
1514,3034,361238,3qlyKYfH9E9fgTzD5PQC$Q,主梁钢筋_N23:主梁钢筋_N23:685363,685363,553.50231,6.00000,0.00000000;0.00000000;-1.00000000,0
1515,3028,361172,3qlyKYfH9E9fgTzD5PQC$p,主梁钢筋_N23:主梁钢筋_N23:685338,685338,553.50231,6.00000,0.00000000;0.00000000;-1.00000000,0
1516,3022,354699,3qlyKYfH9E9fgTzD5PQCxu,主梁钢筋_N23:主梁钢筋_N23:685073,685073,553.50231,6.00000,0.00000000;0.00000000;-1.00000000,0
1517,2522,288304,3PpqhBPkD87Rcsb8SRKi$X,主梁钢筋_N18:主梁钢筋_N18:680322,680322,396.16195,6.00000,0.00000000;0.00000000;-1.00000000,0
1518,2516,288238,3PpqhBPkD87Rcsb8SRKiyP,主梁钢筋_N18:主梁钢筋_N18:680314,680314,396.16195,6.00000,0.00000000;0.00000000;-1.00000000,0
1519,2510,288172,3PpqhBPkD87Rcsb8SRKiyH,主梁钢筋_N18:主梁钢筋_N18:680306,680306,396.16195,6.00000,0.00000000;0.00000000;-1.00000000,0
1520,2504,288106,3PpqhBPkD87Rcsb8SRKiy9,主梁钢筋_N18:主梁钢筋_N18:680298,680298,396.16195,6.00000,0.00000000;0.00000000;-1.00000000,0
1521,2498,288040,3PpqhBPkD87Rcsb8SRKiy1,主梁钢筋_N18:主梁钢筋_N18:680290,680290,396.16195,6.00000,0.00000000;0.00000000;-1.00000000,0
1522,2492,287974,3PpqhBPkD87Rcsb8SRKiyv,主梁钢筋_N18:主梁钢筋_N18:680282,680282,396.16195,6.00000,0.00000000;0.00000000;-1.00000000,0
1523,2484,287886,3PpqhBPkD87Rcsb8SRKiyp,主梁钢筋_N18:主梁钢筋_N18:680272,680272,396.16195,6.00000,0.00000000;0.00000000;-1.00000000,0
1524,2478,287820,3PpqhBPkD87Rcsb8SRKiyg,主梁钢筋_N18:主梁钢筋_N18:680265,680265,396.16195,6.00000,0.00000000;0.00000000;-1.00000000,0
1525,2472,287754,3PpqhBPkD87Rcsb8SRKiyX,主梁钢筋_N18:主梁钢筋_N18:680258,680258,396.16195,6.00000,0.00000000;0.00000000;-1.00000000,0
1526,2466,287688,3PpqhBPkD87Rcsb8SRKizO,主梁钢筋_N18:主梁钢筋_N18:680251,680251,396.16195,6.00000,0.00000000;0.00000000;-1.00000000,0
1527,2460,287622,3PpqhBPkD87Rcsb8SRKizN,主梁钢筋_N18:主梁钢筋_N18:680244,680244,396.16195,6.00000,0.00000000;0.00000000;-1.00000000,0
1528,2454,287556,3PpqhBPkD87Rcsb8SRKizE,主梁钢筋_N18:主梁钢筋_N18:680237,680237,396.16195,6.00000,0.00000000;0.00000000;-1.00000000,0
1529,2448,287490,3PpqhBPkD87Rcsb8SRKiz5,主梁钢筋_N18:主梁钢筋_N18:680230,680230,396.16195,6.00000,0.00000000;0.00000000;-1.00000000,0
1530,2442,287424,3PpqhBPkD87Rcsb8SRKizy,主梁钢筋_N18:主梁钢筋_N18:680223,680223,396.16195,6.00000,0.00000000;0.00000000;-1.00000000,0
1531,2436,287358,3PpqhBPkD87Rcsb8SRKizx,主梁钢筋_N18:主梁钢筋_N18:680216,680216,396.16195,6.00000,0.00000000;0.00000000;-1.00000000,0
1532,2430,287292,3PpqhBPkD87Rcsb8SRKizo,主梁钢筋_N18:主梁钢筋_N18:680209,680209,396.16195,6.00000,0.00000000;0.00000000;-1.00000000,0
1533,2424,287226,3PpqhBPkD87Rcsb8SRKizf,主梁钢筋_N18:主梁钢筋_N18:680202,680202,396.16195,6.00000,0.00000000;0.00000000;-1.00000000,0
1534,2418,287160,3PpqhBPkD87Rcsb8SRKizW,主梁钢筋_N18:主梁钢筋_N18:680195,680195,396.16195,6.00000,0.00000000;0.00000000;-1.00000000,0
1535,2412,287094,3PpqhBPkD87Rcsb8SRKiwV,主梁钢筋_N18:主梁钢筋_N18:680188,680188,396.16195,6.00000,0.00000000;0.00000000;-1.00000000,0
1536,2406,287028,3PpqhBPkD87Rcsb8SRKiwM,主梁钢筋_N18:主梁钢筋_N18:680181,680181,396.16195,6.00000,0.00000000;0.00000000;-1.00000000,0
1537,2400,286962,3PpqhBPkD87Rcsb8SRKiwD,主梁钢筋_N18:主梁钢筋_N18:680174,680174,396.16195,6.00000,0.00000000;0.00000000;-1.00000000,0
1538,2394,286896,3PpqhBPkD87Rcsb8SRKiw4,主梁钢筋_N18:主梁钢筋_N18:680167,680167,396.16195,6.00000,0.00000000;0.00000000;-1.00000000,0
1539,2390,286852,3PpqhBPkD87Rcsb8SRKiw1,主梁钢筋_N18:主梁钢筋_N18:680162,680162,396.16195,6.00000,0.00000000;0.00000000;-1.00000000,0
1540,2250,285312,3PpqhBPkD87Rcsb8SRKivR,主梁钢筋_N18:主梁钢筋_N18:679992,679992,396.16195,6.00000,0.00000000;0.00000000;-1.00000000,0
1541,2256,285378,3PpqhBPkD87Rcsb8SRKivS,主梁钢筋_N18:主梁钢筋_N18:679999,679999,396.16195,6.00000,0.00000000;0.00000000;-1.00000000,0
1542,2262,285444,3PpqhBPkD87Rcsb8SRKiub,主梁钢筋_N18:主梁钢筋_N18:680006,680006,396.16195,6.00000,0.00000000;0.00000000;-1.00000000,0
1543,2268,285510,3PpqhBPkD87Rcsb8SRKiuk,主梁钢筋_N18:主梁钢筋_N18:680013,680013,396.16195,6.00000,0.00000000;0.00000000;-1.00000000,0
1544,2274,285576,3PpqhBPkD87Rcsb8SRKiut,主梁钢筋_N18:主梁钢筋_N18:680020,680020,396.16195,6.00000,0.00000000;0.00000000;-1.00000000,0
1545,2280,285642,3PpqhBPkD87Rcsb8SRKiuu,主梁钢筋_N18:主梁钢筋_N18:680027,680027,396.16195,6.00000,0.00000000;0.00000000;-1.00000000,0
1546,2286,285708,3PpqhBPkD87Rcsb8SRKiu1,主梁钢筋_N18:主梁钢筋_N18:680034,680034,396.16195,6.00000,0.00000000;0.00000000;-1.00000000,0
1547,2292,285774,3PpqhBPkD87Rcsb8SRKiuA,主梁钢筋_N18:主梁钢筋_N18:680041,680041,396.16195,6.00000,0.00000000;0.00000000;-1.00000000,0
1548,2298,285840,3PpqhBPkD87Rcsb8SRKiuJ,主梁钢筋_N18:主梁钢筋_N18:680048,680048,396.16195,6.00000,0.00000000;0.00000000;-1.00000000,0
1549,2304,285906,3PpqhBPkD87Rcsb8SRKiuK,主梁钢筋_N18:主梁钢筋_N18:680055,680055,396.16195,6.00000,0.00000000;0.00000000;-1.00000000,0
1550,2310,285972,3PpqhBPkD87Rcsb8SRKiuT,主梁钢筋_N18:主梁钢筋_N18:680062,680062,396.16195,6.00000,0.00000000;0.00000000;-1.00000000,0
1551,2316,286038,3PpqhBPkD87Rcsb8SRKixc,主梁钢筋_N18:主梁钢筋_N18:680069,680069,396.16195,6.00000,0.00000000;0.00000000;-1.00000000,0
1552,2322,286104,3PpqhBPkD87Rcsb8SRKixl,主梁钢筋_N18:主梁钢筋_N18:680076,680076,396.16195,6.00000,0.00000000;0.00000000;-1.00000000,0
1553,2328,286170,3PpqhBPkD87Rcsb8SRKixm,主梁钢筋_N18:主梁钢筋_N18:680083,680083,396.16195,6.00000,0.00000000;0.00000000;-1.00000000,0
1554,2334,286236,3PpqhBPkD87Rcsb8SRKixv,主梁钢筋_N18:主梁钢筋_N18:680090,680090,396.16195,6.00000,0.00000000;0.00000000;-1.00000000,0
1555,2340,286302,3PpqhBPkD87Rcsb8SRKix2,主梁钢筋_N18:主梁钢筋_N18:680097,680097,396.16195,6.00000,0.00000000;0.00000000;-1.00000000,0
1556,2346,286368,3PpqhBPkD87Rcsb8SRKixB,主梁钢筋_N18:主梁钢筋_N18:680104,680104,396.16195,6.00000,0.00000000;0.00000000;-1.00000000,0
1557,2354,286456,3PpqhBPkD87Rcsb8SRKixH,主梁钢筋_N18:主梁钢筋_N18:680114,680114,396.16195,6.00000,0.00000000;0.00000000;-1.00000000,0
1558,2360,286522,3PpqhBPkD87Rcsb8SRKixP,主梁钢筋_N18:主梁钢筋_N18:680122,680122,396.16195,6.00000,0.00000000;0.00000000;-1.00000000,0
1559,2366,286588,3PpqhBPkD87Rcsb8SRKiwX,主梁钢筋_N18:主梁钢筋_N18:680130,680130,396.16195,6.00000,0.00000000;0.00000000;-1.00000000,0
1560,2372,286654,3PpqhBPkD87Rcsb8SRKiwf,主梁钢筋_N18:主梁钢筋_N18:680138,680138,396.16195,6.00000,0.00000000;0.00000000;-1.00000000,0
1561,2378,286720,3PpqhBPkD87Rcsb8SRKiwn,主梁钢筋_N18:主梁钢筋_N18:680146,680146,396.16195,6.00000,0.00000000;0.00000000;-1.00000000,0
1562,2384,286786,3PpqhBPkD87Rcsb8SRKiwv,主梁钢筋_N18:主梁钢筋_N18:680154,680154,396.16195,6.00000,0.00000000;0.00000000;-1.00000000,0
1563,2105,276133,3PpqhBPkD87Rcsb8SRKl4N,主梁钢筋_N18:主梁钢筋_N18:679796,679796,396.16195,6.00000,0.00000000;0.00000000;-1.00000000,0
1564,2099,276067,3PpqhBPkD87Rcsb8SRKl48,主梁钢筋_N18:主梁钢筋_N18:679787,679787,396.16195,6.00000,0.00000000;0.00000000;-1.00000000,0
1565,2093,276001,3PpqhBPkD87Rcsb8SRKl41,主梁钢筋_N18:主梁钢筋_N18:679778,679778,396.16195,6.00000,0.00000000;0.00000000;-1.00000000,0
1566,2087,275935,3PpqhBPkD87Rcsb8SRKl4w,主梁钢筋_N18:主梁钢筋_N18:679769,679769,396.16195,6.00000,0.00000000;0.00000000;-1.00000000,0
1567,2081,275869,3PpqhBPkD87Rcsb8SRKl4p,主梁钢筋_N18:主梁钢筋_N18:679760,679760,396.16195,6.00000,0.00000000;0.00000000;-1.00000000,0
1568,2075,275803,3PpqhBPkD87Rcsb8SRKl5J,主梁钢筋_N18:主梁钢筋_N18:679728,679728,396.16195,6.00000,0.00000000;0.00000000;-1.00000000,0
1569,2067,275715,3PpqhBPkD87Rcsb8SRKl0g,主梁钢筋_N18:主梁钢筋_N18:679497,679497,396.16195,6.00000,0.00000000;0.00000000;-1.00000000,0
1570,2061,275649,3PpqhBPkD87Rcsb8SRKl0Y,主梁钢筋_N18:主梁钢筋_N18:679489,679489,396.16195,6.00000,0.00000000;0.00000000;-1.00000000,0
1571,2055,275583,3PpqhBPkD87Rcsb8SRKl1Q,主梁钢筋_N18:主梁钢筋_N18:679481,679481,396.16195,6.00000,0.00000000;0.00000000;-1.00000000,0
1572,2049,275517,3PpqhBPkD87Rcsb8SRKl1I,主梁钢筋_N18:主梁钢筋_N18:679473,679473,396.16195,6.00000,0.00000000;0.00000000;-1.00000000,0
1573,2043,275451,3PpqhBPkD87Rcsb8SRKl1A,主梁钢筋_N18:主梁钢筋_N18:679465,679465,396.16195,6.00000,0.00000000;0.00000000;-1.00000000,0
1574,2037,275385,3PpqhBPkD87Rcsb8SRKl12,主梁钢筋_N18:主梁钢筋_N18:679457,679457,396.16195,6.00000,0.00000000;0.00000000;-1.00000000,0
1575,2031,275319,3PpqhBPkD87Rcsb8SRKl1w,主梁钢筋_N18:主梁钢筋_N18:679449,679449,396.16195,6.00000,0.00000000;0.00000000;-1.00000000,0
1576,2025,275253,3PpqhBPkD87Rcsb8SRKl1o,主梁钢筋_N18:主梁钢筋_N18:679441,679441,396.16195,6.00000,0.00000000;0.00000000;-1.00000000,0
1577,2019,275187,3PpqhBPkD87Rcsb8SRKl1g,主梁钢筋_N18:主梁钢筋_N18:679433,679433,396.16195,6.00000,0.00000000;0.00000000;-1.00000000,0
1578,2013,275121,3PpqhBPkD87Rcsb8SRKl1Y,主梁钢筋_N18:主梁钢筋_N18:679425,679425,396.16195,6.00000,0.00000000;0.00000000;-1.00000000,0
1579,2007,275055,3PpqhBPkD87Rcsb8SRKlEQ,主梁钢筋_N18:主梁钢筋_N18:679417,679417,396.16195,6.00000,0.00000000;0.00000000;-1.00000000,0
1580,2001,274989,3PpqhBPkD87Rcsb8SRKlEI,主梁钢筋_N18:主梁钢筋_N18:679409,679409,396.16195,6.00000,0.00000000;0.00000000;-1.00000000,0
1581,1995,274923,3PpqhBPkD87Rcsb8SRKlEA,主梁钢筋_N18:主梁钢筋_N18:679401,679401,396.16195,6.00000,0.00000000;0.00000000;-1.00000000,0
1582,1989,274857,3PpqhBPkD87Rcsb8SRKlE2,主梁钢筋_N18:主梁钢筋_N18:679393,679393,396.16195,6.00000,0.00000000;0.00000000;-1.00000000,0
1583,1983,274791,3PpqhBPkD87Rcsb8SRKlEw,主梁钢筋_N18:主梁钢筋_N18:679385,679385,396.16195,6.00000,0.00000000;0.00000000;-1.00000000,0
1584,1977,274725,3PpqhBPkD87Rcsb8SRKlFK,主梁钢筋_N18:主梁钢筋_N18:679351,679351,396.16195,6.00000,0.00000000;0.00000000;-1.00000000,0
1585,1964,260690,3PpqhBPkD87Rcsb8SRKk19,主梁钢筋_N18:主梁钢筋_N18:675370,675370,396.16195,6.00000,0.00000000;0.00000000;-1.00000000,0
1586,2111,277449,3PpqhBPkD87Rcsb8SRKl7Y,主梁钢筋_N18:主梁钢筋_N18:679809,679809,396.16195,6.00000,0.00000000;0.00000000;-1.00000000,0
1587,2115,281299,3PpqhBPkD87Rcsb8SRKl7b,主梁钢筋_N18:主梁钢筋_N18:679814,679814,396.16195,6.00000,0.00000000;0.00000000;-1.00000000,0
1588,2121,283893,3PpqhBPkD87Rcsb8SRKl7k,主梁钢筋_N18:主梁钢筋_N18:679821,679821,396.16195,6.00000,0.00000000;0.00000000;-1.00000000,0
1589,2127,283959,3PpqhBPkD87Rcsb8SRKl7t,主梁钢筋_N18:主梁钢筋_N18:679828,679828,396.16195,6.00000,0.00000000;0.00000000;-1.00000000,0
1590,2133,284025,3PpqhBPkD87Rcsb8SRKl7u,主梁钢筋_N18:主梁钢筋_N18:679835,679835,396.16195,6.00000,0.00000000;0.00000000;-1.00000000,0
1591,2139,284091,3PpqhBPkD87Rcsb8SRKl71,主梁钢筋_N18:主梁钢筋_N18:679842,679842,396.16195,6.00000,0.00000000;0.00000000;-1.00000000,0
1592,2145,284157,3PpqhBPkD87Rcsb8SRKl7A,主梁钢筋_N18:主梁钢筋_N18:679849,679849,396.16195,6.00000,0.00000000;0.00000000;-1.00000000,0
1593,2151,284223,3PpqhBPkD87Rcsb8SRKl7J,主梁钢筋_N18:主梁钢筋_N18:679856,679856,396.16195,6.00000,0.00000000;0.00000000;-1.00000000,0
1594,2157,284289,3PpqhBPkD87Rcsb8SRKl7K,主梁钢筋_N18:主梁钢筋_N18:679863,679863,396.16195,6.00000,0.00000000;0.00000000;-1.00000000,0
1595,2163,284355,3PpqhBPkD87Rcsb8SRKl7T,主梁钢筋_N18:主梁钢筋_N18:679870,679870,396.16195,6.00000,0.00000000;0.00000000;-1.00000000,0
1596,2169,284421,3PpqhBPkD87Rcsb8SRKl6c,主梁钢筋_N18:主梁钢筋_N18:679877,679877,396.16195,6.00000,0.00000000;0.00000000;-1.00000000,0
1597,2175,284487,3PpqhBPkD87Rcsb8SRKl6l,主梁钢筋_N18:主梁钢筋_N18:679884,679884,396.16195,6.00000,0.00000000;0.00000000;-1.00000000,0
1598,2181,284553,3PpqhBPkD87Rcsb8SRKl6m,主梁钢筋_N18:主梁钢筋_N18:679891,679891,396.16195,6.00000,0.00000000;0.00000000;-1.00000000,0
1599,2187,284619,3PpqhBPkD87Rcsb8SRKl6v,主梁钢筋_N18:主梁钢筋_N18:679898,679898,396.16195,6.00000,0.00000000;0.00000000;-1.00000000,0
1600,2193,284685,3PpqhBPkD87Rcsb8SRKl62,主梁钢筋_N18:主梁钢筋_N18:679905,679905,396.16195,6.00000,0.00000000;0.00000000;-1.00000000,0
1601,2199,284751,3PpqhBPkD87Rcsb8SRKl6B,主梁钢筋_N18:主梁钢筋_N18:679912,679912,396.16195,6.00000,0.00000000;0.00000000;-1.00000000,0
1602,2205,284817,3PpqhBPkD87Rcsb8SRKl6C,主梁钢筋_N18:主梁钢筋_N18:679919,679919,396.16195,6.00000,0.00000000;0.00000000;-1.00000000,0
1603,2213,284905,3PpqhBPkD87Rcsb8SRKl6Q,主梁钢筋_N18:主梁钢筋_N18:679929,679929,396.16195,6.00000,0.00000000;0.00000000;-1.00000000,0
1604,2219,284971,3PpqhBPkD87Rcsb8SRKivY,主梁钢筋_N18:主梁钢筋_N18:679937,679937,396.16195,6.00000,0.00000000;0.00000000;-1.00000000,0
1605,2225,285037,3PpqhBPkD87Rcsb8SRKivg,主梁钢筋_N18:主梁钢筋_N18:679945,679945,396.16195,6.00000,0.00000000;0.00000000;-1.00000000,0
1606,2231,285103,3PpqhBPkD87Rcsb8SRKivo,主梁钢筋_N18:主梁钢筋_N18:679953,679953,396.16195,6.00000,0.00000000;0.00000000;-1.00000000,0
1607,2237,285169,3PpqhBPkD87Rcsb8SRKivw,主梁钢筋_N18:主梁钢筋_N18:679961,679961,396.16195,6.00000,0.00000000;0.00000000;-1.00000000,0
1608,2243,285235,3PpqhBPkD87Rcsb8SRKiv2,主梁钢筋_N18:主梁钢筋_N18:679969,679969,396.16195,6.00000,0.00000000;0.00000000;-1.00000000,0
1609,2525,288337,3PpqhBPkD87Rcsb8SRKi$b,主梁钢筋_N18:主梁钢筋_N18:680326,680326,370.94117,6.00000,0.00000000;0.00000000;-1.00000000,0
1610,2519,288271,3PpqhBPkD87Rcsb8SRKiyT,主梁钢筋_N18:主梁钢筋_N18:680318,680318,370.94117,6.00000,0.00000000;0.00000000;-1.00000000,0
1611,2507,288139,3PpqhBPkD87Rcsb8SRKiyD,主梁钢筋_N18:主梁钢筋_N18:680302,680302,370.94117,6.00000,0.00000000;0.00000000;-1.00000000,0
1612,2513,288205,3PpqhBPkD87Rcsb8SRKiyL,主梁钢筋_N18:主梁钢筋_N18:680310,680310,370.94117,6.00000,0.00000000;0.00000000;-1.00000000,0
1613,2495,288007,3PpqhBPkD87Rcsb8SRKiyz,主梁钢筋_N18:主梁钢筋_N18:680286,680286,370.94117,6.00000,0.00000000;0.00000000;-1.00000000,0
1614,2501,288073,3PpqhBPkD87Rcsb8SRKiy5,主梁钢筋_N18:主梁钢筋_N18:680294,680294,370.94117,6.00000,0.00000000;0.00000000;-1.00000000,0
1615,2489,287941,3PpqhBPkD87Rcsb8SRKiyr,主梁钢筋_N18:主梁钢筋_N18:680278,680278,370.94117,6.00000,0.00000000;0.00000000;-1.00000000,0
1616,2483,287875,3PpqhBPkD87Rcsb8SRKiyi,主梁钢筋_N18:主梁钢筋_N18:680271,680271,370.94117,6.00000,0.00000000;0.00000000;-1.00000000,0
1617,2477,287809,3PpqhBPkD87Rcsb8SRKiyh,主梁钢筋_N18:主梁钢筋_N18:680264,680264,370.94117,6.00000,0.00000000;0.00000000;-1.00000000,0
1618,2471,287743,3PpqhBPkD87Rcsb8SRKiyY,主梁钢筋_N18:主梁钢筋_N18:680257,680257,370.94117,6.00000,0.00000000;0.00000000;-1.00000000,0
1619,2459,287611,3PpqhBPkD87Rcsb8SRKizG,主梁钢筋_N18:主梁钢筋_N18:680243,680243,370.94117,6.00000,0.00000000;0.00000000;-1.00000000,0
1620,2465,287677,3PpqhBPkD87Rcsb8SRKizP,主梁钢筋_N18:主梁钢筋_N18:680250,680250,370.94117,6.00000,0.00000000;0.00000000;-1.00000000,0
1621,2453,287545,3PpqhBPkD87Rcsb8SRKizF,主梁钢筋_N18:主梁钢筋_N18:680236,680236,370.94117,6.00000,0.00000000;0.00000000;-1.00000000,0
1622,2447,287479,3PpqhBPkD87Rcsb8SRKiz6,主梁钢筋_N18:主梁钢筋_N18:680229,680229,370.94117,6.00000,0.00000000;0.00000000;-1.00000000,0
1623,2441,287413,3PpqhBPkD87Rcsb8SRKizz,主梁钢筋_N18:主梁钢筋_N18:680222,680222,370.94117,6.00000,0.00000000;0.00000000;-1.00000000,0
1624,2435,287347,3PpqhBPkD87Rcsb8SRKizq,主梁钢筋_N18:主梁钢筋_N18:680215,680215,370.94117,6.00000,0.00000000;0.00000000;-1.00000000,0
1625,2429,287281,3PpqhBPkD87Rcsb8SRKizp,主梁钢筋_N18:主梁钢筋_N18:680208,680208,370.94117,6.00000,0.00000000;0.00000000;-1.00000000,0
1626,2423,287215,3PpqhBPkD87Rcsb8SRKizg,主梁钢筋_N18:主梁钢筋_N18:680201,680201,370.94117,6.00000,0.00000000;0.00000000;-1.00000000,0
1627,2411,287083,3PpqhBPkD87Rcsb8SRKiwO,主梁钢筋_N18:主梁钢筋_N18:680187,680187,370.94117,6.00000,0.00000000;0.00000000;-1.00000000,0
1628,2417,287149,3PpqhBPkD87Rcsb8SRKizX,主梁钢筋_N18:主梁钢筋_N18:680194,680194,370.94117,6.00000,0.00000000;0.00000000;-1.00000000,0
1629,2405,287017,3PpqhBPkD87Rcsb8SRKiwN,主梁钢筋_N18:主梁钢筋_N18:680180,680180,370.94117,6.00000,0.00000000;0.00000000;-1.00000000,0
1630,2393,286885,3PpqhBPkD87Rcsb8SRKiw5,主梁钢筋_N18:主梁钢筋_N18:680166,680166,370.94117,6.00000,0.00000000;0.00000000;-1.00000000,0
1631,2399,286951,3PpqhBPkD87Rcsb8SRKiwE,主梁钢筋_N18:主梁钢筋_N18:680173,680173,370.94117,6.00000,0.00000000;0.00000000;-1.00000000,0
1632,2108,276166,3PpqhBPkD87Rcsb8SRKl4R,主梁钢筋_N18:主梁钢筋_N18:679800,679800,370.94117,6.00000,0.00000000;0.00000000;-1.00000000,0
1633,2102,276100,3PpqhBPkD87Rcsb8SRKl4C,主梁钢筋_N18:主梁钢筋_N18:679791,679791,370.94117,6.00000,0.00000000;0.00000000;-1.00000000,0
1634,2096,276034,3PpqhBPkD87Rcsb8SRKl45,主梁钢筋_N18:主梁钢筋_N18:679782,679782,370.94117,6.00000,0.00000000;0.00000000;-1.00000000,0
1635,2090,275968,3PpqhBPkD87Rcsb8SRKl4_,主梁钢筋_N18:主梁钢筋_N18:679773,679773,370.94117,6.00000,0.00000000;0.00000000;-1.00000000,0
1636,2084,275902,3PpqhBPkD87Rcsb8SRKl4t,主梁钢筋_N18:主梁钢筋_N18:679764,679764,370.94117,6.00000,0.00000000;0.00000000;-1.00000000,0
1637,2072,275770,3PpqhBPkD87Rcsb8SRKl3w,主梁钢筋_N18:主梁钢筋_N18:679577,679577,370.94117,6.00000,0.00000000;0.00000000;-1.00000000,0
1638,2066,275704,3PpqhBPkD87Rcsb8SRKl0h,主梁钢筋_N18:主梁钢筋_N18:679496,679496,370.94117,6.00000,0.00000000;0.00000000;-1.00000000,0
1639,2060,275638,3PpqhBPkD87Rcsb8SRKl0Z,主梁钢筋_N18:主梁钢筋_N18:679488,679488,370.94117,6.00000,0.00000000;0.00000000;-1.00000000,0
1640,2054,275572,3PpqhBPkD87Rcsb8SRKl1R,主梁钢筋_N18:主梁钢筋_N18:679480,679480,370.94117,6.00000,0.00000000;0.00000000;-1.00000000,0
1641,2048,275506,3PpqhBPkD87Rcsb8SRKl1J,主梁钢筋_N18:主梁钢筋_N18:679472,679472,370.94117,6.00000,0.00000000;0.00000000;-1.00000000,0
1642,2042,275440,3PpqhBPkD87Rcsb8SRKl1B,主梁钢筋_N18:主梁钢筋_N18:679464,679464,370.94117,6.00000,0.00000000;0.00000000;-1.00000000,0
1643,2036,275374,3PpqhBPkD87Rcsb8SRKl13,主梁钢筋_N18:主梁钢筋_N18:679456,679456,370.94117,6.00000,0.00000000;0.00000000;-1.00000000,0
1644,2030,275308,3PpqhBPkD87Rcsb8SRKl1x,主梁钢筋_N18:主梁钢筋_N18:679448,679448,370.94117,6.00000,0.00000000;0.00000000;-1.00000000,0
1645,2024,275242,3PpqhBPkD87Rcsb8SRKl1p,主梁钢筋_N18:主梁钢筋_N18:679440,679440,370.94117,6.00000,0.00000000;0.00000000;-1.00000000,0
1646,2018,275176,3PpqhBPkD87Rcsb8SRKl1h,主梁钢筋_N18:主梁钢筋_N18:679432,679432,370.94117,6.00000,0.00000000;0.00000000;-1.00000000,0
1647,2012,275110,3PpqhBPkD87Rcsb8SRKl1Z,主梁钢筋_N18:主梁钢筋_N18:679424,679424,370.94117,6.00000,0.00000000;0.00000000;-1.00000000,0
1648,2006,275044,3PpqhBPkD87Rcsb8SRKlER,主梁钢筋_N18:主梁钢筋_N18:679416,679416,370.94117,6.00000,0.00000000;0.00000000;-1.00000000,0
1649,2000,274978,3PpqhBPkD87Rcsb8SRKlEJ,主梁钢筋_N18:主梁钢筋_N18:679408,679408,370.94117,6.00000,0.00000000;0.00000000;-1.00000000,0
1650,1994,274912,3PpqhBPkD87Rcsb8SRKlEB,主梁钢筋_N18:主梁钢筋_N18:679400,679400,370.94117,6.00000,0.00000000;0.00000000;-1.00000000,0
1651,1988,274846,3PpqhBPkD87Rcsb8SRKlE3,主梁钢筋_N18:主梁钢筋_N18:679392,679392,370.94117,6.00000,0.00000000;0.00000000;-1.00000000,0
1652,1982,274780,3PpqhBPkD87Rcsb8SRKlEx,主梁钢筋_N18:主梁钢筋_N18:679384,679384,370.94117,6.00000,0.00000000;0.00000000;-1.00000000,0
1653,1963,259428,3PpqhBPkD87Rcsb8SRKk9W,主梁钢筋_N18:主梁钢筋_N18:674819,674819,370.94117,6.00000,0.00000000;0.00000000;-1.00000000,0
1654,2078,275836,3PpqhBPkD87Rcsb8SRKl5N,主梁钢筋_N18:主梁钢筋_N18:679732,679732,370.94117,6.00000,0.00000000;0.00000000;-1.00000000,0
1655,1976,274714,3PpqhBPkD87Rcsb8SRKlFL,主梁钢筋_N18:主梁钢筋_N18:679350,679350,370.94117,6.00000,0.00000000;0.00000000;-1.00000000,0
1656,2255,285367,3PpqhBPkD87Rcsb8SRKivT,主梁钢筋_N18:主梁钢筋_N18:679998,679998,370.94117,6.00000,0.00000000;0.00000000;-1.00000000,0
1657,2249,285301,3PpqhBPkD87Rcsb8SRKivK,主梁钢筋_N18:主梁钢筋_N18:679991,679991,370.94117,6.00000,0.00000000;0.00000000;-1.00000000,0
1658,2261,285433,3PpqhBPkD87Rcsb8SRKiuc,主梁钢筋_N18:主梁钢筋_N18:680005,680005,370.94117,6.00000,0.00000000;0.00000000;-1.00000000,0
1659,2267,285499,3PpqhBPkD87Rcsb8SRKiul,主梁钢筋_N18:主梁钢筋_N18:680012,680012,370.94117,6.00000,0.00000000;0.00000000;-1.00000000,0
1660,2279,285631,3PpqhBPkD87Rcsb8SRKiuv,主梁钢筋_N18:主梁钢筋_N18:680026,680026,370.94117,6.00000,0.00000000;0.00000000;-1.00000000,0
1661,2273,285565,3PpqhBPkD87Rcsb8SRKium,主梁钢筋_N18:主梁钢筋_N18:680019,680019,370.94117,6.00000,0.00000000;0.00000000;-1.00000000,0
1662,2285,285697,3PpqhBPkD87Rcsb8SRKiu2,主梁钢筋_N18:主梁钢筋_N18:680033,680033,370.94117,6.00000,0.00000000;0.00000000;-1.00000000,0
1663,2291,285763,3PpqhBPkD87Rcsb8SRKiuB,主梁钢筋_N18:主梁钢筋_N18:680040,680040,370.94117,6.00000,0.00000000;0.00000000;-1.00000000,0
1664,2297,285829,3PpqhBPkD87Rcsb8SRKiuC,主梁钢筋_N18:主梁钢筋_N18:680047,680047,370.94117,6.00000,0.00000000;0.00000000;-1.00000000,0
1665,2303,285895,3PpqhBPkD87Rcsb8SRKiuL,主梁钢筋_N18:主梁钢筋_N18:680054,680054,370.94117,6.00000,0.00000000;0.00000000;-1.00000000,0
1666,2309,285961,3PpqhBPkD87Rcsb8SRKiuU,主梁钢筋_N18:主梁钢筋_N18:680061,680061,370.94117,6.00000,0.00000000;0.00000000;-1.00000000,0
1667,2315,286027,3PpqhBPkD87Rcsb8SRKixd,主梁钢筋_N18:主梁钢筋_N18:680068,680068,370.94117,6.00000,0.00000000;0.00000000;-1.00000000,0
1668,2327,286159,3PpqhBPkD87Rcsb8SRKixn,主梁钢筋_N18:主梁钢筋_N18:680082,680082,370.94117,6.00000,0.00000000;0.00000000;-1.00000000,0
1669,2321,286093,3PpqhBPkD87Rcsb8SRKixe,主梁钢筋_N18:主梁钢筋_N18:680075,680075,370.94117,6.00000,0.00000000;0.00000000;-1.00000000,0
1670,2333,286225,3PpqhBPkD87Rcsb8SRKixw,主梁钢筋_N18:主梁钢筋_N18:680089,680089,370.94117,6.00000,0.00000000;0.00000000;-1.00000000,0
1671,2339,286291,3PpqhBPkD87Rcsb8SRKix3,主梁钢筋_N18:主梁钢筋_N18:680096,680096,370.94117,6.00000,0.00000000;0.00000000;-1.00000000,0
1672,2345,286357,3PpqhBPkD87Rcsb8SRKix4,主梁钢筋_N18:主梁钢筋_N18:680103,680103,370.94117,6.00000,0.00000000;0.00000000;-1.00000000,0
1673,2357,286489,3PpqhBPkD87Rcsb8SRKixL,主梁钢筋_N18:主梁钢筋_N18:680118,680118,370.94117,6.00000,0.00000000;0.00000000;-1.00000000,0
1674,2351,286423,3PpqhBPkD87Rcsb8SRKixD,主梁钢筋_N18:主梁钢筋_N18:680110,680110,370.94117,6.00000,0.00000000;0.00000000;-1.00000000,0
1675,2363,286555,3PpqhBPkD87Rcsb8SRKixT,主梁钢筋_N18:主梁钢筋_N18:680126,680126,370.94117,6.00000,0.00000000;0.00000000;-1.00000000,0
1676,2375,286687,3PpqhBPkD87Rcsb8SRKiwj,主梁钢筋_N18:主梁钢筋_N18:680142,680142,370.94117,6.00000,0.00000000;0.00000000;-1.00000000,0
1677,2369,286621,3PpqhBPkD87Rcsb8SRKiwb,主梁钢筋_N18:主梁钢筋_N18:680134,680134,370.94117,6.00000,0.00000000;0.00000000;-1.00000000,0
1678,2381,286753,3PpqhBPkD87Rcsb8SRKiwr,主梁钢筋_N18:主梁钢筋_N18:680150,680150,370.94117,6.00000,0.00000000;0.00000000;-1.00000000,0
1679,2387,286819,3PpqhBPkD87Rcsb8SRKiwz,主梁钢筋_N18:主梁钢筋_N18:680158,680158,370.94117,6.00000,0.00000000;0.00000000;-1.00000000,0
1680,2120,283882,3PpqhBPkD87Rcsb8SRKl7l,主梁钢筋_N18:主梁钢筋_N18:679820,679820,370.94117,6.00000,0.00000000;0.00000000;-1.00000000,0
1681,2126,283948,3PpqhBPkD87Rcsb8SRKl7m,主梁钢筋_N18:主梁钢筋_N18:679827,679827,370.94117,6.00000,0.00000000;0.00000000;-1.00000000,0
1682,2132,284014,3PpqhBPkD87Rcsb8SRKl7v,主梁钢筋_N18:主梁钢筋_N18:679834,679834,370.94117,6.00000,0.00000000;0.00000000;-1.00000000,0
1683,2138,284080,3PpqhBPkD87Rcsb8SRKl72,主梁钢筋_N18:主梁钢筋_N18:679841,679841,370.94117,6.00000,0.00000000;0.00000000;-1.00000000,0
1684,2144,284146,3PpqhBPkD87Rcsb8SRKl7B,主梁钢筋_N18:主梁钢筋_N18:679848,679848,370.94117,6.00000,0.00000000;0.00000000;-1.00000000,0
1685,2150,284212,3PpqhBPkD87Rcsb8SRKl7C,主梁钢筋_N18:主梁钢筋_N18:679855,679855,370.94117,6.00000,0.00000000;0.00000000;-1.00000000,0
1686,2156,284278,3PpqhBPkD87Rcsb8SRKl7L,主梁钢筋_N18:主梁钢筋_N18:679862,679862,370.94117,6.00000,0.00000000;0.00000000;-1.00000000,0
1687,2162,284344,3PpqhBPkD87Rcsb8SRKl7U,主梁钢筋_N18:主梁钢筋_N18:679869,679869,370.94117,6.00000,0.00000000;0.00000000;-1.00000000,0
1688,2168,284410,3PpqhBPkD87Rcsb8SRKl6d,主梁钢筋_N18:主梁钢筋_N18:679876,679876,370.94117,6.00000,0.00000000;0.00000000;-1.00000000,0
1689,2174,284476,3PpqhBPkD87Rcsb8SRKl6e,主梁钢筋_N18:主梁钢筋_N18:679883,679883,370.94117,6.00000,0.00000000;0.00000000;-1.00000000,0
1690,2180,284542,3PpqhBPkD87Rcsb8SRKl6n,主梁钢筋_N18:主梁钢筋_N18:679890,679890,370.94117,6.00000,0.00000000;0.00000000;-1.00000000,0
1691,2186,284608,3PpqhBPkD87Rcsb8SRKl6w,主梁钢筋_N18:主梁钢筋_N18:679897,679897,370.94117,6.00000,0.00000000;0.00000000;-1.00000000,0
1692,2192,284674,3PpqhBPkD87Rcsb8SRKl63,主梁钢筋_N18:主梁钢筋_N18:679904,679904,370.94117,6.00000,0.00000000;0.00000000;-1.00000000,0
1693,2198,284740,3PpqhBPkD87Rcsb8SRKl64,主梁钢筋_N18:主梁钢筋_N18:679911,679911,370.94117,6.00000,0.00000000;0.00000000;-1.00000000,0
1694,2204,284806,3PpqhBPkD87Rcsb8SRKl6D,主梁钢筋_N18:主梁钢筋_N18:679918,679918,370.94117,6.00000,0.00000000;0.00000000;-1.00000000,0
1695,2210,284872,3PpqhBPkD87Rcsb8SRKl6M,主梁钢筋_N18:主梁钢筋_N18:679925,679925,370.94117,6.00000,0.00000000;0.00000000;-1.00000000,0
1696,2222,285004,3PpqhBPkD87Rcsb8SRKivc,主梁钢筋_N18:主梁钢筋_N18:679941,679941,370.94117,6.00000,0.00000000;0.00000000;-1.00000000,0
1697,2228,285070,3PpqhBPkD87Rcsb8SRKivk,主梁钢筋_N18:主梁钢筋_N18:679949,679949,370.94117,6.00000,0.00000000;0.00000000;-1.00000000,0
1698,2234,285136,3PpqhBPkD87Rcsb8SRKivs,主梁钢筋_N18:主梁钢筋_N18:679957,679957,370.94117,6.00000,0.00000000;0.00000000;-1.00000000,0
1699,2240,285202,3PpqhBPkD87Rcsb8SRKiv_,主梁钢筋_N18:主梁钢筋_N18:679965,679965,370.94117,6.00000,0.00000000;0.00000000;-1.00000000,0
1700,2246,285268,3PpqhBPkD87Rcsb8SRKiv6,主梁钢筋_N18:主梁钢筋_N18:679973,679973,370.94117,6.00000,0.00000000;0.00000000;-1.00000000,0
1701,2114,281288,3PpqhBPkD87Rcsb8SRKl7c,主梁钢筋_N18:主梁钢筋_N18:679813,679813,370.94117,6.00000,0.00000000;0.00000000;-1.00000000,0
1702,2216,284938,3PpqhBPkD87Rcsb8SRKl6U,主梁钢筋_N18:主梁钢筋_N18:679933,679933,370.94117,6.00000,0.00000000;0.00000000;-1.00000000,0
1703,3077,369401,3qlyKYfH9E9fgTzD5PQCz6,主梁钢筋_N23:主梁钢筋_N23:685487,685487,562.03013,6.00000,0.00000000;0.00000000;-1.00000000,0
1704,3082,369456,3qlyKYfH9E9fgTzD5PQCzT,主梁钢筋_N23:主梁钢筋_N23:685492,685492,562.03013,6.00000,0.00000000;0.00000000;-1.00000000,0
1705,3087,369511,3qlyKYfH9E9fgTzD5PQCzG,主梁钢筋_N23:主梁钢筋_N23:685497,685497,562.03013,6.00000,0.00000000;0.00000000;-1.00000000,0
1706,3039,361293,3qlyKYfH9E9fgTzD5PQC$G,主梁钢筋_N23:主梁钢筋_N23:685369,685369,562.03013,6.00000,0.00000000;0.00000000;-1.00000000,0
1707,3033,361227,3qlyKYfH9E9fgTzD5PQC$9,主梁钢筋_N23:主梁钢筋_N23:685344,685344,562.03013,6.00000,0.00000000;0.00000000;-1.00000000,0
1708,3027,361161,3qlyKYfH9E9fgTzD5PQCxE,主梁钢筋_N23:主梁钢筋_N23:685095,685095,562.03013,6.00000,0.00000000;0.00000000;-1.00000000,0
1709,3049,367809,3qlyKYfH9E9fgTzD5PQC_b,主梁钢筋_N23:主梁钢筋_N23:685388,685388,562.03044,6.00000,0.00000000;0.00000000;-1.00000000,0
1710,3044,367754,3qlyKYfH9E9fgTzD5PQC_i,主梁钢筋_N23:主梁钢筋_N23:685381,685381,562.03044,6.00000,0.00000000;0.00000000;-1.00000000,0
1711,3054,367864,3qlyKYfH9E9fgTzD5PQC_w,主梁钢筋_N23:主梁钢筋_N23:685395,685395,562.03044,6.00000,0.00000000;0.00000000;-1.00000000,0
1712,3060,369214,3qlyKYfH9E9fgTzD5PQCzp,主梁钢筋_N23:主梁钢筋_N23:685466,685466,562.03044,6.00000,0.00000000;0.00000000;-1.00000000,0
1713,3066,369280,3qlyKYfH9E9fgTzD5PQCzB,主梁钢筋_N23:主梁钢筋_N23:685474,685474,562.03044,6.00000,0.00000000;0.00000000;-1.00000000,0
1714,3072,369346,3qlyKYfH9E9fgTzD5PQCz3,主梁钢筋_N23:主梁钢筋_N23:685482,685482,562.03044,6.00000,0.00000000;0.00000000;-1.00000000,0
1715,3074,369368,3qlyKYfH9E9fgTzD5PQCz5,主梁钢筋_N23:主梁钢筋_N23:685484,685484,558.51228,6.00000,0.00000000;0.00000000;-1.00000000,0
1716,3041,363883,3qlyKYfH9E9fgTzD5PQC_e,主梁钢筋_N23:主梁钢筋_N23:685377,685377,558.51143,6.00000,0.00000000;0.00000000;-1.00000000,0
1717,3079,369423,3qlyKYfH9E9fgTzD5PQCzO,主梁钢筋_N23:主梁钢筋_N23:685489,685489,558.51228,6.00000,0.00000000;0.00000000;-1.00000000,0
1718,3046,367776,3qlyKYfH9E9fgTzD5PQC_X,主梁钢筋_N23:主梁钢筋_N23:685384,685384,558.51143,6.00000,0.00000000;0.00000000;-1.00000000,0
1719,3084,369478,3qlyKYfH9E9fgTzD5PQCzV,主梁钢筋_N23:主梁钢筋_N23:685494,685494,558.51228,6.00000,0.00000000;0.00000000;-1.00000000,0
1720,3051,367831,3qlyKYfH9E9fgTzD5PQC_c,主梁钢筋_N23:主梁钢筋_N23:685391,685391,558.51143,6.00000,0.00000000;0.00000000;-1.00000000,0
1721,3036,361260,3qlyKYfH9E9fgTzD5PQC$S,主梁钢筋_N23:主梁钢筋_N23:685365,685365,558.51228,6.00000,0.00000000;0.00000000;-1.00000000,0
1722,3030,361194,3qlyKYfH9E9fgTzD5PQC$r,主梁钢筋_N23:主梁钢筋_N23:685340,685340,558.51228,6.00000,0.00000000;0.00000000;-1.00000000,0
1723,3024,357290,3qlyKYfH9E9fgTzD5PQCxw,主梁钢筋_N23:主梁钢筋_N23:685075,685075,558.51228,6.00000,0.00000000;0.00000000;-1.00000000,0
1724,3057,369181,3qlyKYfH9E9fgTzD5PQCz$,主梁钢筋_N23:主梁钢筋_N23:685462,685462,558.51143,6.00000,0.00000000;0.00000000;-1.00000000,0
1725,3063,369247,3qlyKYfH9E9fgTzD5PQCzt,主梁钢筋_N23:主梁钢筋_N23:685470,685470,558.51143,6.00000,0.00000000;0.00000000;-1.00000000,0
1726,3069,369313,3qlyKYfH9E9fgTzD5PQCzF,主梁钢筋_N23:主梁钢筋_N23:685478,685478,558.51143,6.00000,0.00000000;0.00000000;-1.00000000,0
1727,2252,285334,3PpqhBPkD87Rcsb8SRKivP,主梁钢筋_N18:主梁钢筋_N18:679994,679994,465.91839,6.00000,0.00000000;0.00000000;-1.00000000,0
1728,2258,285400,3PpqhBPkD87Rcsb8SRKiuY,主梁钢筋_N18:主梁钢筋_N18:680001,680001,465.91839,6.00000,0.00000000;0.00000000;-1.00000000,0
1729,2264,285466,3PpqhBPkD87Rcsb8SRKiuh,主梁钢筋_N18:主梁钢筋_N18:680008,680008,465.91839,6.00000,0.00000000;0.00000000;-1.00000000,0
1730,2270,285532,3PpqhBPkD87Rcsb8SRKiui,主梁钢筋_N18:主梁钢筋_N18:680015,680015,465.91839,6.00000,0.00000000;0.00000000;-1.00000000,0
1731,2276,285598,3PpqhBPkD87Rcsb8SRKiur,主梁钢筋_N18:主梁钢筋_N18:680022,680022,465.91839,6.00000,0.00000000;0.00000000;-1.00000000,0
1732,2282,285664,3PpqhBPkD87Rcsb8SRKiu_,主梁钢筋_N18:主梁钢筋_N18:680029,680029,465.91839,6.00000,0.00000000;0.00000000;-1.00000000,0
1733,2288,285730,3PpqhBPkD87Rcsb8SRKiu7,主梁钢筋_N18:主梁钢筋_N18:680036,680036,465.91839,6.00000,0.00000000;0.00000000;-1.00000000,0
1734,2294,285796,3PpqhBPkD87Rcsb8SRKiu8,主梁钢筋_N18:主梁钢筋_N18:680043,680043,465.91839,6.00000,0.00000000;0.00000000;-1.00000000,0
1735,2300,285862,3PpqhBPkD87Rcsb8SRKiuH,主梁钢筋_N18:主梁钢筋_N18:680050,680050,465.91839,6.00000,0.00000000;0.00000000;-1.00000000,0
1736,2306,285928,3PpqhBPkD87Rcsb8SRKiuQ,主梁钢筋_N18:主梁钢筋_N18:680057,680057,465.91839,6.00000,0.00000000;0.00000000;-1.00000000,0
1737,2312,285994,3PpqhBPkD87Rcsb8SRKixZ,主梁钢筋_N18:主梁钢筋_N18:680064,680064,465.91839,6.00000,0.00000000;0.00000000;-1.00000000,0
1738,2318,286060,3PpqhBPkD87Rcsb8SRKixa,主梁钢筋_N18:主梁钢筋_N18:680071,680071,465.91839,6.00000,0.00000000;0.00000000;-1.00000000,0
1739,2324,286126,3PpqhBPkD87Rcsb8SRKixj,主梁钢筋_N18:主梁钢筋_N18:680078,680078,465.91839,6.00000,0.00000000;0.00000000;-1.00000000,0
1740,2330,286192,3PpqhBPkD87Rcsb8SRKixs,主梁钢筋_N18:主梁钢筋_N18:680085,680085,465.91839,6.00000,0.00000000;0.00000000;-1.00000000,0
1741,2336,286258,3PpqhBPkD87Rcsb8SRKix$,主梁钢筋_N18:主梁钢筋_N18:680092,680092,465.91839,6.00000,0.00000000;0.00000000;-1.00000000,0
1742,2342,286324,3PpqhBPkD87Rcsb8SRKix0,主梁钢筋_N18:主梁钢筋_N18:680099,680099,465.91839,6.00000,0.00000000;0.00000000;-1.00000000,0
1743,2348,286390,3PpqhBPkD87Rcsb8SRKix9,主梁钢筋_N18:主梁钢筋_N18:680106,680106,465.91839,6.00000,0.00000000;0.00000000;-1.00000000,0
1744,2355,286467,3PpqhBPkD87Rcsb8SRKixG,主梁钢筋_N18:主梁钢筋_N18:680115,680115,465.91839,6.00000,0.00000000;0.00000000;-1.00000000,0
1745,2361,286533,3PpqhBPkD87Rcsb8SRKixO,主梁钢筋_N18:主梁钢筋_N18:680123,680123,465.91839,6.00000,0.00000000;0.00000000;-1.00000000,0
1746,2367,286599,3PpqhBPkD87Rcsb8SRKiwW,主梁钢筋_N18:主梁钢筋_N18:680131,680131,465.91839,6.00000,0.00000000;0.00000000;-1.00000000,0
1747,2373,286665,3PpqhBPkD87Rcsb8SRKiwe,主梁钢筋_N18:主梁钢筋_N18:680139,680139,465.91839,6.00000,0.00000000;0.00000000;-1.00000000,0
1748,2379,286731,3PpqhBPkD87Rcsb8SRKiwm,主梁钢筋_N18:主梁钢筋_N18:680147,680147,465.91839,6.00000,0.00000000;0.00000000;-1.00000000,0
1749,2385,286797,3PpqhBPkD87Rcsb8SRKiwu,主梁钢筋_N18:主梁钢筋_N18:680155,680155,465.91839,6.00000,0.00000000;0.00000000;-1.00000000,0
1750,2112,278724,3PpqhBPkD87Rcsb8SRKl7X,主梁钢筋_N18:主梁钢筋_N18:679810,679810,465.91839,6.00000,0.00000000;0.00000000;-1.00000000,0
1751,2117,282571,3PpqhBPkD87Rcsb8SRKl7h,主梁钢筋_N18:主梁钢筋_N18:679816,679816,465.91839,6.00000,0.00000000;0.00000000;-1.00000000,0
1752,2123,283915,3PpqhBPkD87Rcsb8SRKl7i,主梁钢筋_N18:主梁钢筋_N18:679823,679823,465.91839,6.00000,0.00000000;0.00000000;-1.00000000,0
1753,2129,283981,3PpqhBPkD87Rcsb8SRKl7r,主梁钢筋_N18:主梁钢筋_N18:679830,679830,465.91839,6.00000,0.00000000;0.00000000;-1.00000000,0
1754,2135,284047,3PpqhBPkD87Rcsb8SRKl7_,主梁钢筋_N18:主梁钢筋_N18:679837,679837,465.91839,6.00000,0.00000000;0.00000000;-1.00000000,0
1755,2141,284113,3PpqhBPkD87Rcsb8SRKl77,主梁钢筋_N18:主梁钢筋_N18:679844,679844,465.91839,6.00000,0.00000000;0.00000000;-1.00000000,0
1756,2147,284179,3PpqhBPkD87Rcsb8SRKl78,主梁钢筋_N18:主梁钢筋_N18:679851,679851,465.91839,6.00000,0.00000000;0.00000000;-1.00000000,0
1757,2153,284245,3PpqhBPkD87Rcsb8SRKl7H,主梁钢筋_N18:主梁钢筋_N18:679858,679858,465.91839,6.00000,0.00000000;0.00000000;-1.00000000,0
1758,2159,284311,3PpqhBPkD87Rcsb8SRKl7Q,主梁钢筋_N18:主梁钢筋_N18:679865,679865,465.91839,6.00000,0.00000000;0.00000000;-1.00000000,0
1759,2165,284377,3PpqhBPkD87Rcsb8SRKl6Z,主梁钢筋_N18:主梁钢筋_N18:679872,679872,465.91839,6.00000,0.00000000;0.00000000;-1.00000000,0
1760,2171,284443,3PpqhBPkD87Rcsb8SRKl6a,主梁钢筋_N18:主梁钢筋_N18:679879,679879,465.91839,6.00000,0.00000000;0.00000000;-1.00000000,0
1761,2177,284509,3PpqhBPkD87Rcsb8SRKl6j,主梁钢筋_N18:主梁钢筋_N18:679886,679886,465.91839,6.00000,0.00000000;0.00000000;-1.00000000,0
1762,2183,284575,3PpqhBPkD87Rcsb8SRKl6s,主梁钢筋_N18:主梁钢筋_N18:679893,679893,465.91839,6.00000,0.00000000;0.00000000;-1.00000000,0
1763,2189,284641,3PpqhBPkD87Rcsb8SRKl6$,主梁钢筋_N18:主梁钢筋_N18:679900,679900,465.91839,6.00000,0.00000000;0.00000000;-1.00000000,0
1764,2195,284707,3PpqhBPkD87Rcsb8SRKl60,主梁钢筋_N18:主梁钢筋_N18:679907,679907,465.91839,6.00000,0.00000000;0.00000000;-1.00000000,0
1765,2201,284773,3PpqhBPkD87Rcsb8SRKl69,主梁钢筋_N18:主梁钢筋_N18:679914,679914,465.91839,6.00000,0.00000000;0.00000000;-1.00000000,0
1766,2207,284839,3PpqhBPkD87Rcsb8SRKl6I,主梁钢筋_N18:主梁钢筋_N18:679921,679921,465.91839,6.00000,0.00000000;0.00000000;-1.00000000,0
1767,2214,284916,3PpqhBPkD87Rcsb8SRKl6P,主梁钢筋_N18:主梁钢筋_N18:679930,679930,465.91839,6.00000,0.00000000;0.00000000;-1.00000000,0
1768,2220,284982,3PpqhBPkD87Rcsb8SRKivX,主梁钢筋_N18:主梁钢筋_N18:679938,679938,465.91839,6.00000,0.00000000;0.00000000;-1.00000000,0
1769,2226,285048,3PpqhBPkD87Rcsb8SRKivf,主梁钢筋_N18:主梁钢筋_N18:679946,679946,465.91839,6.00000,0.00000000;0.00000000;-1.00000000,0
1770,2232,285114,3PpqhBPkD87Rcsb8SRKivn,主梁钢筋_N18:主梁钢筋_N18:679954,679954,465.91839,6.00000,0.00000000;0.00000000;-1.00000000,0
1771,2238,285180,3PpqhBPkD87Rcsb8SRKivv,主梁钢筋_N18:主梁钢筋_N18:679962,679962,465.91839,6.00000,0.00000000;0.00000000;-1.00000000,0
1772,2244,285246,3PpqhBPkD87Rcsb8SRKiv1,主梁钢筋_N18:主梁钢筋_N18:679970,679970,465.91839,6.00000,0.00000000;0.00000000;-1.00000000,0
1773,2523,288315,3PpqhBPkD87Rcsb8SRKi$W,主梁钢筋_N18:主梁钢筋_N18:680323,680323,465.91839,6.00000,0.00000000;0.00000000;-1.00000000,0
1774,2517,288249,3PpqhBPkD87Rcsb8SRKiyO,主梁钢筋_N18:主梁钢筋_N18:680315,680315,465.91839,6.00000,0.00000000;0.00000000;-1.00000000,0
1775,2511,288183,3PpqhBPkD87Rcsb8SRKiyG,主梁钢筋_N18:主梁钢筋_N18:680307,680307,465.91839,6.00000,0.00000000;0.00000000;-1.00000000,0
1776,2505,288117,3PpqhBPkD87Rcsb8SRKiy8,主梁钢筋_N18:主梁钢筋_N18:680299,680299,465.91839,6.00000,0.00000000;0.00000000;-1.00000000,0
1777,2499,288051,3PpqhBPkD87Rcsb8SRKiy0,主梁钢筋_N18:主梁钢筋_N18:680291,680291,465.91839,6.00000,0.00000000;0.00000000;-1.00000000,0
1778,2493,287985,3PpqhBPkD87Rcsb8SRKiyu,主梁钢筋_N18:主梁钢筋_N18:680283,680283,465.91839,6.00000,0.00000000;0.00000000;-1.00000000,0
1779,2486,287908,3PpqhBPkD87Rcsb8SRKiyn,主梁钢筋_N18:主梁钢筋_N18:680274,680274,465.91839,6.00000,0.00000000;0.00000000;-1.00000000,0
1780,2480,287842,3PpqhBPkD87Rcsb8SRKiye,主梁钢筋_N18:主梁钢筋_N18:680267,680267,465.91839,6.00000,0.00000000;0.00000000;-1.00000000,0
1781,2474,287776,3PpqhBPkD87Rcsb8SRKiyd,主梁钢筋_N18:主梁钢筋_N18:680260,680260,465.91839,6.00000,0.00000000;0.00000000;-1.00000000,0
1782,2468,287710,3PpqhBPkD87Rcsb8SRKizU,主梁钢筋_N18:主梁钢筋_N18:680253,680253,465.91839,6.00000,0.00000000;0.00000000;-1.00000000,0
1783,2462,287644,3PpqhBPkD87Rcsb8SRKizL,主梁钢筋_N18:主梁钢筋_N18:680246,680246,465.91839,6.00000,0.00000000;0.00000000;-1.00000000,0
1784,2456,287578,3PpqhBPkD87Rcsb8SRKizC,主梁钢筋_N18:主梁钢筋_N18:680239,680239,465.91839,6.00000,0.00000000;0.00000000;-1.00000000,0
1785,2450,287512,3PpqhBPkD87Rcsb8SRKizB,主梁钢筋_N18:主梁钢筋_N18:680232,680232,465.91839,6.00000,0.00000000;0.00000000;-1.00000000,0
1786,2444,287446,3PpqhBPkD87Rcsb8SRKiz2,主梁钢筋_N18:主梁钢筋_N18:680225,680225,465.91839,6.00000,0.00000000;0.00000000;-1.00000000,0
1787,2438,287380,3PpqhBPkD87Rcsb8SRKizv,主梁钢筋_N18:主梁钢筋_N18:680218,680218,465.91839,6.00000,0.00000000;0.00000000;-1.00000000,0
1788,2432,287314,3PpqhBPkD87Rcsb8SRKizm,主梁钢筋_N18:主梁钢筋_N18:680211,680211,465.91839,6.00000,0.00000000;0.00000000;-1.00000000,0
1789,2426,287248,3PpqhBPkD87Rcsb8SRKizl,主梁钢筋_N18:主梁钢筋_N18:680204,680204,465.91839,6.00000,0.00000000;0.00000000;-1.00000000,0
1790,2420,287182,3PpqhBPkD87Rcsb8SRKizc,主梁钢筋_N18:主梁钢筋_N18:680197,680197,465.91839,6.00000,0.00000000;0.00000000;-1.00000000,0
1791,2414,287116,3PpqhBPkD87Rcsb8SRKiwT,主梁钢筋_N18:主梁钢筋_N18:680190,680190,465.91839,6.00000,0.00000000;0.00000000;-1.00000000,0
1792,2408,287050,3PpqhBPkD87Rcsb8SRKiwK,主梁钢筋_N18:主梁钢筋_N18:680183,680183,465.91839,6.00000,0.00000000;0.00000000;-1.00000000,0
1793,2402,286984,3PpqhBPkD87Rcsb8SRKiwJ,主梁钢筋_N18:主梁钢筋_N18:680176,680176,465.91839,6.00000,0.00000000;0.00000000;-1.00000000,0
1794,2396,286918,3PpqhBPkD87Rcsb8SRKiwA,主梁钢筋_N18:主梁钢筋_N18:680169,680169,465.91839,6.00000,0.00000000;0.00000000;-1.00000000,0
1795,2391,286863,3PpqhBPkD87Rcsb8SRKiw0,主梁钢筋_N18:主梁钢筋_N18:680163,680163,465.91839,6.00000,0.00000000;0.00000000;-1.00000000,0
1796,2106,276144,3PpqhBPkD87Rcsb8SRKl4M,主梁钢筋_N18:主梁钢筋_N18:679797,679797,465.91839,6.00000,0.00000000;0.00000000;-1.00000000,0
1797,2100,276078,3PpqhBPkD87Rcsb8SRKl4F,主梁钢筋_N18:主梁钢筋_N18:679788,679788,465.91839,6.00000,0.00000000;0.00000000;-1.00000000,0
1798,2094,276012,3PpqhBPkD87Rcsb8SRKl40,主梁钢筋_N18:主梁钢筋_N18:679779,679779,465.91839,6.00000,0.00000000;0.00000000;-1.00000000,0
1799,2088,275946,3PpqhBPkD87Rcsb8SRKl4v,主梁钢筋_N18:主梁钢筋_N18:679770,679770,465.91839,6.00000,0.00000000;0.00000000;-1.00000000,0
1800,2082,275880,3PpqhBPkD87Rcsb8SRKl4o,主梁钢筋_N18:主梁钢筋_N18:679761,679761,465.91839,6.00000,0.00000000;0.00000000;-1.00000000,0
1801,2076,275814,3PpqhBPkD87Rcsb8SRKl5I,主梁钢筋_N18:主梁钢筋_N18:679729,679729,465.91839,6.00000,0.00000000;0.00000000;-1.00000000,0
1802,2069,275737,3PpqhBPkD87Rcsb8SRKl0e,主梁钢筋_N18:主梁钢筋_N18:679499,679499,465.91839,6.00000,0.00000000;0.00000000;-1.00000000,0
1803,2063,275671,3PpqhBPkD87Rcsb8SRKl0W,主梁钢筋_N18:主梁钢筋_N18:679491,679491,465.91839,6.00000,0.00000000;0.00000000;-1.00000000,0
1804,2057,275605,3PpqhBPkD87Rcsb8SRKl1O,主梁钢筋_N18:主梁钢筋_N18:679483,679483,465.91839,6.00000,0.00000000;0.00000000;-1.00000000,0
1805,2051,275539,3PpqhBPkD87Rcsb8SRKl1G,主梁钢筋_N18:主梁钢筋_N18:679475,679475,465.91839,6.00000,0.00000000;0.00000000;-1.00000000,0
1806,2045,275473,3PpqhBPkD87Rcsb8SRKl18,主梁钢筋_N18:主梁钢筋_N18:679467,679467,465.91839,6.00000,0.00000000;0.00000000;-1.00000000,0
1807,2039,275407,3PpqhBPkD87Rcsb8SRKl10,主梁钢筋_N18:主梁钢筋_N18:679459,679459,465.91839,6.00000,0.00000000;0.00000000;-1.00000000,0
1808,2033,275341,3PpqhBPkD87Rcsb8SRKl1u,主梁钢筋_N18:主梁钢筋_N18:679451,679451,465.91839,6.00000,0.00000000;0.00000000;-1.00000000,0
1809,2027,275275,3PpqhBPkD87Rcsb8SRKl1m,主梁钢筋_N18:主梁钢筋_N18:679443,679443,465.91839,6.00000,0.00000000;0.00000000;-1.00000000,0
1810,2021,275209,3PpqhBPkD87Rcsb8SRKl1e,主梁钢筋_N18:主梁钢筋_N18:679435,679435,465.91839,6.00000,0.00000000;0.00000000;-1.00000000,0
1811,2015,275143,3PpqhBPkD87Rcsb8SRKl1W,主梁钢筋_N18:主梁钢筋_N18:679427,679427,465.91839,6.00000,0.00000000;0.00000000;-1.00000000,0
1812,2009,275077,3PpqhBPkD87Rcsb8SRKlEO,主梁钢筋_N18:主梁钢筋_N18:679419,679419,465.91839,6.00000,0.00000000;0.00000000;-1.00000000,0
1813,2003,275011,3PpqhBPkD87Rcsb8SRKlEG,主梁钢筋_N18:主梁钢筋_N18:679411,679411,465.91839,6.00000,0.00000000;0.00000000;-1.00000000,0
1814,1997,274945,3PpqhBPkD87Rcsb8SRKlE8,主梁钢筋_N18:主梁钢筋_N18:679403,679403,465.91839,6.00000,0.00000000;0.00000000;-1.00000000,0
1815,1991,274879,3PpqhBPkD87Rcsb8SRKlE0,主梁钢筋_N18:主梁钢筋_N18:679395,679395,465.91839,6.00000,0.00000000;0.00000000;-1.00000000,0
1816,1985,274813,3PpqhBPkD87Rcsb8SRKlEu,主梁钢筋_N18:主梁钢筋_N18:679387,679387,465.91839,6.00000,0.00000000;0.00000000;-1.00000000,0
1817,1979,274747,3PpqhBPkD87Rcsb8SRKlFQ,主梁钢筋_N18:主梁钢筋_N18:679353,679353,465.91839,6.00000,0.00000000;0.00000000;-1.00000000,0
1818,1966,263226,3PpqhBPkD87Rcsb8SRKk2E,主梁钢筋_N18:主梁钢筋_N18:675565,675565,465.91839,6.00000,0.00000000;0.00000000;-1.00000000,0
1819,882,143692,03ROboBXj84foxBMwZdd_x,主梁钢筋_N2:主梁钢筋_N2:626193,626193,1879.59919,8.00000,0.00000000;0.00000000;-1.00000000,0
1820,880,143670,03ROboBXj84foxBMwZdd_d,主梁钢筋_N2:主梁钢筋_N2:626189,626189,1879.59919,8.00000,0.00000000;0.00000000;-1.00000000,0
1821,878,143648,03ROboBXj84foxBMwZdd_Z,主梁钢筋_N2:主梁钢筋_N2:626185,626185,1879.59919,8.00000,0.00000000;0.00000000;-1.00000000,0
1822,876,143626,03ROboBXj84foxBMwZdd_l,主梁钢筋_N2:主梁钢筋_N2:626181,626181,1879.59919,8.00000,0.00000000;0.00000000;-1.00000000,0
1823,874,143604,03ROboBXj84foxBMwZdd_h,主梁钢筋_N2:主梁钢筋_N2:626177,626177,1879.59919,8.00000,0.00000000;0.00000000;-1.00000000,0
1824,872,143582,03ROboBXj84foxBMwZddnN,主梁钢筋_N2:主梁钢筋_N2:626173,626173,1879.59919,8.00000,0.00000000;0.00000000;-1.00000000,0
1825,870,143560,03ROboBXj84foxBMwZddnJ,主梁钢筋_N2:主梁钢筋_N2:626169,626169,1879.59919,8.00000,0.00000000;0.00000000;-1.00000000,0
1826,868,143538,03ROboBXj84foxBMwZddnV,主梁钢筋_N2:主梁钢筋_N2:626165,626165,1879.59919,8.00000,0.00000000;0.00000000;-1.00000000,0
1827,866,143516,03ROboBXj84foxBMwZddnR,主梁钢筋_N2:主梁钢筋_N2:626161,626161,1879.59919,8.00000,0.00000000;0.00000000;-1.00000000,0
1828,864,143494,03ROboBXj84foxBMwZddn7,主梁钢筋_N2:主梁钢筋_N2:626157,626157,1879.59919,8.00000,0.00000000;0.00000000;-1.00000000,0
1829,862,143472,03ROboBXj84foxBMwZddn3,主梁钢筋_N2:主梁钢筋_N2:626153,626153,1879.59919,8.00000,0.00000000;0.00000000;-1.00000000,0
1830,860,143450,03ROboBXj84foxBMwZddnF,主梁钢筋_N2:主梁钢筋_N2:626149,626149,1879.59919,8.00000,0.00000000;0.00000000;-1.00000000,0
1831,858,143428,03ROboBXj84foxBMwZddnB,主梁钢筋_N2:主梁钢筋_N2:626145,626145,1879.59919,8.00000,0.00000000;0.00000000;-1.00000000,0
1832,856,143406,03ROboBXj84foxBMwZddnt,主梁钢筋_N2:主梁钢筋_N2:626141,626141,1879.59919,8.00000,0.00000000;0.00000000;-1.00000000,0
1833,854,143384,03ROboBXj84foxBMwZddnp,主梁钢筋_N2:主梁钢筋_N2:626137,626137,1879.59919,8.00000,0.00000000;0.00000000;-1.00000000,0
1834,852,143362,03ROboBXj84foxBMwZddn$,主梁钢筋_N2:主梁钢筋_N2:626133,626133,1879.59919,8.00000,0.00000000;0.00000000;-1.00000000,0
1835,850,143340,03ROboBXj84foxBMwZddnx,主梁钢筋_N2:主梁钢筋_N2:626129,626129,1879.59919,8.00000,0.00000000;0.00000000;-1.00000000,0
1836,848,143318,03ROboBXj84foxBMwZddnd,主梁钢筋_N2:主梁钢筋_N2:626125,626125,1879.59919,8.00000,0.00000000;0.00000000;-1.00000000,0
1837,846,143296,03ROboBXj84foxBMwZddnZ,主梁钢筋_N2:主梁钢筋_N2:626121,626121,1879.59919,8.00000,0.00000000;0.00000000;-1.00000000,0
1838,844,143274,03ROboBXj84foxBMwZddnl,主梁钢筋_N2:主梁钢筋_N2:626117,626117,1879.59919,8.00000,0.00000000;0.00000000;-1.00000000,0
1839,842,143252,03ROboBXj84foxBMwZddnh,主梁钢筋_N2:主梁钢筋_N2:626113,626113,1879.59919,8.00000,0.00000000;0.00000000;-1.00000000,0
1840,840,143230,03ROboBXj84foxBMwZddmN,主梁钢筋_N2:主梁钢筋_N2:626109,626109,1879.59919,8.00000,0.00000000;0.00000000;-1.00000000,0
1841,838,143208,03ROboBXj84foxBMwZddmJ,主梁钢筋_N2:主梁钢筋_N2:626105,626105,1879.59919,8.00000,0.00000000;0.00000000;-1.00000000,0
1842,836,143186,03ROboBXj84foxBMwZddmV,主梁钢筋_N2:主梁钢筋_N2:626101,626101,1879.59919,8.00000,0.00000000;0.00000000;-1.00000000,0
1843,834,143164,03ROboBXj84foxBMwZddmR,主梁钢筋_N2:主梁钢筋_N2:626097,626097,1879.59919,8.00000,0.00000000;0.00000000;-1.00000000,0
1844,832,143142,03ROboBXj84foxBMwZddm7,主梁钢筋_N2:主梁钢筋_N2:626093,626093,1879.59919,8.00000,0.00000000;0.00000000;-1.00000000,0
1845,830,143120,03ROboBXj84foxBMwZddm3,主梁钢筋_N2:主梁钢筋_N2:626089,626089,1879.59919,8.00000,0.00000000;0.00000000;-1.00000000,0
1846,828,143098,03ROboBXj84foxBMwZddmF,主梁钢筋_N2:主梁钢筋_N2:626085,626085,1879.59919,8.00000,0.00000000;0.00000000;-1.00000000,0
1847,826,143076,03ROboBXj84foxBMwZddmB,主梁钢筋_N2:主梁钢筋_N2:626081,626081,1879.59919,8.00000,0.00000000;0.00000000;-1.00000000,0
1848,824,143054,03ROboBXj84foxBMwZddmt,主梁钢筋_N2:主梁钢筋_N2:626077,626077,1879.59919,8.00000,0.00000000;0.00000000;-1.00000000,0
1849,822,143032,03ROboBXj84foxBMwZddmp,主梁钢筋_N2:主梁钢筋_N2:626073,626073,1879.59919,8.00000,0.00000000;0.00000000;-1.00000000,0
1850,820,143010,03ROboBXj84foxBMwZddm$,主梁钢筋_N2:主梁钢筋_N2:626069,626069,1879.59919,8.00000,0.00000000;0.00000000;-1.00000000,0
1851,818,142988,03ROboBXj84foxBMwZddmx,主梁钢筋_N2:主梁钢筋_N2:626065,626065,1879.59919,8.00000,0.00000000;0.00000000;-1.00000000,0
1852,816,142966,03ROboBXj84foxBMwZddmd,主梁钢筋_N2:主梁钢筋_N2:626061,626061,1879.59919,8.00000,0.00000000;0.00000000;-1.00000000,0
1853,814,142944,03ROboBXj84foxBMwZddmZ,主梁钢筋_N2:主梁钢筋_N2:626057,626057,1879.59919,8.00000,0.00000000;0.00000000;-1.00000000,0
1854,812,142922,03ROboBXj84foxBMwZddml,主梁钢筋_N2:主梁钢筋_N2:626053,626053,1879.59919,8.00000,0.00000000;0.00000000;-1.00000000,0
1855,810,142900,03ROboBXj84foxBMwZddmh,主梁钢筋_N2:主梁钢筋_N2:626049,626049,1879.59919,8.00000,0.00000000;0.00000000;-1.00000000,0
1856,808,142878,03ROboBXj84foxBMwZddpN,主梁钢筋_N2:主梁钢筋_N2:626045,626045,1879.59919,8.00000,0.00000000;0.00000000;-1.00000000,0
1857,806,142856,03ROboBXj84foxBMwZddpJ,主梁钢筋_N2:主梁钢筋_N2:626041,626041,1879.59919,8.00000,0.00000000;0.00000000;-1.00000000,0
1858,804,142834,03ROboBXj84foxBMwZddpV,主梁钢筋_N2:主梁钢筋_N2:626037,626037,1879.59919,8.00000,0.00000000;0.00000000;-1.00000000,0
1859,802,142812,03ROboBXj84foxBMwZddpR,主梁钢筋_N2:主梁钢筋_N2:626033,626033,1879.59919,8.00000,0.00000000;0.00000000;-1.00000000,0
1860,800,142790,03ROboBXj84foxBMwZddp7,主梁钢筋_N2:主梁钢筋_N2:626029,626029,1879.59919,8.00000,0.00000000;0.00000000;-1.00000000,0
1861,798,142768,03ROboBXj84foxBMwZddp3,主梁钢筋_N2:主梁钢筋_N2:626025,626025,1879.59919,8.00000,0.00000000;0.00000000;-1.00000000,0
1862,796,142746,03ROboBXj84foxBMwZddpF,主梁钢筋_N2:主梁钢筋_N2:626021,626021,1879.59919,8.00000,0.00000000;0.00000000;-1.00000000,0
1863,794,142724,03ROboBXj84foxBMwZddpB,主梁钢筋_N2:主梁钢筋_N2:626017,626017,1879.59919,8.00000,0.00000000;0.00000000;-1.00000000,0
1864,792,142702,03ROboBXj84foxBMwZddpt,主梁钢筋_N2:主梁钢筋_N2:626013,626013,1879.59919,8.00000,0.00000000;0.00000000;-1.00000000,0
1865,790,142680,03ROboBXj84foxBMwZddpp,主梁钢筋_N2:主梁钢筋_N2:626009,626009,1879.59919,8.00000,0.00000000;0.00000000;-1.00000000,0
1866,788,142658,03ROboBXj84foxBMwZddp$,主梁钢筋_N2:主梁钢筋_N2:626005,626005,1879.59919,8.00000,0.00000000;0.00000000;-1.00000000,0
1867,786,142636,03ROboBXj84foxBMwZddpx,主梁钢筋_N2:主梁钢筋_N2:626001,626001,1879.59919,8.00000,0.00000000;0.00000000;-1.00000000,0
1868,784,142614,03ROboBXj84foxBMwZddpd,主梁钢筋_N2:主梁钢筋_N2:625997,625997,1879.59919,8.00000,0.00000000;0.00000000;-1.00000000,0
1869,782,142592,03ROboBXj84foxBMwZddpZ,主梁钢筋_N2:主梁钢筋_N2:625993,625993,1879.59919,8.00000,0.00000000;0.00000000;-1.00000000,0
1870,780,142570,03ROboBXj84foxBMwZddpl,主梁钢筋_N2:主梁钢筋_N2:625989,625989,1879.59919,8.00000,0.00000000;0.00000000;-1.00000000,0
1871,778,142548,03ROboBXj84foxBMwZddph,主梁钢筋_N2:主梁钢筋_N2:625985,625985,1879.59919,8.00000,0.00000000;0.00000000;-1.00000000,0
1872,776,142526,03ROboBXj84foxBMwZddoN,主梁钢筋_N2:主梁钢筋_N2:625981,625981,1879.59919,8.00000,0.00000000;0.00000000;-1.00000000,0
1873,774,142504,03ROboBXj84foxBMwZddoJ,主梁钢筋_N2:主梁钢筋_N2:625977,625977,1879.59919,8.00000,0.00000000;0.00000000;-1.00000000,0
1874,772,142482,03ROboBXj84foxBMwZddoV,主梁钢筋_N2:主梁钢筋_N2:625973,625973,1879.59919,8.00000,0.00000000;0.00000000;-1.00000000,0
1875,770,142460,03ROboBXj84foxBMwZddoR,主梁钢筋_N2:主梁钢筋_N2:625969,625969,1879.59919,8.00000,0.00000000;0.00000000;-1.00000000,0
1876,768,142438,03ROboBXj84foxBMwZddo7,主梁钢筋_N2:主梁钢筋_N2:625965,625965,1879.59919,8.00000,0.00000000;0.00000000;-1.00000000,0
1877,766,142416,03ROboBXj84foxBMwZddo3,主梁钢筋_N2:主梁钢筋_N2:625961,625961,1879.59919,8.00000,0.00000000;0.00000000;-1.00000000,0
1878,764,142394,03ROboBXj84foxBMwZddoF,主梁钢筋_N2:主梁钢筋_N2:625957,625957,1879.59919,8.00000,0.00000000;0.00000000;-1.00000000,0
1879,762,142372,03ROboBXj84foxBMwZddoB,主梁钢筋_N2:主梁钢筋_N2:625953,625953,1879.59919,8.00000,0.00000000;0.00000000;-1.00000000,0
1880,760,142350,03ROboBXj84foxBMwZddot,主梁钢筋_N2:主梁钢筋_N2:625949,625949,1879.59919,8.00000,0.00000000;0.00000000;-1.00000000,0
1881,758,142328,03ROboBXj84foxBMwZddop,主梁钢筋_N2:主梁钢筋_N2:625945,625945,1879.59919,8.00000,0.00000000;0.00000000;-1.00000000,0
1882,756,142306,03ROboBXj84foxBMwZddo$,主梁钢筋_N2:主梁钢筋_N2:625941,625941,1879.59919,8.00000,0.00000000;0.00000000;-1.00000000,0
1883,754,142284,03ROboBXj84foxBMwZddox,主梁钢筋_N2:主梁钢筋_N2:625937,625937,1879.59919,8.00000,0.00000000;0.00000000;-1.00000000,0
1884,752,142262,03ROboBXj84foxBMwZddod,主梁钢筋_N2:主梁钢筋_N2:625933,625933,1879.59919,8.00000,0.00000000;0.00000000;-1.00000000,0
1885,750,142240,03ROboBXj84foxBMwZddoZ,主梁钢筋_N2:主梁钢筋_N2:625929,625929,1879.59919,8.00000,0.00000000;0.00000000;-1.00000000,0
1886,748,142218,03ROboBXj84foxBMwZddol,主梁钢筋_N2:主梁钢筋_N2:625925,625925,1879.59919,8.00000,0.00000000;0.00000000;-1.00000000,0
1887,746,142196,03ROboBXj84foxBMwZddoh,主梁钢筋_N2:主梁钢筋_N2:625921,625921,1879.59919,8.00000,0.00000000;0.00000000;-1.00000000,0
1888,744,142174,03ROboBXj84foxBMwZddrN,主梁钢筋_N2:主梁钢筋_N2:625917,625917,1879.59919,8.00000,0.00000000;0.00000000;-1.00000000,0
1889,742,142152,03ROboBXj84foxBMwZddrJ,主梁钢筋_N2:主梁钢筋_N2:625913,625913,1879.59919,8.00000,0.00000000;0.00000000;-1.00000000,0
1890,740,142130,03ROboBXj84foxBMwZddrV,主梁钢筋_N2:主梁钢筋_N2:625909,625909,1879.59919,8.00000,0.00000000;0.00000000;-1.00000000,0
1891,738,142108,03ROboBXj84foxBMwZddrR,主梁钢筋_N2:主梁钢筋_N2:625905,625905,1879.59919,8.00000,0.00000000;0.00000000;-1.00000000,0
1892,736,142086,03ROboBXj84foxBMwZddr7,主梁钢筋_N2:主梁钢筋_N2:625901,625901,1879.59919,8.00000,0.00000000;0.00000000;-1.00000000,0
1893,734,142064,03ROboBXj84foxBMwZddr3,主梁钢筋_N2:主梁钢筋_N2:625897,625897,1879.59919,8.00000,0.00000000;0.00000000;-1.00000000,0
1894,732,142042,03ROboBXj84foxBMwZddrF,主梁钢筋_N2:主梁钢筋_N2:625893,625893,1879.59919,8.00000,0.00000000;0.00000000;-1.00000000,0
1895,730,142020,03ROboBXj84foxBMwZddrB,主梁钢筋_N2:主梁钢筋_N2:625889,625889,1879.59919,8.00000,0.00000000;0.00000000;-1.00000000,0
1896,728,141998,03ROboBXj84foxBMwZddrt,主梁钢筋_N2:主梁钢筋_N2:625885,625885,1879.59919,8.00000,0.00000000;0.00000000;-1.00000000,0
1897,726,141976,03ROboBXj84foxBMwZddrp,主梁钢筋_N2:主梁钢筋_N2:625881,625881,1879.59919,8.00000,0.00000000;0.00000000;-1.00000000,0
1898,724,141954,03ROboBXj84foxBMwZddr$,主梁钢筋_N2:主梁钢筋_N2:625877,625877,1879.59919,8.00000,0.00000000;0.00000000;-1.00000000,0
1899,722,141932,03ROboBXj84foxBMwZddrx,主梁钢筋_N2:主梁钢筋_N2:625873,625873,1879.59919,8.00000,0.00000000;0.00000000;-1.00000000,0
1900,720,141910,03ROboBXj84foxBMwZddrd,主梁钢筋_N2:主梁钢筋_N2:625869,625869,1879.59919,8.00000,0.00000000;0.00000000;-1.00000000,0
1901,718,141888,03ROboBXj84foxBMwZddrZ,主梁钢筋_N2:主梁钢筋_N2:625865,625865,1879.59919,8.00000,0.00000000;0.00000000;-1.00000000,0
1902,716,141866,03ROboBXj84foxBMwZddrl,主梁钢筋_N2:主梁钢筋_N2:625861,625861,1879.59919,8.00000,0.00000000;0.00000000;-1.00000000,0
1903,714,141844,03ROboBXj84foxBMwZddrh,主梁钢筋_N2:主梁钢筋_N2:625857,625857,1879.59919,8.00000,0.00000000;0.00000000;-1.00000000,0
1904,712,141822,03ROboBXj84foxBMwZddqN,主梁钢筋_N2:主梁钢筋_N2:625853,625853,1879.59919,8.00000,0.00000000;0.00000000;-1.00000000,0
1905,710,141800,03ROboBXj84foxBMwZddqJ,主梁钢筋_N2:主梁钢筋_N2:625849,625849,1879.59919,8.00000,0.00000000;0.00000000;-1.00000000,0
1906,708,141778,03ROboBXj84foxBMwZddqV,主梁钢筋_N2:主梁钢筋_N2:625845,625845,1879.59919,8.00000,0.00000000;0.00000000;-1.00000000,0
1907,706,141756,03ROboBXj84foxBMwZddqR,主梁钢筋_N2:主梁钢筋_N2:625841,625841,1879.59919,8.00000,0.00000000;0.00000000;-1.00000000,0
1908,704,141734,03ROboBXj84foxBMwZddq7,主梁钢筋_N2:主梁钢筋_N2:625837,625837,1879.59919,8.00000,0.00000000;0.00000000;-1.00000000,0
1909,702,141712,03ROboBXj84foxBMwZddq3,主梁钢筋_N2:主梁钢筋_N2:625833,625833,1879.59919,8.00000,0.00000000;0.00000000;-1.00000000,0
1910,700,141690,03ROboBXj84foxBMwZddqF,主梁钢筋_N2:主梁钢筋_N2:625829,625829,1879.59919,8.00000,0.00000000;0.00000000;-1.00000000,0
1911,698,141668,03ROboBXj84foxBMwZddqB,主梁钢筋_N2:主梁钢筋_N2:625825,625825,1879.59919,8.00000,0.00000000;0.00000000;-1.00000000,0
1912,696,141646,03ROboBXj84foxBMwZddqt,主梁钢筋_N2:主梁钢筋_N2:625821,625821,1879.59919,8.00000,0.00000000;0.00000000;-1.00000000,0
1913,694,141624,03ROboBXj84foxBMwZddqp,主梁钢筋_N2:主梁钢筋_N2:625817,625817,1879.59919,8.00000,0.00000000;0.00000000;-1.00000000,0
1914,692,141602,03ROboBXj84foxBMwZddq$,主梁钢筋_N2:主梁钢筋_N2:625813,625813,1879.59919,8.00000,0.00000000;0.00000000;-1.00000000,0
1915,690,141580,03ROboBXj84foxBMwZddqx,主梁钢筋_N2:主梁钢筋_N2:625809,625809,1879.59919,8.00000,0.00000000;0.00000000;-1.00000000,0
1916,688,141558,03ROboBXj84foxBMwZddqd,主梁钢筋_N2:主梁钢筋_N2:625805,625805,1879.59919,8.00000,0.00000000;0.00000000;-1.00000000,0
1917,686,141536,03ROboBXj84foxBMwZddqZ,主梁钢筋_N2:主梁钢筋_N2:625801,625801,1879.59919,8.00000,0.00000000;0.00000000;-1.00000000,0
1918,684,141514,03ROboBXj84foxBMwZddql,主梁钢筋_N2:主梁钢筋_N2:625797,625797,1879.59919,8.00000,0.00000000;0.00000000;-1.00000000,0
1919,682,141492,03ROboBXj84foxBMwZddqh,主梁钢筋_N2:主梁钢筋_N2:625793,625793,1879.59919,8.00000,0.00000000;0.00000000;-1.00000000,0
1920,680,141470,03ROboBXj84foxBMwZddtN,主梁钢筋_N2:主梁钢筋_N2:625789,625789,1879.59919,8.00000,0.00000000;0.00000000;-1.00000000,0
1921,678,141448,03ROboBXj84foxBMwZddtJ,主梁钢筋_N2:主梁钢筋_N2:625785,625785,1879.59919,8.00000,0.00000000;0.00000000;-1.00000000,0
1922,676,141426,03ROboBXj84foxBMwZddtV,主梁钢筋_N2:主梁钢筋_N2:625781,625781,1879.59919,8.00000,0.00000000;0.00000000;-1.00000000,0
1923,674,141404,03ROboBXj84foxBMwZddtR,主梁钢筋_N2:主梁钢筋_N2:625777,625777,1879.59919,8.00000,0.00000000;0.00000000;-1.00000000,0
1924,672,141382,03ROboBXj84foxBMwZddt7,主梁钢筋_N2:主梁钢筋_N2:625773,625773,1879.59919,8.00000,0.00000000;0.00000000;-1.00000000,0
1925,670,141360,03ROboBXj84foxBMwZddt3,主梁钢筋_N2:主梁钢筋_N2:625769,625769,1879.59919,8.00000,0.00000000;0.00000000;-1.00000000,0
1926,668,141338,03ROboBXj84foxBMwZddtF,主梁钢筋_N2:主梁钢筋_N2:625765,625765,1879.59919,8.00000,0.00000000;0.00000000;-1.00000000,0
1927,666,141316,03ROboBXj84foxBMwZddtB,主梁钢筋_N2:主梁钢筋_N2:625761,625761,1879.59919,8.00000,0.00000000;0.00000000;-1.00000000,0
1928,664,141294,03ROboBXj84foxBMwZddtt,主梁钢筋_N2:主梁钢筋_N2:625757,625757,1879.59919,8.00000,0.00000000;0.00000000;-1.00000000,0
1929,662,141272,03ROboBXj84foxBMwZddtp,主梁钢筋_N2:主梁钢筋_N2:625753,625753,1879.59919,8.00000,0.00000000;0.00000000;-1.00000000,0
1930,660,141250,03ROboBXj84foxBMwZddt$,主梁钢筋_N2:主梁钢筋_N2:625749,625749,1879.59919,8.00000,0.00000000;0.00000000;-1.00000000,0
1931,658,141228,03ROboBXj84foxBMwZddtx,主梁钢筋_N2:主梁钢筋_N2:625745,625745,1879.59919,8.00000,0.00000000;0.00000000;-1.00000000,0
1932,656,141206,03ROboBXj84foxBMwZddtd,主梁钢筋_N2:主梁钢筋_N2:625741,625741,1879.59919,8.00000,0.00000000;0.00000000;-1.00000000,0
1933,654,141184,03ROboBXj84foxBMwZddtZ,主梁钢筋_N2:主梁钢筋_N2:625737,625737,1879.59919,8.00000,0.00000000;0.00000000;-1.00000000,0
1934,652,141162,03ROboBXj84foxBMwZddtl,主梁钢筋_N2:主梁钢筋_N2:625733,625733,1879.59919,8.00000,0.00000000;0.00000000;-1.00000000,0
1935,650,141140,03ROboBXj84foxBMwZddth,主梁钢筋_N2:主梁钢筋_N2:625729,625729,1879.59919,8.00000,0.00000000;0.00000000;-1.00000000,0
1936,648,141118,03ROboBXj84foxBMwZddsN,主梁钢筋_N2:主梁钢筋_N2:625725,625725,1879.59919,8.00000,0.00000000;0.00000000;-1.00000000,0
1937,646,141096,03ROboBXj84foxBMwZddsJ,主梁钢筋_N2:主梁钢筋_N2:625721,625721,1879.59919,8.00000,0.00000000;0.00000000;-1.00000000,0
1938,644,141074,03ROboBXj84foxBMwZddsV,主梁钢筋_N2:主梁钢筋_N2:625717,625717,1879.59919,8.00000,0.00000000;0.00000000;-1.00000000,0
1939,642,141052,03ROboBXj84foxBMwZddsR,主梁钢筋_N2:主梁钢筋_N2:625713,625713,1879.59919,8.00000,0.00000000;0.00000000;-1.00000000,0
1940,640,141030,03ROboBXj84foxBMwZdds7,主梁钢筋_N2:主梁钢筋_N2:625709,625709,1879.59919,8.00000,0.00000000;0.00000000;-1.00000000,0
1941,638,141008,03ROboBXj84foxBMwZdds3,主梁钢筋_N2:主梁钢筋_N2:625705,625705,1879.59919,8.00000,0.00000000;0.00000000;-1.00000000,0
1942,636,140986,03ROboBXj84foxBMwZddsF,主梁钢筋_N2:主梁钢筋_N2:625701,625701,1879.59919,8.00000,0.00000000;0.00000000;-1.00000000,0
1943,634,140964,03ROboBXj84foxBMwZddsB,主梁钢筋_N2:主梁钢筋_N2:625697,625697,1879.59919,8.00000,0.00000000;0.00000000;-1.00000000,0
1944,632,140942,03ROboBXj84foxBMwZddst,主梁钢筋_N2:主梁钢筋_N2:625693,625693,1879.59919,8.00000,0.00000000;0.00000000;-1.00000000,0
1945,630,140920,03ROboBXj84foxBMwZddsp,主梁钢筋_N2:主梁钢筋_N2:625689,625689,1879.59919,8.00000,0.00000000;0.00000000;-1.00000000,0
1946,628,140898,03ROboBXj84foxBMwZdds$,主梁钢筋_N2:主梁钢筋_N2:625685,625685,1879.59919,8.00000,0.00000000;0.00000000;-1.00000000,0
1947,626,140876,03ROboBXj84foxBMwZddsx,主梁钢筋_N2:主梁钢筋_N2:625681,625681,1879.59919,8.00000,0.00000000;0.00000000;-1.00000000,0
1948,624,140854,03ROboBXj84foxBMwZddsd,主梁钢筋_N2:主梁钢筋_N2:625677,625677,1879.59919,8.00000,0.00000000;0.00000000;-1.00000000,0
1949,622,140832,03ROboBXj84foxBMwZddsZ,主梁钢筋_N2:主梁钢筋_N2:625673,625673,1879.59919,8.00000,0.00000000;0.00000000;-1.00000000,0
1950,620,140810,03ROboBXj84foxBMwZddsl,主梁钢筋_N2:主梁钢筋_N2:625669,625669,1879.59919,8.00000,0.00000000;0.00000000;-1.00000000,0
1951,618,140788,03ROboBXj84foxBMwZddsh,主梁钢筋_N2:主梁钢筋_N2:625665,625665,1879.59919,8.00000,0.00000000;0.00000000;-1.00000000,0
1952,597,137160,03ROboBXj84foxBMwZddHB,主梁钢筋_N2:主梁钢筋_N2:624097,624097,1879.59919,8.00000,0.00000000;0.00000000;-1.00000000,0
1953,305,117956,03ROboBXj84foxBMwZdd2K,主梁钢筋_N2:主梁钢筋_N2:622910,622910,1879.59919,8.00000,0.00000000;0.00000000;-1.00000000,0
1954,333,134256,03ROboBXj84foxBMwZddDY,主梁钢筋_N2:主梁钢筋_N2:623304,623304,1879.59919,8.00000,0.00000000;0.00000000;-1.00000000,0
1955,335,134278,03ROboBXj84foxBMwZddDo,主梁钢筋_N2:主梁钢筋_N2:623320,623320,1879.59919,8.00000,0.00000000;0.00000000;-1.00000000,0
1956,337,134300,03ROboBXj84foxBMwZddDs,主梁钢筋_N2:主梁钢筋_N2:623324,623324,1879.59919,8.00000,0.00000000;0.00000000;-1.00000000,0
1957,339,134322,03ROboBXj84foxBMwZddDA,主梁钢筋_N2:主梁钢筋_N2:623328,623328,1879.59919,8.00000,0.00000000;0.00000000;-1.00000000,0
1958,341,134344,03ROboBXj84foxBMwZddDE,主梁钢筋_N2:主梁钢筋_N2:623332,623332,1879.59919,8.00000,0.00000000;0.00000000;-1.00000000,0
1959,343,134366,03ROboBXj84foxBMwZddD2,主梁钢筋_N2:主梁钢筋_N2:623336,623336,1879.59919,8.00000,0.00000000;0.00000000;-1.00000000,0
1960,345,134388,03ROboBXj84foxBMwZddD6,主梁钢筋_N2:主梁钢筋_N2:623340,623340,1879.59919,8.00000,0.00000000;0.00000000;-1.00000000,0
1961,347,134410,03ROboBXj84foxBMwZddDQ,主梁钢筋_N2:主梁钢筋_N2:623344,623344,1879.59919,8.00000,0.00000000;0.00000000;-1.00000000,0
1962,349,134432,03ROboBXj84foxBMwZddDU,主梁钢筋_N2:主梁钢筋_N2:623348,623348,1879.59919,8.00000,0.00000000;0.00000000;-1.00000000,0
1963,351,134454,03ROboBXj84foxBMwZddDI,主梁钢筋_N2:主梁钢筋_N2:623352,623352,1879.59919,8.00000,0.00000000;0.00000000;-1.00000000,0
1964,353,134476,03ROboBXj84foxBMwZddDM,主梁钢筋_N2:主梁钢筋_N2:623356,623356,1879.59919,8.00000,0.00000000;0.00000000;-1.00000000,0
1965,355,134498,03ROboBXj84foxBMwZddAg,主梁钢筋_N2:主梁钢筋_N2:623360,623360,1879.59919,8.00000,0.00000000;0.00000000;-1.00000000,0
1966,357,134520,03ROboBXj84foxBMwZddAk,主梁钢筋_N2:主梁钢筋_N2:623364,623364,1879.59919,8.00000,0.00000000;0.00000000;-1.00000000,0
1967,359,134542,03ROboBXj84foxBMwZddAc,主梁钢筋_N2:主梁钢筋_N2:623372,623372,1879.59919,8.00000,0.00000000;0.00000000;-1.00000000,0
1968,361,134564,03ROboBXj84foxBMwZddAw,主梁钢筋_N2:主梁钢筋_N2:623376,623376,1879.59919,8.00000,0.00000000;0.00000000;-1.00000000,0
1969,363,134586,03ROboBXj84foxBMwZddA_,主梁钢筋_N2:主梁钢筋_N2:623380,623380,1879.59919,8.00000,0.00000000;0.00000000;-1.00000000,0
1970,365,134608,03ROboBXj84foxBMwZddAo,主梁钢筋_N2:主梁钢筋_N2:623384,623384,1879.59919,8.00000,0.00000000;0.00000000;-1.00000000,0
1971,367,134630,03ROboBXj84foxBMwZddAs,主梁钢筋_N2:主梁钢筋_N2:623388,623388,1879.59919,8.00000,0.00000000;0.00000000;-1.00000000,0
1972,369,134652,03ROboBXj84foxBMwZddAA,主梁钢筋_N2:主梁钢筋_N2:623392,623392,1879.59919,8.00000,0.00000000;0.00000000;-1.00000000,0
1973,371,134674,03ROboBXj84foxBMwZddAE,主梁钢筋_N2:主梁钢筋_N2:623396,623396,1879.59919,8.00000,0.00000000;0.00000000;-1.00000000,0
1974,373,134696,03ROboBXj84foxBMwZddA2,主梁钢筋_N2:主梁钢筋_N2:623400,623400,1879.59919,8.00000,0.00000000;0.00000000;-1.00000000,0
1975,375,134718,03ROboBXj84foxBMwZddA6,主梁钢筋_N2:主梁钢筋_N2:623404,623404,1879.59919,8.00000,0.00000000;0.00000000;-1.00000000,0
1976,377,134740,03ROboBXj84foxBMwZddAQ,主梁钢筋_N2:主梁钢筋_N2:623408,623408,1879.59919,8.00000,0.00000000;0.00000000;-1.00000000,0
1977,379,134762,03ROboBXj84foxBMwZddAU,主梁钢筋_N2:主梁钢筋_N2:623412,623412,1879.59919,8.00000,0.00000000;0.00000000;-1.00000000,0
1978,381,134784,03ROboBXj84foxBMwZddAI,主梁钢筋_N2:主梁钢筋_N2:623416,623416,1879.59919,8.00000,0.00000000;0.00000000;-1.00000000,0
1979,383,134806,03ROboBXj84foxBMwZddAM,主梁钢筋_N2:主梁钢筋_N2:623420,623420,1879.59919,8.00000,0.00000000;0.00000000;-1.00000000,0
1980,385,134828,03ROboBXj84foxBMwZddBg,主梁钢筋_N2:主梁钢筋_N2:623424,623424,1879.59919,8.00000,0.00000000;0.00000000;-1.00000000,0
1981,387,134850,03ROboBXj84foxBMwZddBk,主梁钢筋_N2:主梁钢筋_N2:623428,623428,1879.59919,8.00000,0.00000000;0.00000000;-1.00000000,0
1982,389,134872,03ROboBXj84foxBMwZddBY,主梁钢筋_N2:主梁钢筋_N2:623432,623432,1879.59919,8.00000,0.00000000;0.00000000;-1.00000000,0
1983,391,134894,03ROboBXj84foxBMwZddBc,主梁钢筋_N2:主梁钢筋_N2:623436,623436,1879.59919,8.00000,0.00000000;0.00000000;-1.00000000,0
1984,393,134916,03ROboBXj84foxBMwZddBw,主梁钢筋_N2:主梁钢筋_N2:623440,623440,1879.59919,8.00000,0.00000000;0.00000000;-1.00000000,0
1985,395,134938,03ROboBXj84foxBMwZddB_,主梁钢筋_N2:主梁钢筋_N2:623444,623444,1879.59919,8.00000,0.00000000;0.00000000;-1.00000000,0
1986,397,134960,03ROboBXj84foxBMwZddBo,主梁钢筋_N2:主梁钢筋_N2:623448,623448,1879.59919,8.00000,0.00000000;0.00000000;-1.00000000,0
1987,399,134982,03ROboBXj84foxBMwZddBs,主梁钢筋_N2:主梁钢筋_N2:623452,623452,1879.59919,8.00000,0.00000000;0.00000000;-1.00000000,0
1988,401,135004,03ROboBXj84foxBMwZddBA,主梁钢筋_N2:主梁钢筋_N2:623456,623456,1879.59919,8.00000,0.00000000;0.00000000;-1.00000000,0
1989,403,135026,03ROboBXj84foxBMwZddBE,主梁钢筋_N2:主梁钢筋_N2:623460,623460,1879.59919,8.00000,0.00000000;0.00000000;-1.00000000,0
1990,405,135048,03ROboBXj84foxBMwZddB2,主梁钢筋_N2:主梁钢筋_N2:623464,623464,1879.59919,8.00000,0.00000000;0.00000000;-1.00000000,0
1991,407,135070,03ROboBXj84foxBMwZddB6,主梁钢筋_N2:主梁钢筋_N2:623468,623468,1879.59919,8.00000,0.00000000;0.00000000;-1.00000000,0
1992,409,135092,03ROboBXj84foxBMwZddBQ,主梁钢筋_N2:主梁钢筋_N2:623472,623472,1879.59919,8.00000,0.00000000;0.00000000;-1.00000000,0
1993,411,135114,03ROboBXj84foxBMwZddBU,主梁钢筋_N2:主梁钢筋_N2:623476,623476,1879.59919,8.00000,0.00000000;0.00000000;-1.00000000,0
1994,413,135136,03ROboBXj84foxBMwZddBI,主梁钢筋_N2:主梁钢筋_N2:623480,623480,1879.59919,8.00000,0.00000000;0.00000000;-1.00000000,0
1995,415,135158,03ROboBXj84foxBMwZddBM,主梁钢筋_N2:主梁钢筋_N2:623484,623484,1879.59919,8.00000,0.00000000;0.00000000;-1.00000000,0
1996,417,135180,03ROboBXj84foxBMwZdd8g,主梁钢筋_N2:主梁钢筋_N2:623488,623488,1879.59919,8.00000,0.00000000;0.00000000;-1.00000000,0
1997,419,135202,03ROboBXj84foxBMwZdd8k,主梁钢筋_N2:主梁钢筋_N2:623492,623492,1879.59919,8.00000,0.00000000;0.00000000;-1.00000000,0
1998,421,135224,03ROboBXj84foxBMwZdd8c,主梁钢筋_N2:主梁钢筋_N2:623500,623500,1879.59919,8.00000,0.00000000;0.00000000;-1.00000000,0
1999,423,135246,03ROboBXj84foxBMwZdd8w,主梁钢筋_N2:主梁钢筋_N2:623504,623504,1879.59919,8.00000,0.00000000;0.00000000;-1.00000000,0
2000,425,135268,03ROboBXj84foxBMwZdd8_,主梁钢筋_N2:主梁钢筋_N2:623508,623508,1879.59919,8.00000,0.00000000;0.00000000;-1.00000000,0
2001,427,135290,03ROboBXj84foxBMwZdd8o,主梁钢筋_N2:主梁钢筋_N2:623512,623512,1879.59919,8.00000,0.00000000;0.00000000;-1.00000000,0
2002,429,135312,03ROboBXj84foxBMwZdd8s,主梁钢筋_N2:主梁钢筋_N2:623516,623516,1879.59919,8.00000,0.00000000;0.00000000;-1.00000000,0
2003,431,135334,03ROboBXj84foxBMwZdd8A,主梁钢筋_N2:主梁钢筋_N2:623520,623520,1879.59919,8.00000,0.00000000;0.00000000;-1.00000000,0
2004,433,135356,03ROboBXj84foxBMwZdd8E,主梁钢筋_N2:主梁钢筋_N2:623524,623524,1879.59919,8.00000,0.00000000;0.00000000;-1.00000000,0
2005,435,135378,03ROboBXj84foxBMwZdd82,主梁钢筋_N2:主梁钢筋_N2:623528,623528,1879.59919,8.00000,0.00000000;0.00000000;-1.00000000,0
2006,437,135400,03ROboBXj84foxBMwZdd86,主梁钢筋_N2:主梁钢筋_N2:623532,623532,1879.59919,8.00000,0.00000000;0.00000000;-1.00000000,0
2007,439,135422,03ROboBXj84foxBMwZdd8Q,主梁钢筋_N2:主梁钢筋_N2:623536,623536,1879.59919,8.00000,0.00000000;0.00000000;-1.00000000,0
2008,441,135444,03ROboBXj84foxBMwZdd8U,主梁钢筋_N2:主梁钢筋_N2:623540,623540,1879.59919,8.00000,0.00000000;0.00000000;-1.00000000,0
2009,443,135466,03ROboBXj84foxBMwZdd8I,主梁钢筋_N2:主梁钢筋_N2:623544,623544,1879.59919,8.00000,0.00000000;0.00000000;-1.00000000,0
2010,445,135488,03ROboBXj84foxBMwZdd8M,主梁钢筋_N2:主梁钢筋_N2:623548,623548,1879.59919,8.00000,0.00000000;0.00000000;-1.00000000,0
2011,447,135510,03ROboBXj84foxBMwZdd9g,主梁钢筋_N2:主梁钢筋_N2:623552,623552,1879.59919,8.00000,0.00000000;0.00000000;-1.00000000,0
2012,449,135532,03ROboBXj84foxBMwZdd9k,主梁钢筋_N2:主梁钢筋_N2:623556,623556,1879.59919,8.00000,0.00000000;0.00000000;-1.00000000,0
2013,451,135554,03ROboBXj84foxBMwZdd9Y,主梁钢筋_N2:主梁钢筋_N2:623560,623560,1879.59919,8.00000,0.00000000;0.00000000;-1.00000000,0
2014,453,135576,03ROboBXj84foxBMwZdd9c,主梁钢筋_N2:主梁钢筋_N2:623564,623564,1879.59919,8.00000,0.00000000;0.00000000;-1.00000000,0
2015,455,135598,03ROboBXj84foxBMwZdd9w,主梁钢筋_N2:主梁钢筋_N2:623568,623568,1879.59919,8.00000,0.00000000;0.00000000;-1.00000000,0
2016,457,135620,03ROboBXj84foxBMwZdd9_,主梁钢筋_N2:主梁钢筋_N2:623572,623572,1879.59919,8.00000,0.00000000;0.00000000;-1.00000000,0
2017,459,135642,03ROboBXj84foxBMwZdd9o,主梁钢筋_N2:主梁钢筋_N2:623576,623576,1879.59919,8.00000,0.00000000;0.00000000;-1.00000000,0
2018,461,135664,03ROboBXj84foxBMwZdd9s,主梁钢筋_N2:主梁钢筋_N2:623580,623580,1879.59919,8.00000,0.00000000;0.00000000;-1.00000000,0
2019,463,135686,03ROboBXj84foxBMwZdd9A,主梁钢筋_N2:主梁钢筋_N2:623584,623584,1879.59919,8.00000,0.00000000;0.00000000;-1.00000000,0
2020,465,135708,03ROboBXj84foxBMwZdd9E,主梁钢筋_N2:主梁钢筋_N2:623588,623588,1879.59919,8.00000,0.00000000;0.00000000;-1.00000000,0
2021,467,135730,03ROboBXj84foxBMwZdd92,主梁钢筋_N2:主梁钢筋_N2:623592,623592,1879.59919,8.00000,0.00000000;0.00000000;-1.00000000,0
2022,469,135752,03ROboBXj84foxBMwZdd96,主梁钢筋_N2:主梁钢筋_N2:623596,623596,1879.59919,8.00000,0.00000000;0.00000000;-1.00000000,0
2023,471,135774,03ROboBXj84foxBMwZdd9Q,主梁钢筋_N2:主梁钢筋_N2:623600,623600,1879.59919,8.00000,0.00000000;0.00000000;-1.00000000,0
2024,473,135796,03ROboBXj84foxBMwZdd9U,主梁钢筋_N2:主梁钢筋_N2:623604,623604,1879.59919,8.00000,0.00000000;0.00000000;-1.00000000,0
2025,475,135818,03ROboBXj84foxBMwZdd9I,主梁钢筋_N2:主梁钢筋_N2:623608,623608,1879.59919,8.00000,0.00000000;0.00000000;-1.00000000,0
2026,477,135840,03ROboBXj84foxBMwZdd9M,主梁钢筋_N2:主梁钢筋_N2:623612,623612,1879.59919,8.00000,0.00000000;0.00000000;-1.00000000,0
2027,479,135862,03ROboBXj84foxBMwZddMg,主梁钢筋_N2:主梁钢筋_N2:623616,623616,1879.59919,8.00000,0.00000000;0.00000000;-1.00000000,0
2028,481,135884,03ROboBXj84foxBMwZddMk,主梁钢筋_N2:主梁钢筋_N2:623620,623620,1879.59919,8.00000,0.00000000;0.00000000;-1.00000000,0
2029,483,135906,03ROboBXj84foxBMwZddMc,主梁钢筋_N2:主梁钢筋_N2:623628,623628,1879.59919,8.00000,0.00000000;0.00000000;-1.00000000,0
2030,485,135928,03ROboBXj84foxBMwZddMw,主梁钢筋_N2:主梁钢筋_N2:623632,623632,1879.59919,8.00000,0.00000000;0.00000000;-1.00000000,0
2031,487,135950,03ROboBXj84foxBMwZddM_,主梁钢筋_N2:主梁钢筋_N2:623636,623636,1879.59919,8.00000,0.00000000;0.00000000;-1.00000000,0
2032,489,135972,03ROboBXj84foxBMwZddMo,主梁钢筋_N2:主梁钢筋_N2:623640,623640,1879.59919,8.00000,0.00000000;0.00000000;-1.00000000,0
2033,491,135994,03ROboBXj84foxBMwZddMs,主梁钢筋_N2:主梁钢筋_N2:623644,623644,1879.59919,8.00000,0.00000000;0.00000000;-1.00000000,0
2034,493,136016,03ROboBXj84foxBMwZddMA,主梁钢筋_N2:主梁钢筋_N2:623648,623648,1879.59919,8.00000,0.00000000;0.00000000;-1.00000000,0
2035,495,136038,03ROboBXj84foxBMwZddME,主梁钢筋_N2:主梁钢筋_N2:623652,623652,1879.59919,8.00000,0.00000000;0.00000000;-1.00000000,0
2036,497,136060,03ROboBXj84foxBMwZddM2,主梁钢筋_N2:主梁钢筋_N2:623656,623656,1879.59919,8.00000,0.00000000;0.00000000;-1.00000000,0
2037,499,136082,03ROboBXj84foxBMwZddM6,主梁钢筋_N2:主梁钢筋_N2:623660,623660,1879.59919,8.00000,0.00000000;0.00000000;-1.00000000,0
2038,501,136104,03ROboBXj84foxBMwZddMQ,主梁钢筋_N2:主梁钢筋_N2:623664,623664,1879.59919,8.00000,0.00000000;0.00000000;-1.00000000,0
2039,503,136126,03ROboBXj84foxBMwZddMU,主梁钢筋_N2:主梁钢筋_N2:623668,623668,1879.59919,8.00000,0.00000000;0.00000000;-1.00000000,0
2040,505,136148,03ROboBXj84foxBMwZddMI,主梁钢筋_N2:主梁钢筋_N2:623672,623672,1879.59919,8.00000,0.00000000;0.00000000;-1.00000000,0
2041,507,136170,03ROboBXj84foxBMwZddMM,主梁钢筋_N2:主梁钢筋_N2:623676,623676,1879.59919,8.00000,0.00000000;0.00000000;-1.00000000,0
2042,509,136192,03ROboBXj84foxBMwZddNg,主梁钢筋_N2:主梁钢筋_N2:623680,623680,1879.59919,8.00000,0.00000000;0.00000000;-1.00000000,0
2043,511,136214,03ROboBXj84foxBMwZddNk,主梁钢筋_N2:主梁钢筋_N2:623684,623684,1879.59919,8.00000,0.00000000;0.00000000;-1.00000000,0
2044,513,136236,03ROboBXj84foxBMwZddNY,主梁钢筋_N2:主梁钢筋_N2:623688,623688,1879.59919,8.00000,0.00000000;0.00000000;-1.00000000,0
2045,515,136258,03ROboBXj84foxBMwZddNc,主梁钢筋_N2:主梁钢筋_N2:623692,623692,1879.59919,8.00000,0.00000000;0.00000000;-1.00000000,0
2046,517,136280,03ROboBXj84foxBMwZddNw,主梁钢筋_N2:主梁钢筋_N2:623696,623696,1879.59919,8.00000,0.00000000;0.00000000;-1.00000000,0
2047,519,136302,03ROboBXj84foxBMwZddN_,主梁钢筋_N2:主梁钢筋_N2:623700,623700,1879.59919,8.00000,0.00000000;0.00000000;-1.00000000,0
2048,521,136324,03ROboBXj84foxBMwZddNn,主梁钢筋_N2:主梁钢筋_N2:623707,623707,1879.59919,8.00000,0.00000000;0.00000000;-1.00000000,0
2049,523,136346,03ROboBXj84foxBMwZddN3,主梁钢筋_N2:主梁钢筋_N2:623721,623721,1879.59919,8.00000,0.00000000;0.00000000;-1.00000000,0
2050,525,136368,03ROboBXj84foxBMwZddN7,主梁钢筋_N2:主梁钢筋_N2:623725,623725,1879.59919,8.00000,0.00000000;0.00000000;-1.00000000,0
2051,527,136390,03ROboBXj84foxBMwZddNR,主梁钢筋_N2:主梁钢筋_N2:623729,623729,1879.59919,8.00000,0.00000000;0.00000000;-1.00000000,0
2052,529,136412,03ROboBXj84foxBMwZddNV,主梁钢筋_N2:主梁钢筋_N2:623733,623733,1879.59919,8.00000,0.00000000;0.00000000;-1.00000000,0
2053,531,136434,03ROboBXj84foxBMwZddNJ,主梁钢筋_N2:主梁钢筋_N2:623737,623737,1879.59919,8.00000,0.00000000;0.00000000;-1.00000000,0
2054,533,136456,03ROboBXj84foxBMwZddNN,主梁钢筋_N2:主梁钢筋_N2:623741,623741,1879.59919,8.00000,0.00000000;0.00000000;-1.00000000,0
2055,535,136478,03ROboBXj84foxBMwZddKh,主梁钢筋_N2:主梁钢筋_N2:623745,623745,1879.59919,8.00000,0.00000000;0.00000000;-1.00000000,0
2056,537,136500,03ROboBXj84foxBMwZddKl,主梁钢筋_N2:主梁钢筋_N2:623749,623749,1879.59919,8.00000,0.00000000;0.00000000;-1.00000000,0
2057,539,136522,03ROboBXj84foxBMwZddKZ,主梁钢筋_N2:主梁钢筋_N2:623753,623753,1879.59919,8.00000,0.00000000;0.00000000;-1.00000000,0
2058,541,136544,03ROboBXj84foxBMwZddKd,主梁钢筋_N2:主梁钢筋_N2:623757,623757,1879.59919,8.00000,0.00000000;0.00000000;-1.00000000,0
2059,543,136566,03ROboBXj84foxBMwZddKx,主梁钢筋_N2:主梁钢筋_N2:623761,623761,1879.59919,8.00000,0.00000000;0.00000000;-1.00000000,0
2060,545,136588,03ROboBXj84foxBMwZddK$,主梁钢筋_N2:主梁钢筋_N2:623765,623765,1879.59919,8.00000,0.00000000;0.00000000;-1.00000000,0
2061,547,136610,03ROboBXj84foxBMwZddKp,主梁钢筋_N2:主梁钢筋_N2:623769,623769,1879.59919,8.00000,0.00000000;0.00000000;-1.00000000,0
2062,549,136632,03ROboBXj84foxBMwZddKt,主梁钢筋_N2:主梁钢筋_N2:623773,623773,1879.59919,8.00000,0.00000000;0.00000000;-1.00000000,0
2063,551,136654,03ROboBXj84foxBMwZddJ9,主梁钢筋_N2:主梁钢筋_N2:623971,623971,1879.59919,8.00000,0.00000000;0.00000000;-1.00000000,0
2064,553,136676,03ROboBXj84foxBMwZddJ5,主梁钢筋_N2:主梁钢筋_N2:623983,623983,1879.59919,8.00000,0.00000000;0.00000000;-1.00000000,0
2065,555,136698,03ROboBXj84foxBMwZddJP,主梁钢筋_N2:主梁钢筋_N2:623987,623987,1879.59919,8.00000,0.00000000;0.00000000;-1.00000000,0
2066,557,136720,03ROboBXj84foxBMwZddJT,主梁钢筋_N2:主梁钢筋_N2:623991,623991,1879.59919,8.00000,0.00000000;0.00000000;-1.00000000,0
2067,559,136742,03ROboBXj84foxBMwZddJH,主梁钢筋_N2:主梁钢筋_N2:623995,623995,1879.59919,8.00000,0.00000000;0.00000000;-1.00000000,0
2068,561,136764,03ROboBXj84foxBMwZddJL,主梁钢筋_N2:主梁钢筋_N2:623999,623999,1879.59919,8.00000,0.00000000;0.00000000;-1.00000000,0
2069,563,136786,03ROboBXj84foxBMwZddGf,主梁钢筋_N2:主梁钢筋_N2:624003,624003,1879.59919,8.00000,0.00000000;0.00000000;-1.00000000,0
2070,565,136808,03ROboBXj84foxBMwZddGj,主梁钢筋_N2:主梁钢筋_N2:624007,624007,1879.59919,8.00000,0.00000000;0.00000000;-1.00000000,0
2071,567,136830,03ROboBXj84foxBMwZddGX,主梁钢筋_N2:主梁钢筋_N2:624011,624011,1879.59919,8.00000,0.00000000;0.00000000;-1.00000000,0
2072,569,136852,03ROboBXj84foxBMwZddGb,主梁钢筋_N2:主梁钢筋_N2:624015,624015,1879.59919,8.00000,0.00000000;0.00000000;-1.00000000,0
2073,571,136874,03ROboBXj84foxBMwZddGv,主梁钢筋_N2:主梁钢筋_N2:624019,624019,1879.59919,8.00000,0.00000000;0.00000000;-1.00000000,0
2074,573,136896,03ROboBXj84foxBMwZddGz,主梁钢筋_N2:主梁钢筋_N2:624023,624023,1879.59919,8.00000,0.00000000;0.00000000;-1.00000000,0
2075,575,136918,03ROboBXj84foxBMwZddGn,主梁钢筋_N2:主梁钢筋_N2:624027,624027,1879.59919,8.00000,0.00000000;0.00000000;-1.00000000,0
2076,577,136940,03ROboBXj84foxBMwZddGr,主梁钢筋_N2:主梁钢筋_N2:624031,624031,1879.59919,8.00000,0.00000000;0.00000000;-1.00000000,0
2077,579,136962,03ROboBXj84foxBMwZddG9,主梁钢筋_N2:主梁钢筋_N2:624035,624035,1879.59919,8.00000,0.00000000;0.00000000;-1.00000000,0
2078,581,136984,03ROboBXj84foxBMwZddGD,主梁钢筋_N2:主梁钢筋_N2:624039,624039,1879.59919,8.00000,0.00000000;0.00000000;-1.00000000,0
2079,583,137006,03ROboBXj84foxBMwZddG1,主梁钢筋_N2:主梁钢筋_N2:624043,624043,1879.59919,8.00000,0.00000000;0.00000000;-1.00000000,0
2080,585,137028,03ROboBXj84foxBMwZddG5,主梁钢筋_N2:主梁钢筋_N2:624047,624047,1879.59919,8.00000,0.00000000;0.00000000;-1.00000000,0
2081,587,137050,03ROboBXj84foxBMwZddGP,主梁钢筋_N2:主梁钢筋_N2:624051,624051,1879.59919,8.00000,0.00000000;0.00000000;-1.00000000,0
2082,589,137072,03ROboBXj84foxBMwZddGT,主梁钢筋_N2:主梁钢筋_N2:624055,624055,1879.59919,8.00000,0.00000000;0.00000000;-1.00000000,0
2083,591,137094,03ROboBXj84foxBMwZddGH,主梁钢筋_N2:主梁钢筋_N2:624059,624059,1879.59919,8.00000,0.00000000;0.00000000;-1.00000000,0
2084,593,137116,03ROboBXj84foxBMwZddGL,主梁钢筋_N2:主梁钢筋_N2:624063,624063,1879.59919,8.00000,0.00000000;0.00000000;-1.00000000,0
2085,595,137138,03ROboBXj84foxBMwZddHf,主梁钢筋_N2:主梁钢筋_N2:624067,624067,1879.59919,8.00000,0.00000000;0.00000000;-1.00000000,0
2086,596,137149,03ROboBXj84foxBMwZddHA,主梁钢筋_N2:主梁钢筋_N2:624096,624096,1879.59919,8.00000,0.00000000;0.00000000;-1.00000000,0
2087,278,99910,03ROboBXj84foxBMwZdeyB,主梁钢筋_N2:主梁钢筋_N2:622241,622241,1879.59919,8.00000,0.00000000;0.00000000;-1.00000000,0
2088,332,134245,03ROboBXj84foxBMwZddDj,主梁钢筋_N2:主梁钢筋_N2:623303,623303,1879.59919,8.00000,0.00000000;0.00000000;-1.00000000,0
2089,334,134267,03ROboBXj84foxBMwZddDz,主梁钢筋_N2:主梁钢筋_N2:623319,623319,1879.59919,8.00000,0.00000000;0.00000000;-1.00000000,0
2090,336,134289,03ROboBXj84foxBMwZddDn,主梁钢筋_N2:主梁钢筋_N2:623323,623323,1879.59919,8.00000,0.00000000;0.00000000;-1.00000000,0
2091,338,134311,03ROboBXj84foxBMwZddDr,主梁钢筋_N2:主梁钢筋_N2:623327,623327,1879.59919,8.00000,0.00000000;0.00000000;-1.00000000,0
2092,340,134333,03ROboBXj84foxBMwZddD9,主梁钢筋_N2:主梁钢筋_N2:623331,623331,1879.59919,8.00000,0.00000000;0.00000000;-1.00000000,0
2093,342,134355,03ROboBXj84foxBMwZddDD,主梁钢筋_N2:主梁钢筋_N2:623335,623335,1879.59919,8.00000,0.00000000;0.00000000;-1.00000000,0
2094,344,134377,03ROboBXj84foxBMwZddD1,主梁钢筋_N2:主梁钢筋_N2:623339,623339,1879.59919,8.00000,0.00000000;0.00000000;-1.00000000,0
2095,346,134399,03ROboBXj84foxBMwZddD5,主梁钢筋_N2:主梁钢筋_N2:623343,623343,1879.59919,8.00000,0.00000000;0.00000000;-1.00000000,0
2096,348,134421,03ROboBXj84foxBMwZddDP,主梁钢筋_N2:主梁钢筋_N2:623347,623347,1879.59919,8.00000,0.00000000;0.00000000;-1.00000000,0
2097,350,134443,03ROboBXj84foxBMwZddDT,主梁钢筋_N2:主梁钢筋_N2:623351,623351,1879.59919,8.00000,0.00000000;0.00000000;-1.00000000,0
2098,352,134465,03ROboBXj84foxBMwZddDH,主梁钢筋_N2:主梁钢筋_N2:623355,623355,1879.59919,8.00000,0.00000000;0.00000000;-1.00000000,0
2099,354,134487,03ROboBXj84foxBMwZddDL,主梁钢筋_N2:主梁钢筋_N2:623359,623359,1879.59919,8.00000,0.00000000;0.00000000;-1.00000000,0
2100,356,134509,03ROboBXj84foxBMwZddAf,主梁钢筋_N2:主梁钢筋_N2:623363,623363,1879.59919,8.00000,0.00000000;0.00000000;-1.00000000,0
2101,358,134531,03ROboBXj84foxBMwZddAX,主梁钢筋_N2:主梁钢筋_N2:623371,623371,1879.59919,8.00000,0.00000000;0.00000000;-1.00000000,0
2102,360,134553,03ROboBXj84foxBMwZddAb,主梁钢筋_N2:主梁钢筋_N2:623375,623375,1879.59919,8.00000,0.00000000;0.00000000;-1.00000000,0
2103,362,134575,03ROboBXj84foxBMwZddAv,主梁钢筋_N2:主梁钢筋_N2:623379,623379,1879.59919,8.00000,0.00000000;0.00000000;-1.00000000,0
2104,364,134597,03ROboBXj84foxBMwZddAz,主梁钢筋_N2:主梁钢筋_N2:623383,623383,1879.59919,8.00000,0.00000000;0.00000000;-1.00000000,0
2105,366,134619,03ROboBXj84foxBMwZddAn,主梁钢筋_N2:主梁钢筋_N2:623387,623387,1879.59919,8.00000,0.00000000;0.00000000;-1.00000000,0
2106,368,134641,03ROboBXj84foxBMwZddAr,主梁钢筋_N2:主梁钢筋_N2:623391,623391,1879.59919,8.00000,0.00000000;0.00000000;-1.00000000,0
2107,370,134663,03ROboBXj84foxBMwZddA9,主梁钢筋_N2:主梁钢筋_N2:623395,623395,1879.59919,8.00000,0.00000000;0.00000000;-1.00000000,0
2108,372,134685,03ROboBXj84foxBMwZddAD,主梁钢筋_N2:主梁钢筋_N2:623399,623399,1879.59919,8.00000,0.00000000;0.00000000;-1.00000000,0
2109,374,134707,03ROboBXj84foxBMwZddA1,主梁钢筋_N2:主梁钢筋_N2:623403,623403,1879.59919,8.00000,0.00000000;0.00000000;-1.00000000,0
2110,376,134729,03ROboBXj84foxBMwZddA5,主梁钢筋_N2:主梁钢筋_N2:623407,623407,1879.59919,8.00000,0.00000000;0.00000000;-1.00000000,0
2111,378,134751,03ROboBXj84foxBMwZddAP,主梁钢筋_N2:主梁钢筋_N2:623411,623411,1879.59919,8.00000,0.00000000;0.00000000;-1.00000000,0
2112,380,134773,03ROboBXj84foxBMwZddAT,主梁钢筋_N2:主梁钢筋_N2:623415,623415,1879.59919,8.00000,0.00000000;0.00000000;-1.00000000,0
2113,382,134795,03ROboBXj84foxBMwZddAH,主梁钢筋_N2:主梁钢筋_N2:623419,623419,1879.59919,8.00000,0.00000000;0.00000000;-1.00000000,0
2114,384,134817,03ROboBXj84foxBMwZddAL,主梁钢筋_N2:主梁钢筋_N2:623423,623423,1879.59919,8.00000,0.00000000;0.00000000;-1.00000000,0
2115,386,134839,03ROboBXj84foxBMwZddBf,主梁钢筋_N2:主梁钢筋_N2:623427,623427,1879.59919,8.00000,0.00000000;0.00000000;-1.00000000,0
2116,388,134861,03ROboBXj84foxBMwZddBj,主梁钢筋_N2:主梁钢筋_N2:623431,623431,1879.59919,8.00000,0.00000000;0.00000000;-1.00000000,0
2117,390,134883,03ROboBXj84foxBMwZddBX,主梁钢筋_N2:主梁钢筋_N2:623435,623435,1879.59919,8.00000,0.00000000;0.00000000;-1.00000000,0
2118,392,134905,03ROboBXj84foxBMwZddBb,主梁钢筋_N2:主梁钢筋_N2:623439,623439,1879.59919,8.00000,0.00000000;0.00000000;-1.00000000,0
2119,394,134927,03ROboBXj84foxBMwZddBv,主梁钢筋_N2:主梁钢筋_N2:623443,623443,1879.59919,8.00000,0.00000000;0.00000000;-1.00000000,0
2120,396,134949,03ROboBXj84foxBMwZddBz,主梁钢筋_N2:主梁钢筋_N2:623447,623447,1879.59919,8.00000,0.00000000;0.00000000;-1.00000000,0
2121,398,134971,03ROboBXj84foxBMwZddBn,主梁钢筋_N2:主梁钢筋_N2:623451,623451,1879.59919,8.00000,0.00000000;0.00000000;-1.00000000,0
2122,400,134993,03ROboBXj84foxBMwZddBr,主梁钢筋_N2:主梁钢筋_N2:623455,623455,1879.59919,8.00000,0.00000000;0.00000000;-1.00000000,0
2123,402,135015,03ROboBXj84foxBMwZddB9,主梁钢筋_N2:主梁钢筋_N2:623459,623459,1879.59919,8.00000,0.00000000;0.00000000;-1.00000000,0
2124,404,135037,03ROboBXj84foxBMwZddBD,主梁钢筋_N2:主梁钢筋_N2:623463,623463,1879.59919,8.00000,0.00000000;0.00000000;-1.00000000,0
2125,406,135059,03ROboBXj84foxBMwZddB1,主梁钢筋_N2:主梁钢筋_N2:623467,623467,1879.59919,8.00000,0.00000000;0.00000000;-1.00000000,0
2126,408,135081,03ROboBXj84foxBMwZddB5,主梁钢筋_N2:主梁钢筋_N2:623471,623471,1879.59919,8.00000,0.00000000;0.00000000;-1.00000000,0
2127,410,135103,03ROboBXj84foxBMwZddBP,主梁钢筋_N2:主梁钢筋_N2:623475,623475,1879.59919,8.00000,0.00000000;0.00000000;-1.00000000,0
2128,412,135125,03ROboBXj84foxBMwZddBT,主梁钢筋_N2:主梁钢筋_N2:623479,623479,1879.59919,8.00000,0.00000000;0.00000000;-1.00000000,0
2129,414,135147,03ROboBXj84foxBMwZddBH,主梁钢筋_N2:主梁钢筋_N2:623483,623483,1879.59919,8.00000,0.00000000;0.00000000;-1.00000000,0
2130,416,135169,03ROboBXj84foxBMwZddBL,主梁钢筋_N2:主梁钢筋_N2:623487,623487,1879.59919,8.00000,0.00000000;0.00000000;-1.00000000,0
2131,418,135191,03ROboBXj84foxBMwZdd8f,主梁钢筋_N2:主梁钢筋_N2:623491,623491,1879.59919,8.00000,0.00000000;0.00000000;-1.00000000,0
2132,420,135213,03ROboBXj84foxBMwZdd8X,主梁钢筋_N2:主梁钢筋_N2:623499,623499,1879.59919,8.00000,0.00000000;0.00000000;-1.00000000,0
2133,422,135235,03ROboBXj84foxBMwZdd8b,主梁钢筋_N2:主梁钢筋_N2:623503,623503,1879.59919,8.00000,0.00000000;0.00000000;-1.00000000,0
2134,424,135257,03ROboBXj84foxBMwZdd8v,主梁钢筋_N2:主梁钢筋_N2:623507,623507,1879.59919,8.00000,0.00000000;0.00000000;-1.00000000,0
2135,426,135279,03ROboBXj84foxBMwZdd8z,主梁钢筋_N2:主梁钢筋_N2:623511,623511,1879.59919,8.00000,0.00000000;0.00000000;-1.00000000,0
2136,428,135301,03ROboBXj84foxBMwZdd8n,主梁钢筋_N2:主梁钢筋_N2:623515,623515,1879.59919,8.00000,0.00000000;0.00000000;-1.00000000,0
2137,430,135323,03ROboBXj84foxBMwZdd8r,主梁钢筋_N2:主梁钢筋_N2:623519,623519,1879.59919,8.00000,0.00000000;0.00000000;-1.00000000,0
2138,432,135345,03ROboBXj84foxBMwZdd89,主梁钢筋_N2:主梁钢筋_N2:623523,623523,1879.59919,8.00000,0.00000000;0.00000000;-1.00000000,0
2139,434,135367,03ROboBXj84foxBMwZdd8D,主梁钢筋_N2:主梁钢筋_N2:623527,623527,1879.59919,8.00000,0.00000000;0.00000000;-1.00000000,0
2140,436,135389,03ROboBXj84foxBMwZdd81,主梁钢筋_N2:主梁钢筋_N2:623531,623531,1879.59919,8.00000,0.00000000;0.00000000;-1.00000000,0
2141,438,135411,03ROboBXj84foxBMwZdd85,主梁钢筋_N2:主梁钢筋_N2:623535,623535,1879.59919,8.00000,0.00000000;0.00000000;-1.00000000,0
2142,440,135433,03ROboBXj84foxBMwZdd8P,主梁钢筋_N2:主梁钢筋_N2:623539,623539,1879.59919,8.00000,0.00000000;0.00000000;-1.00000000,0
2143,442,135455,03ROboBXj84foxBMwZdd8T,主梁钢筋_N2:主梁钢筋_N2:623543,623543,1879.59919,8.00000,0.00000000;0.00000000;-1.00000000,0
2144,444,135477,03ROboBXj84foxBMwZdd8H,主梁钢筋_N2:主梁钢筋_N2:623547,623547,1879.59919,8.00000,0.00000000;0.00000000;-1.00000000,0
2145,446,135499,03ROboBXj84foxBMwZdd8L,主梁钢筋_N2:主梁钢筋_N2:623551,623551,1879.59919,8.00000,0.00000000;0.00000000;-1.00000000,0
2146,448,135521,03ROboBXj84foxBMwZdd9f,主梁钢筋_N2:主梁钢筋_N2:623555,623555,1879.59919,8.00000,0.00000000;0.00000000;-1.00000000,0
2147,450,135543,03ROboBXj84foxBMwZdd9j,主梁钢筋_N2:主梁钢筋_N2:623559,623559,1879.59919,8.00000,0.00000000;0.00000000;-1.00000000,0
2148,452,135565,03ROboBXj84foxBMwZdd9X,主梁钢筋_N2:主梁钢筋_N2:623563,623563,1879.59919,8.00000,0.00000000;0.00000000;-1.00000000,0
2149,454,135587,03ROboBXj84foxBMwZdd9b,主梁钢筋_N2:主梁钢筋_N2:623567,623567,1879.59919,8.00000,0.00000000;0.00000000;-1.00000000,0
2150,456,135609,03ROboBXj84foxBMwZdd9v,主梁钢筋_N2:主梁钢筋_N2:623571,623571,1879.59919,8.00000,0.00000000;0.00000000;-1.00000000,0
2151,458,135631,03ROboBXj84foxBMwZdd9z,主梁钢筋_N2:主梁钢筋_N2:623575,623575,1879.59919,8.00000,0.00000000;0.00000000;-1.00000000,0
2152,460,135653,03ROboBXj84foxBMwZdd9n,主梁钢筋_N2:主梁钢筋_N2:623579,623579,1879.59919,8.00000,0.00000000;0.00000000;-1.00000000,0
2153,462,135675,03ROboBXj84foxBMwZdd9r,主梁钢筋_N2:主梁钢筋_N2:623583,623583,1879.59919,8.00000,0.00000000;0.00000000;-1.00000000,0
2154,464,135697,03ROboBXj84foxBMwZdd99,主梁钢筋_N2:主梁钢筋_N2:623587,623587,1879.59919,8.00000,0.00000000;0.00000000;-1.00000000,0
2155,466,135719,03ROboBXj84foxBMwZdd9D,主梁钢筋_N2:主梁钢筋_N2:623591,623591,1879.59919,8.00000,0.00000000;0.00000000;-1.00000000,0
2156,468,135741,03ROboBXj84foxBMwZdd91,主梁钢筋_N2:主梁钢筋_N2:623595,623595,1879.59919,8.00000,0.00000000;0.00000000;-1.00000000,0
2157,470,135763,03ROboBXj84foxBMwZdd95,主梁钢筋_N2:主梁钢筋_N2:623599,623599,1879.59919,8.00000,0.00000000;0.00000000;-1.00000000,0
2158,472,135785,03ROboBXj84foxBMwZdd9P,主梁钢筋_N2:主梁钢筋_N2:623603,623603,1879.59919,8.00000,0.00000000;0.00000000;-1.00000000,0
2159,474,135807,03ROboBXj84foxBMwZdd9T,主梁钢筋_N2:主梁钢筋_N2:623607,623607,1879.59919,8.00000,0.00000000;0.00000000;-1.00000000,0
2160,476,135829,03ROboBXj84foxBMwZdd9H,主梁钢筋_N2:主梁钢筋_N2:623611,623611,1879.59919,8.00000,0.00000000;0.00000000;-1.00000000,0
2161,478,135851,03ROboBXj84foxBMwZdd9L,主梁钢筋_N2:主梁钢筋_N2:623615,623615,1879.59919,8.00000,0.00000000;0.00000000;-1.00000000,0
2162,480,135873,03ROboBXj84foxBMwZddMf,主梁钢筋_N2:主梁钢筋_N2:623619,623619,1879.59919,8.00000,0.00000000;0.00000000;-1.00000000,0
2163,482,135895,03ROboBXj84foxBMwZddMX,主梁钢筋_N2:主梁钢筋_N2:623627,623627,1879.59919,8.00000,0.00000000;0.00000000;-1.00000000,0
2164,484,135917,03ROboBXj84foxBMwZddMb,主梁钢筋_N2:主梁钢筋_N2:623631,623631,1879.59919,8.00000,0.00000000;0.00000000;-1.00000000,0
2165,486,135939,03ROboBXj84foxBMwZddMv,主梁钢筋_N2:主梁钢筋_N2:623635,623635,1879.59919,8.00000,0.00000000;0.00000000;-1.00000000,0
2166,488,135961,03ROboBXj84foxBMwZddMz,主梁钢筋_N2:主梁钢筋_N2:623639,623639,1879.59919,8.00000,0.00000000;0.00000000;-1.00000000,0
2167,490,135983,03ROboBXj84foxBMwZddMn,主梁钢筋_N2:主梁钢筋_N2:623643,623643,1879.59919,8.00000,0.00000000;0.00000000;-1.00000000,0
2168,492,136005,03ROboBXj84foxBMwZddMr,主梁钢筋_N2:主梁钢筋_N2:623647,623647,1879.59919,8.00000,0.00000000;0.00000000;-1.00000000,0
2169,494,136027,03ROboBXj84foxBMwZddM9,主梁钢筋_N2:主梁钢筋_N2:623651,623651,1879.59919,8.00000,0.00000000;0.00000000;-1.00000000,0
2170,496,136049,03ROboBXj84foxBMwZddMD,主梁钢筋_N2:主梁钢筋_N2:623655,623655,1879.59919,8.00000,0.00000000;0.00000000;-1.00000000,0
2171,498,136071,03ROboBXj84foxBMwZddM1,主梁钢筋_N2:主梁钢筋_N2:623659,623659,1879.59919,8.00000,0.00000000;0.00000000;-1.00000000,0
2172,500,136093,03ROboBXj84foxBMwZddM5,主梁钢筋_N2:主梁钢筋_N2:623663,623663,1879.59919,8.00000,0.00000000;0.00000000;-1.00000000,0
2173,502,136115,03ROboBXj84foxBMwZddMP,主梁钢筋_N2:主梁钢筋_N2:623667,623667,1879.59919,8.00000,0.00000000;0.00000000;-1.00000000,0
2174,504,136137,03ROboBXj84foxBMwZddMT,主梁钢筋_N2:主梁钢筋_N2:623671,623671,1879.59919,8.00000,0.00000000;0.00000000;-1.00000000,0
2175,506,136159,03ROboBXj84foxBMwZddMH,主梁钢筋_N2:主梁钢筋_N2:623675,623675,1879.59919,8.00000,0.00000000;0.00000000;-1.00000000,0
2176,508,136181,03ROboBXj84foxBMwZddML,主梁钢筋_N2:主梁钢筋_N2:623679,623679,1879.59919,8.00000,0.00000000;0.00000000;-1.00000000,0
2177,510,136203,03ROboBXj84foxBMwZddNf,主梁钢筋_N2:主梁钢筋_N2:623683,623683,1879.59919,8.00000,0.00000000;0.00000000;-1.00000000,0
2178,512,136225,03ROboBXj84foxBMwZddNj,主梁钢筋_N2:主梁钢筋_N2:623687,623687,1879.59919,8.00000,0.00000000;0.00000000;-1.00000000,0
2179,514,136247,03ROboBXj84foxBMwZddNX,主梁钢筋_N2:主梁钢筋_N2:623691,623691,1879.59919,8.00000,0.00000000;0.00000000;-1.00000000,0
2180,516,136269,03ROboBXj84foxBMwZddNb,主梁钢筋_N2:主梁钢筋_N2:623695,623695,1879.59919,8.00000,0.00000000;0.00000000;-1.00000000,0
2181,518,136291,03ROboBXj84foxBMwZddNv,主梁钢筋_N2:主梁钢筋_N2:623699,623699,1879.59919,8.00000,0.00000000;0.00000000;-1.00000000,0
2182,520,136313,03ROboBXj84foxBMwZddNm,主梁钢筋_N2:主梁钢筋_N2:623706,623706,1879.59919,8.00000,0.00000000;0.00000000;-1.00000000,0
2183,522,136335,03ROboBXj84foxBMwZddN2,主梁钢筋_N2:主梁钢筋_N2:623720,623720,1879.59919,8.00000,0.00000000;0.00000000;-1.00000000,0
2184,524,136357,03ROboBXj84foxBMwZddN6,主梁钢筋_N2:主梁钢筋_N2:623724,623724,1879.59919,8.00000,0.00000000;0.00000000;-1.00000000,0
2185,526,136379,03ROboBXj84foxBMwZddNQ,主梁钢筋_N2:主梁钢筋_N2:623728,623728,1879.59919,8.00000,0.00000000;0.00000000;-1.00000000,0
2186,528,136401,03ROboBXj84foxBMwZddNU,主梁钢筋_N2:主梁钢筋_N2:623732,623732,1879.59919,8.00000,0.00000000;0.00000000;-1.00000000,0
2187,530,136423,03ROboBXj84foxBMwZddNI,主梁钢筋_N2:主梁钢筋_N2:623736,623736,1879.59919,8.00000,0.00000000;0.00000000;-1.00000000,0
2188,532,136445,03ROboBXj84foxBMwZddNM,主梁钢筋_N2:主梁钢筋_N2:623740,623740,1879.59919,8.00000,0.00000000;0.00000000;-1.00000000,0
2189,534,136467,03ROboBXj84foxBMwZddKg,主梁钢筋_N2:主梁钢筋_N2:623744,623744,1879.59919,8.00000,0.00000000;0.00000000;-1.00000000,0
2190,536,136489,03ROboBXj84foxBMwZddKk,主梁钢筋_N2:主梁钢筋_N2:623748,623748,1879.59919,8.00000,0.00000000;0.00000000;-1.00000000,0
2191,538,136511,03ROboBXj84foxBMwZddKY,主梁钢筋_N2:主梁钢筋_N2:623752,623752,1879.59919,8.00000,0.00000000;0.00000000;-1.00000000,0
2192,540,136533,03ROboBXj84foxBMwZddKc,主梁钢筋_N2:主梁钢筋_N2:623756,623756,1879.59919,8.00000,0.00000000;0.00000000;-1.00000000,0
2193,542,136555,03ROboBXj84foxBMwZddKw,主梁钢筋_N2:主梁钢筋_N2:623760,623760,1879.59919,8.00000,0.00000000;0.00000000;-1.00000000,0
2194,544,136577,03ROboBXj84foxBMwZddK_,主梁钢筋_N2:主梁钢筋_N2:623764,623764,1879.59919,8.00000,0.00000000;0.00000000;-1.00000000,0
2195,546,136599,03ROboBXj84foxBMwZddKo,主梁钢筋_N2:主梁钢筋_N2:623768,623768,1879.59919,8.00000,0.00000000;0.00000000;-1.00000000,0
2196,548,136621,03ROboBXj84foxBMwZddKs,主梁钢筋_N2:主梁钢筋_N2:623772,623772,1879.59919,8.00000,0.00000000;0.00000000;-1.00000000,0
2197,550,136643,03ROboBXj84foxBMwZddJ8,主梁钢筋_N2:主梁钢筋_N2:623970,623970,1879.59919,8.00000,0.00000000;0.00000000;-1.00000000,0
2198,552,136665,03ROboBXj84foxBMwZddJ4,主梁钢筋_N2:主梁钢筋_N2:623982,623982,1879.59919,8.00000,0.00000000;0.00000000;-1.00000000,0
2199,554,136687,03ROboBXj84foxBMwZddJO,主梁钢筋_N2:主梁钢筋_N2:623986,623986,1879.59919,8.00000,0.00000000;0.00000000;-1.00000000,0
2200,556,136709,03ROboBXj84foxBMwZddJS,主梁钢筋_N2:主梁钢筋_N2:623990,623990,1879.59919,8.00000,0.00000000;0.00000000;-1.00000000,0
2201,558,136731,03ROboBXj84foxBMwZddJG,主梁钢筋_N2:主梁钢筋_N2:623994,623994,1879.59919,8.00000,0.00000000;0.00000000;-1.00000000,0
2202,560,136753,03ROboBXj84foxBMwZddJK,主梁钢筋_N2:主梁钢筋_N2:623998,623998,1879.59919,8.00000,0.00000000;0.00000000;-1.00000000,0
2203,562,136775,03ROboBXj84foxBMwZddGe,主梁钢筋_N2:主梁钢筋_N2:624002,624002,1879.59919,8.00000,0.00000000;0.00000000;-1.00000000,0
2204,564,136797,03ROboBXj84foxBMwZddGi,主梁钢筋_N2:主梁钢筋_N2:624006,624006,1879.59919,8.00000,0.00000000;0.00000000;-1.00000000,0
2205,566,136819,03ROboBXj84foxBMwZddGW,主梁钢筋_N2:主梁钢筋_N2:624010,624010,1879.59919,8.00000,0.00000000;0.00000000;-1.00000000,0
2206,568,136841,03ROboBXj84foxBMwZddGa,主梁钢筋_N2:主梁钢筋_N2:624014,624014,1879.59919,8.00000,0.00000000;0.00000000;-1.00000000,0
2207,570,136863,03ROboBXj84foxBMwZddGu,主梁钢筋_N2:主梁钢筋_N2:624018,624018,1879.59919,8.00000,0.00000000;0.00000000;-1.00000000,0
2208,572,136885,03ROboBXj84foxBMwZddGy,主梁钢筋_N2:主梁钢筋_N2:624022,624022,1879.59919,8.00000,0.00000000;0.00000000;-1.00000000,0
2209,574,136907,03ROboBXj84foxBMwZddGm,主梁钢筋_N2:主梁钢筋_N2:624026,624026,1879.59919,8.00000,0.00000000;0.00000000;-1.00000000,0
2210,576,136929,03ROboBXj84foxBMwZddGq,主梁钢筋_N2:主梁钢筋_N2:624030,624030,1879.59919,8.00000,0.00000000;0.00000000;-1.00000000,0
2211,578,136951,03ROboBXj84foxBMwZddG8,主梁钢筋_N2:主梁钢筋_N2:624034,624034,1879.59919,8.00000,0.00000000;0.00000000;-1.00000000,0
2212,580,136973,03ROboBXj84foxBMwZddGC,主梁钢筋_N2:主梁钢筋_N2:624038,624038,1879.59919,8.00000,0.00000000;0.00000000;-1.00000000,0
2213,582,136995,03ROboBXj84foxBMwZddG0,主梁钢筋_N2:主梁钢筋_N2:624042,624042,1879.59919,8.00000,0.00000000;0.00000000;-1.00000000,0
2214,584,137017,03ROboBXj84foxBMwZddG4,主梁钢筋_N2:主梁钢筋_N2:624046,624046,1879.59919,8.00000,0.00000000;0.00000000;-1.00000000,0
2215,586,137039,03ROboBXj84foxBMwZddGO,主梁钢筋_N2:主梁钢筋_N2:624050,624050,1879.59919,8.00000,0.00000000;0.00000000;-1.00000000,0
2216,588,137061,03ROboBXj84foxBMwZddGS,主梁钢筋_N2:主梁钢筋_N2:624054,624054,1879.59919,8.00000,0.00000000;0.00000000;-1.00000000,0
2217,590,137083,03ROboBXj84foxBMwZddGG,主梁钢筋_N2:主梁钢筋_N2:624058,624058,1879.59919,8.00000,0.00000000;0.00000000;-1.00000000,0
2218,592,137105,03ROboBXj84foxBMwZddGK,主梁钢筋_N2:主梁钢筋_N2:624062,624062,1879.59919,8.00000,0.00000000;0.00000000;-1.00000000,0
2219,594,137127,03ROboBXj84foxBMwZddHe,主梁钢筋_N2:主梁钢筋_N2:624066,624066,1879.59919,8.00000,0.00000000;0.00000000;-1.00000000,0
2220,883,143703,03ROboBXj84foxBMwZdd_u,主梁钢筋_N2:主梁钢筋_N2:626194,626194,1879.59919,8.00000,0.00000000;0.00000000;-1.00000000,0
2221,881,143681,03ROboBXj84foxBMwZdd_a,主梁钢筋_N2:主梁钢筋_N2:626190,626190,1879.59919,8.00000,0.00000000;0.00000000;-1.00000000,0
2222,879,143659,03ROboBXj84foxBMwZdd_W,主梁钢筋_N2:主梁钢筋_N2:626186,626186,1879.59919,8.00000,0.00000000;0.00000000;-1.00000000,0
2223,877,143637,03ROboBXj84foxBMwZdd_i,主梁钢筋_N2:主梁钢筋_N2:626182,626182,1879.59919,8.00000,0.00000000;0.00000000;-1.00000000,0
2224,875,143615,03ROboBXj84foxBMwZdd_e,主梁钢筋_N2:主梁钢筋_N2:626178,626178,1879.59919,8.00000,0.00000000;0.00000000;-1.00000000,0
2225,873,143593,03ROboBXj84foxBMwZddnK,主梁钢筋_N2:主梁钢筋_N2:626174,626174,1879.59919,8.00000,0.00000000;0.00000000;-1.00000000,0
2226,871,143571,03ROboBXj84foxBMwZddnG,主梁钢筋_N2:主梁钢筋_N2:626170,626170,1879.59919,8.00000,0.00000000;0.00000000;-1.00000000,0
2227,869,143549,03ROboBXj84foxBMwZddnS,主梁钢筋_N2:主梁钢筋_N2:626166,626166,1879.59919,8.00000,0.00000000;0.00000000;-1.00000000,0
2228,867,143527,03ROboBXj84foxBMwZddnO,主梁钢筋_N2:主梁钢筋_N2:626162,626162,1879.59919,8.00000,0.00000000;0.00000000;-1.00000000,0
2229,865,143505,03ROboBXj84foxBMwZddn4,主梁钢筋_N2:主梁钢筋_N2:626158,626158,1879.59919,8.00000,0.00000000;0.00000000;-1.00000000,0
2230,863,143483,03ROboBXj84foxBMwZddn0,主梁钢筋_N2:主梁钢筋_N2:626154,626154,1879.59919,8.00000,0.00000000;0.00000000;-1.00000000,0
2231,861,143461,03ROboBXj84foxBMwZddnC,主梁钢筋_N2:主梁钢筋_N2:626150,626150,1879.59919,8.00000,0.00000000;0.00000000;-1.00000000,0
2232,859,143439,03ROboBXj84foxBMwZddn8,主梁钢筋_N2:主梁钢筋_N2:626146,626146,1879.59919,8.00000,0.00000000;0.00000000;-1.00000000,0
2233,857,143417,03ROboBXj84foxBMwZddnq,主梁钢筋_N2:主梁钢筋_N2:626142,626142,1879.59919,8.00000,0.00000000;0.00000000;-1.00000000,0
2234,855,143395,03ROboBXj84foxBMwZddnm,主梁钢筋_N2:主梁钢筋_N2:626138,626138,1879.59919,8.00000,0.00000000;0.00000000;-1.00000000,0
2235,853,143373,03ROboBXj84foxBMwZddny,主梁钢筋_N2:主梁钢筋_N2:626134,626134,1879.59919,8.00000,0.00000000;0.00000000;-1.00000000,0
2236,851,143351,03ROboBXj84foxBMwZddnu,主梁钢筋_N2:主梁钢筋_N2:626130,626130,1879.59919,8.00000,0.00000000;0.00000000;-1.00000000,0
2237,849,143329,03ROboBXj84foxBMwZddna,主梁钢筋_N2:主梁钢筋_N2:626126,626126,1879.59919,8.00000,0.00000000;0.00000000;-1.00000000,0
2238,847,143307,03ROboBXj84foxBMwZddnW,主梁钢筋_N2:主梁钢筋_N2:626122,626122,1879.59919,8.00000,0.00000000;0.00000000;-1.00000000,0
2239,845,143285,03ROboBXj84foxBMwZddni,主梁钢筋_N2:主梁钢筋_N2:626118,626118,1879.59919,8.00000,0.00000000;0.00000000;-1.00000000,0
2240,843,143263,03ROboBXj84foxBMwZddne,主梁钢筋_N2:主梁钢筋_N2:626114,626114,1879.59919,8.00000,0.00000000;0.00000000;-1.00000000,0
2241,841,143241,03ROboBXj84foxBMwZddmK,主梁钢筋_N2:主梁钢筋_N2:626110,626110,1879.59919,8.00000,0.00000000;0.00000000;-1.00000000,0
2242,839,143219,03ROboBXj84foxBMwZddmG,主梁钢筋_N2:主梁钢筋_N2:626106,626106,1879.59919,8.00000,0.00000000;0.00000000;-1.00000000,0
2243,837,143197,03ROboBXj84foxBMwZddmS,主梁钢筋_N2:主梁钢筋_N2:626102,626102,1879.59919,8.00000,0.00000000;0.00000000;-1.00000000,0
2244,835,143175,03ROboBXj84foxBMwZddmO,主梁钢筋_N2:主梁钢筋_N2:626098,626098,1879.59919,8.00000,0.00000000;0.00000000;-1.00000000,0
2245,833,143153,03ROboBXj84foxBMwZddm4,主梁钢筋_N2:主梁钢筋_N2:626094,626094,1879.59919,8.00000,0.00000000;0.00000000;-1.00000000,0
2246,831,143131,03ROboBXj84foxBMwZddm0,主梁钢筋_N2:主梁钢筋_N2:626090,626090,1879.59919,8.00000,0.00000000;0.00000000;-1.00000000,0
2247,829,143109,03ROboBXj84foxBMwZddmC,主梁钢筋_N2:主梁钢筋_N2:626086,626086,1879.59919,8.00000,0.00000000;0.00000000;-1.00000000,0
2248,827,143087,03ROboBXj84foxBMwZddm8,主梁钢筋_N2:主梁钢筋_N2:626082,626082,1879.59919,8.00000,0.00000000;0.00000000;-1.00000000,0
2249,825,143065,03ROboBXj84foxBMwZddmq,主梁钢筋_N2:主梁钢筋_N2:626078,626078,1879.59919,8.00000,0.00000000;0.00000000;-1.00000000,0
2250,823,143043,03ROboBXj84foxBMwZddmm,主梁钢筋_N2:主梁钢筋_N2:626074,626074,1879.59919,8.00000,0.00000000;0.00000000;-1.00000000,0
2251,821,143021,03ROboBXj84foxBMwZddmy,主梁钢筋_N2:主梁钢筋_N2:626070,626070,1879.59919,8.00000,0.00000000;0.00000000;-1.00000000,0
2252,819,142999,03ROboBXj84foxBMwZddmu,主梁钢筋_N2:主梁钢筋_N2:626066,626066,1879.59919,8.00000,0.00000000;0.00000000;-1.00000000,0
2253,817,142977,03ROboBXj84foxBMwZddma,主梁钢筋_N2:主梁钢筋_N2:626062,626062,1879.59919,8.00000,0.00000000;0.00000000;-1.00000000,0
2254,815,142955,03ROboBXj84foxBMwZddmW,主梁钢筋_N2:主梁钢筋_N2:626058,626058,1879.59919,8.00000,0.00000000;0.00000000;-1.00000000,0
2255,813,142933,03ROboBXj84foxBMwZddmi,主梁钢筋_N2:主梁钢筋_N2:626054,626054,1879.59919,8.00000,0.00000000;0.00000000;-1.00000000,0
2256,811,142911,03ROboBXj84foxBMwZddme,主梁钢筋_N2:主梁钢筋_N2:626050,626050,1879.59919,8.00000,0.00000000;0.00000000;-1.00000000,0
2257,809,142889,03ROboBXj84foxBMwZddpK,主梁钢筋_N2:主梁钢筋_N2:626046,626046,1879.59919,8.00000,0.00000000;0.00000000;-1.00000000,0
2258,807,142867,03ROboBXj84foxBMwZddpG,主梁钢筋_N2:主梁钢筋_N2:626042,626042,1879.59919,8.00000,0.00000000;0.00000000;-1.00000000,0
2259,805,142845,03ROboBXj84foxBMwZddpS,主梁钢筋_N2:主梁钢筋_N2:626038,626038,1879.59919,8.00000,0.00000000;0.00000000;-1.00000000,0
2260,803,142823,03ROboBXj84foxBMwZddpO,主梁钢筋_N2:主梁钢筋_N2:626034,626034,1879.59919,8.00000,0.00000000;0.00000000;-1.00000000,0
2261,801,142801,03ROboBXj84foxBMwZddp4,主梁钢筋_N2:主梁钢筋_N2:626030,626030,1879.59919,8.00000,0.00000000;0.00000000;-1.00000000,0
2262,799,142779,03ROboBXj84foxBMwZddp0,主梁钢筋_N2:主梁钢筋_N2:626026,626026,1879.59919,8.00000,0.00000000;0.00000000;-1.00000000,0
2263,797,142757,03ROboBXj84foxBMwZddpC,主梁钢筋_N2:主梁钢筋_N2:626022,626022,1879.59919,8.00000,0.00000000;0.00000000;-1.00000000,0
2264,795,142735,03ROboBXj84foxBMwZddp8,主梁钢筋_N2:主梁钢筋_N2:626018,626018,1879.59919,8.00000,0.00000000;0.00000000;-1.00000000,0
2265,793,142713,03ROboBXj84foxBMwZddpq,主梁钢筋_N2:主梁钢筋_N2:626014,626014,1879.59919,8.00000,0.00000000;0.00000000;-1.00000000,0
2266,791,142691,03ROboBXj84foxBMwZddpm,主梁钢筋_N2:主梁钢筋_N2:626010,626010,1879.59919,8.00000,0.00000000;0.00000000;-1.00000000,0
2267,789,142669,03ROboBXj84foxBMwZddpy,主梁钢筋_N2:主梁钢筋_N2:626006,626006,1879.59919,8.00000,0.00000000;0.00000000;-1.00000000,0
2268,787,142647,03ROboBXj84foxBMwZddpu,主梁钢筋_N2:主梁钢筋_N2:626002,626002,1879.59919,8.00000,0.00000000;0.00000000;-1.00000000,0
2269,785,142625,03ROboBXj84foxBMwZddpa,主梁钢筋_N2:主梁钢筋_N2:625998,625998,1879.59919,8.00000,0.00000000;0.00000000;-1.00000000,0
2270,783,142603,03ROboBXj84foxBMwZddpW,主梁钢筋_N2:主梁钢筋_N2:625994,625994,1879.59919,8.00000,0.00000000;0.00000000;-1.00000000,0
2271,781,142581,03ROboBXj84foxBMwZddpi,主梁钢筋_N2:主梁钢筋_N2:625990,625990,1879.59919,8.00000,0.00000000;0.00000000;-1.00000000,0
2272,779,142559,03ROboBXj84foxBMwZddpe,主梁钢筋_N2:主梁钢筋_N2:625986,625986,1879.59919,8.00000,0.00000000;0.00000000;-1.00000000,0
2273,777,142537,03ROboBXj84foxBMwZddoK,主梁钢筋_N2:主梁钢筋_N2:625982,625982,1879.59919,8.00000,0.00000000;0.00000000;-1.00000000,0
2274,775,142515,03ROboBXj84foxBMwZddoG,主梁钢筋_N2:主梁钢筋_N2:625978,625978,1879.59919,8.00000,0.00000000;0.00000000;-1.00000000,0
2275,773,142493,03ROboBXj84foxBMwZddoS,主梁钢筋_N2:主梁钢筋_N2:625974,625974,1879.59919,8.00000,0.00000000;0.00000000;-1.00000000,0
2276,771,142471,03ROboBXj84foxBMwZddoO,主梁钢筋_N2:主梁钢筋_N2:625970,625970,1879.59919,8.00000,0.00000000;0.00000000;-1.00000000,0
2277,769,142449,03ROboBXj84foxBMwZddo4,主梁钢筋_N2:主梁钢筋_N2:625966,625966,1879.59919,8.00000,0.00000000;0.00000000;-1.00000000,0
2278,767,142427,03ROboBXj84foxBMwZddo0,主梁钢筋_N2:主梁钢筋_N2:625962,625962,1879.59919,8.00000,0.00000000;0.00000000;-1.00000000,0
2279,765,142405,03ROboBXj84foxBMwZddoC,主梁钢筋_N2:主梁钢筋_N2:625958,625958,1879.59919,8.00000,0.00000000;0.00000000;-1.00000000,0
2280,763,142383,03ROboBXj84foxBMwZddo8,主梁钢筋_N2:主梁钢筋_N2:625954,625954,1879.59919,8.00000,0.00000000;0.00000000;-1.00000000,0
2281,761,142361,03ROboBXj84foxBMwZddoq,主梁钢筋_N2:主梁钢筋_N2:625950,625950,1879.59919,8.00000,0.00000000;0.00000000;-1.00000000,0
2282,759,142339,03ROboBXj84foxBMwZddom,主梁钢筋_N2:主梁钢筋_N2:625946,625946,1879.59919,8.00000,0.00000000;0.00000000;-1.00000000,0
2283,757,142317,03ROboBXj84foxBMwZddoy,主梁钢筋_N2:主梁钢筋_N2:625942,625942,1879.59919,8.00000,0.00000000;0.00000000;-1.00000000,0
2284,755,142295,03ROboBXj84foxBMwZddou,主梁钢筋_N2:主梁钢筋_N2:625938,625938,1879.59919,8.00000,0.00000000;0.00000000;-1.00000000,0
2285,753,142273,03ROboBXj84foxBMwZddoa,主梁钢筋_N2:主梁钢筋_N2:625934,625934,1879.59919,8.00000,0.00000000;0.00000000;-1.00000000,0
2286,751,142251,03ROboBXj84foxBMwZddoW,主梁钢筋_N2:主梁钢筋_N2:625930,625930,1879.59919,8.00000,0.00000000;0.00000000;-1.00000000,0
2287,749,142229,03ROboBXj84foxBMwZddoi,主梁钢筋_N2:主梁钢筋_N2:625926,625926,1879.59919,8.00000,0.00000000;0.00000000;-1.00000000,0
2288,747,142207,03ROboBXj84foxBMwZddoe,主梁钢筋_N2:主梁钢筋_N2:625922,625922,1879.59919,8.00000,0.00000000;0.00000000;-1.00000000,0
2289,745,142185,03ROboBXj84foxBMwZddrK,主梁钢筋_N2:主梁钢筋_N2:625918,625918,1879.59919,8.00000,0.00000000;0.00000000;-1.00000000,0
2290,743,142163,03ROboBXj84foxBMwZddrG,主梁钢筋_N2:主梁钢筋_N2:625914,625914,1879.59919,8.00000,0.00000000;0.00000000;-1.00000000,0
2291,741,142141,03ROboBXj84foxBMwZddrS,主梁钢筋_N2:主梁钢筋_N2:625910,625910,1879.59919,8.00000,0.00000000;0.00000000;-1.00000000,0
2292,739,142119,03ROboBXj84foxBMwZddrO,主梁钢筋_N2:主梁钢筋_N2:625906,625906,1879.59919,8.00000,0.00000000;0.00000000;-1.00000000,0
2293,737,142097,03ROboBXj84foxBMwZddr4,主梁钢筋_N2:主梁钢筋_N2:625902,625902,1879.59919,8.00000,0.00000000;0.00000000;-1.00000000,0
2294,735,142075,03ROboBXj84foxBMwZddr0,主梁钢筋_N2:主梁钢筋_N2:625898,625898,1879.59919,8.00000,0.00000000;0.00000000;-1.00000000,0
2295,733,142053,03ROboBXj84foxBMwZddrC,主梁钢筋_N2:主梁钢筋_N2:625894,625894,1879.59919,8.00000,0.00000000;0.00000000;-1.00000000,0
2296,731,142031,03ROboBXj84foxBMwZddr8,主梁钢筋_N2:主梁钢筋_N2:625890,625890,1879.59919,8.00000,0.00000000;0.00000000;-1.00000000,0
2297,729,142009,03ROboBXj84foxBMwZddrq,主梁钢筋_N2:主梁钢筋_N2:625886,625886,1879.59919,8.00000,0.00000000;0.00000000;-1.00000000,0
2298,727,141987,03ROboBXj84foxBMwZddrm,主梁钢筋_N2:主梁钢筋_N2:625882,625882,1879.59919,8.00000,0.00000000;0.00000000;-1.00000000,0
2299,725,141965,03ROboBXj84foxBMwZddry,主梁钢筋_N2:主梁钢筋_N2:625878,625878,1879.59919,8.00000,0.00000000;0.00000000;-1.00000000,0
2300,723,141943,03ROboBXj84foxBMwZddru,主梁钢筋_N2:主梁钢筋_N2:625874,625874,1879.59919,8.00000,0.00000000;0.00000000;-1.00000000,0
2301,721,141921,03ROboBXj84foxBMwZddra,主梁钢筋_N2:主梁钢筋_N2:625870,625870,1879.59919,8.00000,0.00000000;0.00000000;-1.00000000,0
2302,719,141899,03ROboBXj84foxBMwZddrW,主梁钢筋_N2:主梁钢筋_N2:625866,625866,1879.59919,8.00000,0.00000000;0.00000000;-1.00000000,0
2303,717,141877,03ROboBXj84foxBMwZddri,主梁钢筋_N2:主梁钢筋_N2:625862,625862,1879.59919,8.00000,0.00000000;0.00000000;-1.00000000,0
2304,715,141855,03ROboBXj84foxBMwZddre,主梁钢筋_N2:主梁钢筋_N2:625858,625858,1879.59919,8.00000,0.00000000;0.00000000;-1.00000000,0
2305,713,141833,03ROboBXj84foxBMwZddqK,主梁钢筋_N2:主梁钢筋_N2:625854,625854,1879.59919,8.00000,0.00000000;0.00000000;-1.00000000,0
2306,711,141811,03ROboBXj84foxBMwZddqG,主梁钢筋_N2:主梁钢筋_N2:625850,625850,1879.59919,8.00000,0.00000000;0.00000000;-1.00000000,0
2307,709,141789,03ROboBXj84foxBMwZddqS,主梁钢筋_N2:主梁钢筋_N2:625846,625846,1879.59919,8.00000,0.00000000;0.00000000;-1.00000000,0
2308,707,141767,03ROboBXj84foxBMwZddqO,主梁钢筋_N2:主梁钢筋_N2:625842,625842,1879.59919,8.00000,0.00000000;0.00000000;-1.00000000,0
2309,705,141745,03ROboBXj84foxBMwZddq4,主梁钢筋_N2:主梁钢筋_N2:625838,625838,1879.59919,8.00000,0.00000000;0.00000000;-1.00000000,0
2310,703,141723,03ROboBXj84foxBMwZddq0,主梁钢筋_N2:主梁钢筋_N2:625834,625834,1879.59919,8.00000,0.00000000;0.00000000;-1.00000000,0
2311,701,141701,03ROboBXj84foxBMwZddqC,主梁钢筋_N2:主梁钢筋_N2:625830,625830,1879.59919,8.00000,0.00000000;0.00000000;-1.00000000,0
2312,699,141679,03ROboBXj84foxBMwZddq8,主梁钢筋_N2:主梁钢筋_N2:625826,625826,1879.59919,8.00000,0.00000000;0.00000000;-1.00000000,0
2313,697,141657,03ROboBXj84foxBMwZddqq,主梁钢筋_N2:主梁钢筋_N2:625822,625822,1879.59919,8.00000,0.00000000;0.00000000;-1.00000000,0
2314,695,141635,03ROboBXj84foxBMwZddqm,主梁钢筋_N2:主梁钢筋_N2:625818,625818,1879.59919,8.00000,0.00000000;0.00000000;-1.00000000,0
2315,693,141613,03ROboBXj84foxBMwZddqy,主梁钢筋_N2:主梁钢筋_N2:625814,625814,1879.59919,8.00000,0.00000000;0.00000000;-1.00000000,0
2316,691,141591,03ROboBXj84foxBMwZddqu,主梁钢筋_N2:主梁钢筋_N2:625810,625810,1879.59919,8.00000,0.00000000;0.00000000;-1.00000000,0
2317,689,141569,03ROboBXj84foxBMwZddqa,主梁钢筋_N2:主梁钢筋_N2:625806,625806,1879.59919,8.00000,0.00000000;0.00000000;-1.00000000,0
2318,687,141547,03ROboBXj84foxBMwZddqW,主梁钢筋_N2:主梁钢筋_N2:625802,625802,1879.59919,8.00000,0.00000000;0.00000000;-1.00000000,0
2319,685,141525,03ROboBXj84foxBMwZddqi,主梁钢筋_N2:主梁钢筋_N2:625798,625798,1879.59919,8.00000,0.00000000;0.00000000;-1.00000000,0
2320,683,141503,03ROboBXj84foxBMwZddqe,主梁钢筋_N2:主梁钢筋_N2:625794,625794,1879.59919,8.00000,0.00000000;0.00000000;-1.00000000,0
2321,681,141481,03ROboBXj84foxBMwZddtK,主梁钢筋_N2:主梁钢筋_N2:625790,625790,1879.59919,8.00000,0.00000000;0.00000000;-1.00000000,0
2322,679,141459,03ROboBXj84foxBMwZddtG,主梁钢筋_N2:主梁钢筋_N2:625786,625786,1879.59919,8.00000,0.00000000;0.00000000;-1.00000000,0
2323,677,141437,03ROboBXj84foxBMwZddtS,主梁钢筋_N2:主梁钢筋_N2:625782,625782,1879.59919,8.00000,0.00000000;0.00000000;-1.00000000,0
2324,675,141415,03ROboBXj84foxBMwZddtO,主梁钢筋_N2:主梁钢筋_N2:625778,625778,1879.59919,8.00000,0.00000000;0.00000000;-1.00000000,0
2325,673,141393,03ROboBXj84foxBMwZddt4,主梁钢筋_N2:主梁钢筋_N2:625774,625774,1879.59919,8.00000,0.00000000;0.00000000;-1.00000000,0
2326,671,141371,03ROboBXj84foxBMwZddt0,主梁钢筋_N2:主梁钢筋_N2:625770,625770,1879.59919,8.00000,0.00000000;0.00000000;-1.00000000,0
2327,669,141349,03ROboBXj84foxBMwZddtC,主梁钢筋_N2:主梁钢筋_N2:625766,625766,1879.59919,8.00000,0.00000000;0.00000000;-1.00000000,0
2328,667,141327,03ROboBXj84foxBMwZddt8,主梁钢筋_N2:主梁钢筋_N2:625762,625762,1879.59919,8.00000,0.00000000;0.00000000;-1.00000000,0
2329,665,141305,03ROboBXj84foxBMwZddtq,主梁钢筋_N2:主梁钢筋_N2:625758,625758,1879.59919,8.00000,0.00000000;0.00000000;-1.00000000,0
2330,663,141283,03ROboBXj84foxBMwZddtm,主梁钢筋_N2:主梁钢筋_N2:625754,625754,1879.59919,8.00000,0.00000000;0.00000000;-1.00000000,0
2331,661,141261,03ROboBXj84foxBMwZddty,主梁钢筋_N2:主梁钢筋_N2:625750,625750,1879.59919,8.00000,0.00000000;0.00000000;-1.00000000,0
2332,659,141239,03ROboBXj84foxBMwZddtu,主梁钢筋_N2:主梁钢筋_N2:625746,625746,1879.59919,8.00000,0.00000000;0.00000000;-1.00000000,0
2333,657,141217,03ROboBXj84foxBMwZddta,主梁钢筋_N2:主梁钢筋_N2:625742,625742,1879.59919,8.00000,0.00000000;0.00000000;-1.00000000,0
2334,655,141195,03ROboBXj84foxBMwZddtW,主梁钢筋_N2:主梁钢筋_N2:625738,625738,1879.59919,8.00000,0.00000000;0.00000000;-1.00000000,0
2335,653,141173,03ROboBXj84foxBMwZddti,主梁钢筋_N2:主梁钢筋_N2:625734,625734,1879.59919,8.00000,0.00000000;0.00000000;-1.00000000,0
2336,651,141151,03ROboBXj84foxBMwZddte,主梁钢筋_N2:主梁钢筋_N2:625730,625730,1879.59919,8.00000,0.00000000;0.00000000;-1.00000000,0
2337,649,141129,03ROboBXj84foxBMwZddsK,主梁钢筋_N2:主梁钢筋_N2:625726,625726,1879.59919,8.00000,0.00000000;0.00000000;-1.00000000,0
2338,647,141107,03ROboBXj84foxBMwZddsG,主梁钢筋_N2:主梁钢筋_N2:625722,625722,1879.59919,8.00000,0.00000000;0.00000000;-1.00000000,0
2339,645,141085,03ROboBXj84foxBMwZddsS,主梁钢筋_N2:主梁钢筋_N2:625718,625718,1879.59919,8.00000,0.00000000;0.00000000;-1.00000000,0
2340,643,141063,03ROboBXj84foxBMwZddsO,主梁钢筋_N2:主梁钢筋_N2:625714,625714,1879.59919,8.00000,0.00000000;0.00000000;-1.00000000,0
2341,641,141041,03ROboBXj84foxBMwZdds4,主梁钢筋_N2:主梁钢筋_N2:625710,625710,1879.59919,8.00000,0.00000000;0.00000000;-1.00000000,0
2342,639,141019,03ROboBXj84foxBMwZdds0,主梁钢筋_N2:主梁钢筋_N2:625706,625706,1879.59919,8.00000,0.00000000;0.00000000;-1.00000000,0
2343,637,140997,03ROboBXj84foxBMwZddsC,主梁钢筋_N2:主梁钢筋_N2:625702,625702,1879.59919,8.00000,0.00000000;0.00000000;-1.00000000,0
2344,635,140975,03ROboBXj84foxBMwZdds8,主梁钢筋_N2:主梁钢筋_N2:625698,625698,1879.59919,8.00000,0.00000000;0.00000000;-1.00000000,0
2345,633,140953,03ROboBXj84foxBMwZddsq,主梁钢筋_N2:主梁钢筋_N2:625694,625694,1879.59919,8.00000,0.00000000;0.00000000;-1.00000000,0
2346,631,140931,03ROboBXj84foxBMwZddsm,主梁钢筋_N2:主梁钢筋_N2:625690,625690,1879.59919,8.00000,0.00000000;0.00000000;-1.00000000,0
2347,629,140909,03ROboBXj84foxBMwZddsy,主梁钢筋_N2:主梁钢筋_N2:625686,625686,1879.59919,8.00000,0.00000000;0.00000000;-1.00000000,0
2348,627,140887,03ROboBXj84foxBMwZddsu,主梁钢筋_N2:主梁钢筋_N2:625682,625682,1879.59919,8.00000,0.00000000;0.00000000;-1.00000000,0
2349,625,140865,03ROboBXj84foxBMwZddsa,主梁钢筋_N2:主梁钢筋_N2:625678,625678,1879.59919,8.00000,0.00000000;0.00000000;-1.00000000,0
2350,623,140843,03ROboBXj84foxBMwZddsW,主梁钢筋_N2:主梁钢筋_N2:625674,625674,1879.59919,8.00000,0.00000000;0.00000000;-1.00000000,0
2351,621,140821,03ROboBXj84foxBMwZddsi,主梁钢筋_N2:主梁钢筋_N2:625670,625670,1879.59919,8.00000,0.00000000;0.00000000;-1.00000000,0
2352,619,140799,03ROboBXj84foxBMwZddse,主梁钢筋_N2:主梁钢筋_N2:625666,625666,1879.59919,8.00000,0.00000000;0.00000000;-1.00000000,0
2353,610,140700,03ROboBXj84foxBMwZddO4,主梁钢筋_N2a:主梁钢筋_N2a:624558,624558,1521.25745,8.00000,0.00000000;0.00000000;-1.00000000,0
2354,608,140678,03ROboBXj84foxBMwZddO1,主梁钢筋_N2a:主梁钢筋_N2a:624555,624555,1521.25745,8.00000,0.00000000;0.00000000;-1.00000000,0
2355,614,140744,03ROboBXj84foxBMwZddOU,主梁钢筋_N2a:主梁钢筋_N2a:624564,624564,1521.25745,8.00000,0.00000000;0.00000000;-1.00000000,0
2356,612,140722,03ROboBXj84foxBMwZddOR,主梁钢筋_N2a:主梁钢筋_N2a:624561,624561,1521.25745,8.00000,0.00000000;0.00000000;-1.00000000,0
2357,616,140766,03ROboBXj84foxBMwZddOT,主梁钢筋_N2a:主梁钢筋_N2a:624567,624567,1521.25745,8.00000,0.00000000;0.00000000;-1.00000000,0
2358,607,140667,03ROboBXj84foxBMwZddRC,主梁钢筋_N2a:主梁钢筋_N2a:624486,624486,1521.25745,8.00000,0.00000000;0.00000000;-1.00000000,0
2359,603,140623,03ROboBXj84foxBMwZddTU,主梁钢筋_N2a:主梁钢筋_N2a:624372,624372,1521.25745,8.00000,0.00000000;0.00000000;-1.00000000,0
2360,605,140645,03ROboBXj84foxBMwZddTT,主梁钢筋_N2a:主梁钢筋_N2a:624375,624375,1521.25745,8.00000,0.00000000;0.00000000;-1.00000000,0
2361,599,140579,03ROboBXj84foxBMwZddS5,主梁钢筋_N2a:主梁钢筋_N2a:624303,624303,1521.25745,8.00000,0.00000000;0.00000000;-1.00000000,0
2362,601,140601,03ROboBXj84foxBMwZddSO,主梁钢筋_N2a:主梁钢筋_N2a:624306,624306,1521.25745,8.00000,0.00000000;0.00000000;-1.00000000,0
2363,606,140656,03ROboBXj84foxBMwZddRF,主梁钢筋_N2a:主梁钢筋_N2a:624485,624485,1521.25745,8.00000,0.00000000;0.00000000;-1.00000000,0
2364,602,140612,03ROboBXj84foxBMwZddTP,主梁钢筋_N2a:主梁钢筋_N2a:624371,624371,1521.25745,8.00000,0.00000000;0.00000000;-1.00000000,0
2365,604,140634,03ROboBXj84foxBMwZddTS,主梁钢筋_N2a:主梁钢筋_N2a:624374,624374,1521.25745,8.00000,0.00000000;0.00000000;-1.00000000,0
2366,598,138869,03ROboBXj84foxBMwZddS4,主梁钢筋_N2a:主梁钢筋_N2a:624302,624302,1521.25745,8.00000,0.00000000;0.00000000;-1.00000000,0
2367,600,140590,03ROboBXj84foxBMwZddSR,主梁钢筋_N2a:主梁钢筋_N2a:624305,624305,1521.25745,8.00000,0.00000000;0.00000000;-1.00000000,0
2368,611,140711,03ROboBXj84foxBMwZddO5,主梁钢筋_N2a:主梁钢筋_N2a:624559,624559,1521.25745,8.00000,0.00000000;0.00000000;-1.00000000,0
2369,609,140689,03ROboBXj84foxBMwZddO6,主梁钢筋_N2a:主梁钢筋_N2a:624556,624556,1521.25745,8.00000,0.00000000;0.00000000;-1.00000000,0
2370,615,140755,03ROboBXj84foxBMwZddOV,主梁钢筋_N2a:主梁钢筋_N2a:624565,624565,1521.25745,8.00000,0.00000000;0.00000000;-1.00000000,0
2371,613,140733,03ROboBXj84foxBMwZddOO,主梁钢筋_N2a:主梁钢筋_N2a:624562,624562,1521.25745,8.00000,0.00000000;0.00000000;-1.00000000,0
2372,617,140777,03ROboBXj84foxBMwZddOI,主梁钢筋_N2a:主梁钢筋_N2a:624568,624568,1521.25745,8.00000,0.00000000;0.00000000;-1.00000000,0
2373,1855,226359,38lmzEJk5DlwQHsgkQsDma,主梁钢筋_N3b:主梁钢筋_N3b:640924,640924,1513.77270,9.00000,0.00000000;0.00000000;-1.00000000,0
2374,1853,221114,38lmzEJk5DlwQHsgkQsDr5,主梁钢筋_N3b:主梁钢筋_N3b:640765,640765,1513.77270,9.00000,0.00000000;0.00000000;-1.00000000,0
2375,2894,301202,3PpqhBPkD87Rcsb8SRKiLE,主梁钢筋_N20:主梁钢筋_N20:682797,682797,368.97293,6.00000,0.00000000;0.00000000;-1.00000000,0
2376,2891,301169,3PpqhBPkD87Rcsb8SRKiLA,主梁钢筋_N20:主梁钢筋_N20:682793,682793,368.97293,6.00000,0.00000000;0.00000000;-1.00000000,0
2377,2888,301136,3PpqhBPkD87Rcsb8SRKiL6,主梁钢筋_N20:主梁钢筋_N20:682789,682789,368.97293,6.00000,0.00000000;0.00000000;-1.00000000,0
2378,2885,301103,3PpqhBPkD87Rcsb8SRKiL2,主梁钢筋_N20:主梁钢筋_N20:682785,682785,368.97293,6.00000,0.00000000;0.00000000;-1.00000000,0
2379,2882,301070,3PpqhBPkD87Rcsb8SRKiL_,主梁钢筋_N20:主梁钢筋_N20:682781,682781,368.97293,6.00000,0.00000000;0.00000000;-1.00000000,0
2380,2879,301037,3PpqhBPkD87Rcsb8SRKiLw,主梁钢筋_N20:主梁钢筋_N20:682777,682777,368.97293,6.00000,0.00000000;0.00000000;-1.00000000,0
2381,2876,301004,3PpqhBPkD87Rcsb8SRKiLs,主梁钢筋_N20:主梁钢筋_N20:682773,682773,368.97293,6.00000,0.00000000;0.00000000;-1.00000000,0
2382,2873,300971,3PpqhBPkD87Rcsb8SRKiLo,主梁钢筋_N20:主梁钢筋_N20:682769,682769,368.97293,6.00000,0.00000000;0.00000000;-1.00000000,0
2383,2870,300938,3PpqhBPkD87Rcsb8SRKiLk,主梁钢筋_N20:主梁钢筋_N20:682765,682765,368.97293,6.00000,0.00000000;0.00000000;-1.00000000,0
2384,2867,300905,3PpqhBPkD87Rcsb8SRKiLg,主梁钢筋_N20:主梁钢筋_N20:682761,682761,368.97293,6.00000,0.00000000;0.00000000;-1.00000000,0
2385,2864,300872,3PpqhBPkD87Rcsb8SRKiLc,主梁钢筋_N20:主梁钢筋_N20:682757,682757,368.97293,6.00000,0.00000000;0.00000000;-1.00000000,0
2386,2861,300839,3PpqhBPkD87Rcsb8SRKiLY,主梁钢筋_N20:主梁钢筋_N20:682753,682753,368.97293,6.00000,0.00000000;0.00000000;-1.00000000,0
2387,2858,300806,3PpqhBPkD87Rcsb8SRKiIU,主梁钢筋_N20:主梁钢筋_N20:682749,682749,368.97293,6.00000,0.00000000;0.00000000;-1.00000000,0
2388,2855,300773,3PpqhBPkD87Rcsb8SRKiIQ,主梁钢筋_N20:主梁钢筋_N20:682745,682745,368.97293,6.00000,0.00000000;0.00000000;-1.00000000,0
2389,2852,300740,3PpqhBPkD87Rcsb8SRKiIM,主梁钢筋_N20:主梁钢筋_N20:682741,682741,368.97293,6.00000,0.00000000;0.00000000;-1.00000000,0
2390,2849,300707,3PpqhBPkD87Rcsb8SRKiII,主梁钢筋_N20:主梁钢筋_N20:682737,682737,368.97293,6.00000,0.00000000;0.00000000;-1.00000000,0
2391,2897,301235,3PpqhBPkD87Rcsb8SRKiLN,主梁钢筋_N20:主梁钢筋_N20:682804,682804,368.97293,6.00000,0.00000000;0.00000000;-1.00000000,0
2392,2900,301268,3PpqhBPkD87Rcsb8SRKiLR,主梁钢筋_N20:主梁钢筋_N20:682808,682808,368.97293,6.00000,0.00000000;0.00000000;-1.00000000,0
2393,2903,301301,3PpqhBPkD87Rcsb8SRKiLV,主梁钢筋_N20:主梁钢筋_N20:682812,682812,368.97293,6.00000,0.00000000;0.00000000;-1.00000000,0
2394,2906,301334,3PpqhBPkD87Rcsb8SRKiKZ,主梁钢筋_N20:主梁钢筋_N20:682816,682816,368.97293,6.00000,0.00000000;0.00000000;-1.00000000,0
2395,2909,301367,3PpqhBPkD87Rcsb8SRKiKd,主梁钢筋_N20:主梁钢筋_N20:682820,682820,368.97293,6.00000,0.00000000;0.00000000;-1.00000000,0
2396,2912,301400,3PpqhBPkD87Rcsb8SRKiKh,主梁钢筋_N20:主梁钢筋_N20:682824,682824,368.97293,6.00000,0.00000000;0.00000000;-1.00000000,0
2397,2915,301433,3PpqhBPkD87Rcsb8SRKiKl,主梁钢筋_N20:主梁钢筋_N20:682828,682828,368.97293,6.00000,0.00000000;0.00000000;-1.00000000,0
2398,2918,301466,3PpqhBPkD87Rcsb8SRKiKp,主梁钢筋_N20:主梁钢筋_N20:682832,682832,368.97293,6.00000,0.00000000;0.00000000;-1.00000000,0
2399,2921,301499,3PpqhBPkD87Rcsb8SRKiKt,主梁钢筋_N20:主梁钢筋_N20:682836,682836,368.97293,6.00000,0.00000000;0.00000000;-1.00000000,0
2400,2924,301532,3PpqhBPkD87Rcsb8SRKiKx,主梁钢筋_N20:主梁钢筋_N20:682840,682840,368.97293,6.00000,0.00000000;0.00000000;-1.00000000,0
2401,2927,301565,3PpqhBPkD87Rcsb8SRKiK$,主梁钢筋_N20:主梁钢筋_N20:682844,682844,368.97293,6.00000,0.00000000;0.00000000;-1.00000000,0
2402,2930,301598,3PpqhBPkD87Rcsb8SRKiK3,主梁钢筋_N20:主梁钢筋_N20:682848,682848,368.97293,6.00000,0.00000000;0.00000000;-1.00000000,0
2403,2933,301631,3PpqhBPkD87Rcsb8SRKiK7,主梁钢筋_N20:主梁钢筋_N20:682852,682852,368.97293,6.00000,0.00000000;0.00000000;-1.00000000,0
2404,2936,301664,3PpqhBPkD87Rcsb8SRKiKB,主梁钢筋_N20:主梁钢筋_N20:682856,682856,368.97293,6.00000,0.00000000;0.00000000;-1.00000000,0
2405,2939,301697,3PpqhBPkD87Rcsb8SRKiKF,主梁钢筋_N20:主梁钢筋_N20:682860,682860,368.97293,6.00000,0.00000000;0.00000000;-1.00000000,0
2406,2942,301730,3PpqhBPkD87Rcsb8SRKiKJ,主梁钢筋_N20:主梁钢筋_N20:682864,682864,368.97293,6.00000,0.00000000;0.00000000;-1.00000000,0
2407,2632,289514,3PpqhBPkD87Rcsb8SRKig1,主梁钢筋_N20:主梁钢筋_N20:681186,681186,368.97293,6.00000,0.00000000;0.00000000;-1.00000000,0
2408,2625,289437,3PpqhBPkD87Rcsb8SRKigw,主梁钢筋_N20:主梁钢筋_N20:681177,681177,368.97293,6.00000,0.00000000;0.00000000;-1.00000000,0
2409,2618,289360,3PpqhBPkD87Rcsb8SRKigp,主梁钢筋_N20:主梁钢筋_N20:681168,681168,368.97293,6.00000,0.00000000;0.00000000;-1.00000000,0
2410,2611,289283,3PpqhBPkD87Rcsb8SRKiga,主梁钢筋_N20:主梁钢筋_N20:681159,681159,368.97293,6.00000,0.00000000;0.00000000;-1.00000000,0
2411,2604,289206,3PpqhBPkD87Rcsb8SRKihT,主梁钢筋_N20:主梁钢筋_N20:681150,681150,368.97293,6.00000,0.00000000;0.00000000;-1.00000000,0
2412,2597,289129,3PpqhBPkD87Rcsb8SRKihM,主梁钢筋_N20:主梁钢筋_N20:681141,681141,368.97293,6.00000,0.00000000;0.00000000;-1.00000000,0
2413,2590,289052,3PpqhBPkD87Rcsb8SRKihF,主梁钢筋_N20:主梁钢筋_N20:681132,681132,368.97293,6.00000,0.00000000;0.00000000;-1.00000000,0
2414,2583,288975,3PpqhBPkD87Rcsb8SRKih0,主梁钢筋_N20:主梁钢筋_N20:681123,681123,368.97293,6.00000,0.00000000;0.00000000;-1.00000000,0
2415,2576,288898,3PpqhBPkD87Rcsb8SRKihv,主梁钢筋_N20:主梁钢筋_N20:681114,681114,368.97293,6.00000,0.00000000;0.00000000;-1.00000000,0
2416,2569,288821,3PpqhBPkD87Rcsb8SRKiho,主梁钢筋_N20:主梁钢筋_N20:681105,681105,368.97293,6.00000,0.00000000;0.00000000;-1.00000000,0
2417,2562,288744,3PpqhBPkD87Rcsb8SRKihh,主梁钢筋_N20:主梁钢筋_N20:681096,681096,368.97293,6.00000,0.00000000;0.00000000;-1.00000000,0
2418,2555,288667,3PpqhBPkD87Rcsb8SRKieS,主梁钢筋_N20:主梁钢筋_N20:681087,681087,368.97293,6.00000,0.00000000;0.00000000;-1.00000000,0
2419,2548,288590,3PpqhBPkD87Rcsb8SRKieL,主梁钢筋_N20:主梁钢筋_N20:681078,681078,368.97293,6.00000,0.00000000;0.00000000;-1.00000000,0
2420,2541,288513,3PpqhBPkD87Rcsb8SRKieE,主梁钢筋_N20:主梁钢筋_N20:681069,681069,368.97293,6.00000,0.00000000;0.00000000;-1.00000000,0
2421,2534,288436,3PpqhBPkD87Rcsb8SRKiet,主梁钢筋_N20:主梁钢筋_N20:681044,681044,368.97293,6.00000,0.00000000;0.00000000;-1.00000000,0
2422,1975,274703,3PpqhBPkD87Rcsb8SRKlj5,主梁钢筋_N20:主梁钢筋_N20:677158,677158,368.97293,6.00000,0.00000000;0.00000000;-1.00000000,0
2423,2686,296414,3PpqhBPkD87Rcsb8SRKiiv,主梁钢筋_N20:主梁钢筋_N20:681306,681306,368.97293,6.00000,0.00000000;0.00000000;-1.00000000,0
2424,2690,298958,3PpqhBPkD87Rcsb8SRKiiy,主梁钢筋_N20:主梁钢筋_N20:681311,681311,368.97293,6.00000,0.00000000;0.00000000;-1.00000000,0
2425,2694,299002,3PpqhBPkD87Rcsb8SRKii7,主梁钢筋_N20:主梁钢筋_N20:681316,681316,368.97293,6.00000,0.00000000;0.00000000;-1.00000000,0
2426,2698,299046,3PpqhBPkD87Rcsb8SRKiiA,主梁钢筋_N20:主梁钢筋_N20:681321,681321,368.97293,6.00000,0.00000000;0.00000000;-1.00000000,0
2427,2702,299090,3PpqhBPkD87Rcsb8SRKiiD,主梁钢筋_N20:主梁钢筋_N20:681326,681326,368.97293,6.00000,0.00000000;0.00000000;-1.00000000,0
2428,2706,299134,3PpqhBPkD87Rcsb8SRKiiG,主梁钢筋_N20:主梁钢筋_N20:681331,681331,368.97293,6.00000,0.00000000;0.00000000;-1.00000000,0
2429,2710,299178,3PpqhBPkD87Rcsb8SRKiiR,主梁钢筋_N20:主梁钢筋_N20:681336,681336,368.97293,6.00000,0.00000000;0.00000000;-1.00000000,0
2430,2714,299222,3PpqhBPkD87Rcsb8SRKiiU,主梁钢筋_N20:主梁钢筋_N20:681341,681341,368.97293,6.00000,0.00000000;0.00000000;-1.00000000,0
2431,2718,299266,3PpqhBPkD87Rcsb8SRKilX,主梁钢筋_N20:主梁钢筋_N20:681346,681346,368.97293,6.00000,0.00000000;0.00000000;-1.00000000,0
2432,2722,299310,3PpqhBPkD87Rcsb8SRKila,主梁钢筋_N20:主梁钢筋_N20:681351,681351,368.97293,6.00000,0.00000000;0.00000000;-1.00000000,0
2433,2726,299354,3PpqhBPkD87Rcsb8SRKill,主梁钢筋_N20:主梁钢筋_N20:681356,681356,368.97293,6.00000,0.00000000;0.00000000;-1.00000000,0
2434,2730,299398,3PpqhBPkD87Rcsb8SRKilo,主梁钢筋_N20:主梁钢筋_N20:681361,681361,368.97293,6.00000,0.00000000;0.00000000;-1.00000000,0
2435,2734,299442,3PpqhBPkD87Rcsb8SRKilr,主梁钢筋_N20:主梁钢筋_N20:681366,681366,368.97293,6.00000,0.00000000;0.00000000;-1.00000000,0
2436,2738,299486,3PpqhBPkD87Rcsb8SRKilu,主梁钢筋_N20:主梁钢筋_N20:681371,681371,368.97293,6.00000,0.00000000;0.00000000;-1.00000000,0
2437,2742,299530,3PpqhBPkD87Rcsb8SRKil3,主梁钢筋_N20:主梁钢筋_N20:681376,681376,368.97293,6.00000,0.00000000;0.00000000;-1.00000000,0
2438,2746,299574,3PpqhBPkD87Rcsb8SRKil6,主梁钢筋_N20:主梁钢筋_N20:681381,681381,368.97293,6.00000,0.00000000;0.00000000;-1.00000000,0
2439,2851,300729,3PpqhBPkD87Rcsb8SRKiIN,主梁钢筋_N20:主梁钢筋_N20:682740,682740,373.89372,6.00000,0.00000000;0.00000000;-1.00000000,0
2440,2899,301257,3PpqhBPkD87Rcsb8SRKiLK,主梁钢筋_N20:主梁钢筋_N20:682807,682807,373.89372,6.00000,0.00000000;0.00000000;-1.00000000,0
2441,2895,301213,3PpqhBPkD87Rcsb8SRKiLJ,主梁钢筋_N20:主梁钢筋_N20:682800,682800,373.89372,6.00000,0.00000000;0.00000000;-1.00000000,0
2442,2893,301191,3PpqhBPkD87Rcsb8SRKiLF,主梁钢筋_N20:主梁钢筋_N20:682796,682796,373.89372,6.00000,0.00000000;0.00000000;-1.00000000,0
2443,2890,301158,3PpqhBPkD87Rcsb8SRKiLB,主梁钢筋_N20:主梁钢筋_N20:682792,682792,373.89372,6.00000,0.00000000;0.00000000;-1.00000000,0
2444,2887,301125,3PpqhBPkD87Rcsb8SRKiL7,主梁钢筋_N20:主梁钢筋_N20:682788,682788,373.89372,6.00000,0.00000000;0.00000000;-1.00000000,0
2445,2884,301092,3PpqhBPkD87Rcsb8SRKiL3,主梁钢筋_N20:主梁钢筋_N20:682784,682784,373.89372,6.00000,0.00000000;0.00000000;-1.00000000,0
2446,2881,301059,3PpqhBPkD87Rcsb8SRKiL$,主梁钢筋_N20:主梁钢筋_N20:682780,682780,373.89372,6.00000,0.00000000;0.00000000;-1.00000000,0
2447,2878,301026,3PpqhBPkD87Rcsb8SRKiLx,主梁钢筋_N20:主梁钢筋_N20:682776,682776,373.89372,6.00000,0.00000000;0.00000000;-1.00000000,0
2448,2875,300993,3PpqhBPkD87Rcsb8SRKiLt,主梁钢筋_N20:主梁钢筋_N20:682772,682772,373.89372,6.00000,0.00000000;0.00000000;-1.00000000,0
2449,2872,300960,3PpqhBPkD87Rcsb8SRKiLp,主梁钢筋_N20:主梁钢筋_N20:682768,682768,373.89372,6.00000,0.00000000;0.00000000;-1.00000000,0
2450,2869,300927,3PpqhBPkD87Rcsb8SRKiLl,主梁钢筋_N20:主梁钢筋_N20:682764,682764,373.89372,6.00000,0.00000000;0.00000000;-1.00000000,0
2451,2866,300894,3PpqhBPkD87Rcsb8SRKiLh,主梁钢筋_N20:主梁钢筋_N20:682760,682760,373.89372,6.00000,0.00000000;0.00000000;-1.00000000,0
2452,2863,300861,3PpqhBPkD87Rcsb8SRKiLd,主梁钢筋_N20:主梁钢筋_N20:682756,682756,373.89372,6.00000,0.00000000;0.00000000;-1.00000000,0
2453,2860,300828,3PpqhBPkD87Rcsb8SRKiLZ,主梁钢筋_N20:主梁钢筋_N20:682752,682752,373.89372,6.00000,0.00000000;0.00000000;-1.00000000,0
2454,2857,300795,3PpqhBPkD87Rcsb8SRKiIV,主梁钢筋_N20:主梁钢筋_N20:682748,682748,373.89372,6.00000,0.00000000;0.00000000;-1.00000000,0
2455,2854,300762,3PpqhBPkD87Rcsb8SRKiIR,主梁钢筋_N20:主梁钢筋_N20:682744,682744,373.89372,6.00000,0.00000000;0.00000000;-1.00000000,0
2456,2848,300696,3PpqhBPkD87Rcsb8SRKiIJ,主梁钢筋_N20:主梁钢筋_N20:682736,682736,373.89372,6.00000,0.00000000;0.00000000;-1.00000000,0
2457,2902,301290,3PpqhBPkD87Rcsb8SRKiLO,主梁钢筋_N20:主梁钢筋_N20:682811,682811,373.89372,6.00000,0.00000000;0.00000000;-1.00000000,0
2458,2905,301323,3PpqhBPkD87Rcsb8SRKiLS,主梁钢筋_N20:主梁钢筋_N20:682815,682815,373.89372,6.00000,0.00000000;0.00000000;-1.00000000,0
2459,2908,301356,3PpqhBPkD87Rcsb8SRKiKW,主梁钢筋_N20:主梁钢筋_N20:682819,682819,373.89372,6.00000,0.00000000;0.00000000;-1.00000000,0
2460,2911,301389,3PpqhBPkD87Rcsb8SRKiKa,主梁钢筋_N20:主梁钢筋_N20:682823,682823,373.89372,6.00000,0.00000000;0.00000000;-1.00000000,0
2461,2914,301422,3PpqhBPkD87Rcsb8SRKiKe,主梁钢筋_N20:主梁钢筋_N20:682827,682827,373.89372,6.00000,0.00000000;0.00000000;-1.00000000,0
2462,2917,301455,3PpqhBPkD87Rcsb8SRKiKi,主梁钢筋_N20:主梁钢筋_N20:682831,682831,373.89372,6.00000,0.00000000;0.00000000;-1.00000000,0
2463,2920,301488,3PpqhBPkD87Rcsb8SRKiKm,主梁钢筋_N20:主梁钢筋_N20:682835,682835,373.89372,6.00000,0.00000000;0.00000000;-1.00000000,0
2464,2923,301521,3PpqhBPkD87Rcsb8SRKiKq,主梁钢筋_N20:主梁钢筋_N20:682839,682839,373.89372,6.00000,0.00000000;0.00000000;-1.00000000,0
2465,2926,301554,3PpqhBPkD87Rcsb8SRKiKu,主梁钢筋_N20:主梁钢筋_N20:682843,682843,373.89372,6.00000,0.00000000;0.00000000;-1.00000000,0
2466,2929,301587,3PpqhBPkD87Rcsb8SRKiKy,主梁钢筋_N20:主梁钢筋_N20:682847,682847,373.89372,6.00000,0.00000000;0.00000000;-1.00000000,0
2467,2932,301620,3PpqhBPkD87Rcsb8SRKiK0,主梁钢筋_N20:主梁钢筋_N20:682851,682851,373.89372,6.00000,0.00000000;0.00000000;-1.00000000,0
2468,2935,301653,3PpqhBPkD87Rcsb8SRKiK4,主梁钢筋_N20:主梁钢筋_N20:682855,682855,373.89372,6.00000,0.00000000;0.00000000;-1.00000000,0
2469,2938,301686,3PpqhBPkD87Rcsb8SRKiK8,主梁钢筋_N20:主梁钢筋_N20:682859,682859,373.89372,6.00000,0.00000000;0.00000000;-1.00000000,0
2470,2941,301719,3PpqhBPkD87Rcsb8SRKiKC,主梁钢筋_N20:主梁钢筋_N20:682863,682863,373.89372,6.00000,0.00000000;0.00000000;-1.00000000,0
2471,2943,301741,3PpqhBPkD87Rcsb8SRKiKG,主梁钢筋_N20:主梁钢筋_N20:682867,682867,373.89372,6.00000,0.00000000;0.00000000;-1.00000000,0
2472,2636,289558,3PpqhBPkD87Rcsb8SRKig9,主梁钢筋_N20:主梁钢筋_N20:681194,681194,373.89372,6.00000,0.00000000;0.00000000;-1.00000000,0
2473,2631,289503,3PpqhBPkD87Rcsb8SRKig2,主梁钢筋_N20:主梁钢筋_N20:681185,681185,373.89372,6.00000,0.00000000;0.00000000;-1.00000000,0
2474,2624,289426,3PpqhBPkD87Rcsb8SRKigx,主梁钢筋_N20:主梁钢筋_N20:681176,681176,373.89372,6.00000,0.00000000;0.00000000;-1.00000000,0
2475,2617,289349,3PpqhBPkD87Rcsb8SRKigi,主梁钢筋_N20:主梁钢筋_N20:681167,681167,373.89372,6.00000,0.00000000;0.00000000;-1.00000000,0
2476,2610,289272,3PpqhBPkD87Rcsb8SRKigb,主梁钢筋_N20:主梁钢筋_N20:681158,681158,373.89372,6.00000,0.00000000;0.00000000;-1.00000000,0
2477,2603,289195,3PpqhBPkD87Rcsb8SRKihU,主梁钢筋_N20:主梁钢筋_N20:681149,681149,373.89372,6.00000,0.00000000;0.00000000;-1.00000000,0
2478,2596,289118,3PpqhBPkD87Rcsb8SRKihN,主梁钢筋_N20:主梁钢筋_N20:681140,681140,373.89372,6.00000,0.00000000;0.00000000;-1.00000000,0
2479,2589,289041,3PpqhBPkD87Rcsb8SRKih8,主梁钢筋_N20:主梁钢筋_N20:681131,681131,373.89372,6.00000,0.00000000;0.00000000;-1.00000000,0
2480,2582,288964,3PpqhBPkD87Rcsb8SRKih1,主梁钢筋_N20:主梁钢筋_N20:681122,681122,373.89372,6.00000,0.00000000;0.00000000;-1.00000000,0
2481,2575,288887,3PpqhBPkD87Rcsb8SRKihw,主梁钢筋_N20:主梁钢筋_N20:681113,681113,373.89372,6.00000,0.00000000;0.00000000;-1.00000000,0
2482,2568,288810,3PpqhBPkD87Rcsb8SRKihp,主梁钢筋_N20:主梁钢筋_N20:681104,681104,373.89372,6.00000,0.00000000;0.00000000;-1.00000000,0
2483,2561,288733,3PpqhBPkD87Rcsb8SRKiha,主梁钢筋_N20:主梁钢筋_N20:681095,681095,373.89372,6.00000,0.00000000;0.00000000;-1.00000000,0
2484,2554,288656,3PpqhBPkD87Rcsb8SRKieT,主梁钢筋_N20:主梁钢筋_N20:681086,681086,373.89372,6.00000,0.00000000;0.00000000;-1.00000000,0
2485,2547,288579,3PpqhBPkD87Rcsb8SRKieM,主梁钢筋_N20:主梁钢筋_N20:681077,681077,373.89372,6.00000,0.00000000;0.00000000;-1.00000000,0
2486,2540,288502,3PpqhBPkD87Rcsb8SRKieF,主梁钢筋_N20:主梁钢筋_N20:681068,681068,373.89372,6.00000,0.00000000;0.00000000;-1.00000000,0
2487,1974,273442,3PpqhBPkD87Rcsb8SRKljz,主梁钢筋_N20:主梁钢筋_N20:677150,677150,373.89372,6.00000,0.00000000;0.00000000;-1.00000000,0
2488,2693,298991,3PpqhBPkD87Rcsb8SRKii0,主梁钢筋_N20:主梁钢筋_N20:681315,681315,373.89372,6.00000,0.00000000;0.00000000;-1.00000000,0
2489,2697,299035,3PpqhBPkD87Rcsb8SRKiiB,主梁钢筋_N20:主梁钢筋_N20:681320,681320,373.89372,6.00000,0.00000000;0.00000000;-1.00000000,0
2490,2701,299079,3PpqhBPkD87Rcsb8SRKiiE,主梁钢筋_N20:主梁钢筋_N20:681325,681325,373.89372,6.00000,0.00000000;0.00000000;-1.00000000,0
2491,2705,299123,3PpqhBPkD87Rcsb8SRKiiH,主梁钢筋_N20:主梁钢筋_N20:681330,681330,373.89372,6.00000,0.00000000;0.00000000;-1.00000000,0
2492,2709,299167,3PpqhBPkD87Rcsb8SRKiiK,主梁钢筋_N20:主梁钢筋_N20:681335,681335,373.89372,6.00000,0.00000000;0.00000000;-1.00000000,0
2493,2713,299211,3PpqhBPkD87Rcsb8SRKiiV,主梁钢筋_N20:主梁钢筋_N20:681340,681340,373.89372,6.00000,0.00000000;0.00000000;-1.00000000,0
2494,2717,299255,3PpqhBPkD87Rcsb8SRKilY,主梁钢筋_N20:主梁钢筋_N20:681345,681345,373.89372,6.00000,0.00000000;0.00000000;-1.00000000,0
2495,2721,299299,3PpqhBPkD87Rcsb8SRKilb,主梁钢筋_N20:主梁钢筋_N20:681350,681350,373.89372,6.00000,0.00000000;0.00000000;-1.00000000,0
2496,2725,299343,3PpqhBPkD87Rcsb8SRKile,主梁钢筋_N20:主梁钢筋_N20:681355,681355,373.89372,6.00000,0.00000000;0.00000000;-1.00000000,0
2497,2729,299387,3PpqhBPkD87Rcsb8SRKilp,主梁钢筋_N20:主梁钢筋_N20:681360,681360,373.89372,6.00000,0.00000000;0.00000000;-1.00000000,0
2498,2733,299431,3PpqhBPkD87Rcsb8SRKils,主梁钢筋_N20:主梁钢筋_N20:681365,681365,373.89372,6.00000,0.00000000;0.00000000;-1.00000000,0
2499,2737,299475,3PpqhBPkD87Rcsb8SRKilv,主梁钢筋_N20:主梁钢筋_N20:681370,681370,373.89372,6.00000,0.00000000;0.00000000;-1.00000000,0
2500,2741,299519,3PpqhBPkD87Rcsb8SRKily,主梁钢筋_N20:主梁钢筋_N20:681375,681375,373.89372,6.00000,0.00000000;0.00000000;-1.00000000,0
2501,2745,299563,3PpqhBPkD87Rcsb8SRKil7,主梁钢筋_N20:主梁钢筋_N20:681380,681380,373.89372,6.00000,0.00000000;0.00000000;-1.00000000,0
2502,2748,299596,3PpqhBPkD87Rcsb8SRKilA,主梁钢筋_N20:主梁钢筋_N20:681385,681385,373.89372,6.00000,0.00000000;0.00000000;-1.00000000,0
2503,2533,288425,3PpqhBPkD87Rcsb8SRKiem,主梁钢筋_N20:主梁钢筋_N20:681043,681043,373.89372,6.00000,0.00000000;0.00000000;-1.00000000,0
2504,2689,298947,3PpqhBPkD87Rcsb8SRKiiz,主梁钢筋_N20:主梁钢筋_N20:681310,681310,373.89372,6.00000,0.00000000;0.00000000;-1.00000000,0
2505,2979,346612,3qlyKYfH9E9fgTzD5PQCbb,主梁钢筋_N22:主梁钢筋_N22:684940,684940,547.02603,6.00000,0.00000000;0.00000000;-1.00000000,0
2506,3000,353173,3qlyKYfH9E9fgTzD5PQCaC,主梁钢筋_N22:主梁钢筋_N22:685029,685029,547.02603,6.00000,0.00000000;0.00000000;-1.00000000,0
2507,3018,353371,3qlyKYfH9E9fgTzD5PQCaH,主梁钢筋_N22:主梁钢筋_N22:685048,685048,547.02717,6.00000,0.00000000;0.00000000;-1.00000000,0
2508,2961,324828,3qlyKYfH9E9fgTzD5PQDNP,主梁钢筋_N22:主梁钢筋_N22:683824,683824,547.02717,6.00000,0.00000000;0.00000000;-1.00000000,0
2509,3015,353338,3qlyKYfH9E9fgTzD5PQCaS,主梁钢筋_N22:主梁钢筋_N22:685045,685045,517.34132,6.00000,0.00000000;0.00000000;-1.00000000,0
2510,2958,320949,3qlyKYfH9E9fgTzD5PQDN5,主梁钢筋_N22:主梁钢筋_N22:683820,683820,517.34132,6.00000,0.00000000;0.00000000;-1.00000000,0
2511,2976,342733,3qlyKYfH9E9fgTzD5PQCbX,主梁钢筋_N22:主梁钢筋_N22:684936,684936,517.34041,6.00000,0.00000000;0.00000000;-1.00000000,0
2512,2997,353140,3qlyKYfH9E9fgTzD5PQCa8,主梁钢筋_N22:主梁钢筋_N22:685025,685025,517.34041,6.00000,0.00000000;0.00000000;-1.00000000,0
2513,3013,353316,3qlyKYfH9E9fgTzD5PQCaQ,主梁钢筋_N22:主梁钢筋_N22:685043,685043,510.35113,6.00000,0.00000000;0.00000000;-1.00000000,0
2514,2974,340131,3qlyKYfH9E9fgTzD5PQCbi,主梁钢筋_N22:主梁钢筋_N22:684933,684933,510.35037,6.00000,0.00000000;0.00000000;-1.00000000,0
2515,2955,317048,3qlyKYfH9E9fgTzD5PQDNq,主梁钢筋_N22:主梁钢筋_N22:683805,683805,510.35113,6.00000,0.00000000;0.00000000;-1.00000000,0
2516,2994,351819,3qlyKYfH9E9fgTzD5PQCaq,主梁钢筋_N22:主梁钢筋_N22:685021,685021,510.35037,6.00000,0.00000000;0.00000000;-1.00000000,0
2517,3010,353283,3qlyKYfH9E9fgTzD5PQCaP,主梁钢筋_N22:主梁钢筋_N22:685040,685040,478.96902,6.00000,0.00000000;0.00000000;-1.00000000,0
2518,2952,313175,3qlyKYfH9E9fgTzD5PQDNm,主梁钢筋_N22:主梁钢筋_N22:683801,683801,478.96902,6.00000,0.00000000;0.00000000;-1.00000000,0
2519,2971,336258,3qlyKYfH9E9fgTzD5PQCbe,主梁钢筋_N22:主梁钢筋_N22:684929,684929,478.96902,6.00000,0.00000000;0.00000000;-1.00000000,0
2520,2991,351786,3qlyKYfH9E9fgTzD5PQCam,主梁钢筋_N22:主梁钢筋_N22:685017,685017,478.96902,6.00000,0.00000000;0.00000000;-1.00000000,0
2521,3008,353261,3qlyKYfH9E9fgTzD5PQCa7,主梁钢筋_N22:主梁钢筋_N22:685038,685038,442.62650,6.00000,0.00000000;0.00000000;-1.00000000,0
2522,2949,309336,3qlyKYfH9E9fgTzD5PQDUl,主梁钢筋_N22:主梁钢筋_N22:683334,683334,442.62650,6.00000,0.00000000;0.00000000;-1.00000000,0
2523,2969,333708,3qlyKYfH9E9fgTzD5PQCcN,主梁钢筋_N22:主梁钢筋_N22:684926,684926,442.62650,6.00000,0.00000000;0.00000000;-1.00000000,0
2524,2988,350475,3qlyKYfH9E9fgTzD5PQCay,主梁钢筋_N22:主梁钢筋_N22:685013,685013,442.62650,6.00000,0.00000000;0.00000000;-1.00000000,0
2525,3005,353228,3qlyKYfH9E9fgTzD5PQCa2,主梁钢筋_N22:主梁钢筋_N22:685035,685035,429.37517,6.00000,0.00000000;0.00000000;-1.00000000,0
2526,2966,329897,3qlyKYfH9E9fgTzD5PQCcJ,主梁钢筋_N22:主梁钢筋_N22:684922,684922,429.37517,6.00000,0.00000000;0.00000000;-1.00000000,0
2527,2946,305525,3qlyKYfH9E9fgTzD5PQDVA,主梁钢筋_N22:主梁钢筋_N22:683299,683299,429.37517,6.00000,0.00000000;0.00000000;-1.00000000,0
2528,2985,350442,3qlyKYfH9E9fgTzD5PQCau,主梁钢筋_N22:主梁钢筋_N22:685009,685009,429.37517,6.00000,0.00000000;0.00000000;-1.00000000,0
2529,272,94184,2wVThW53H5oOZtvqE$OOAb,主梁钢筋_N1a:主梁钢筋_N1a:621887,621887,5660.24587,10.00000,0.00000000;0.00000000;-1.00000000,0
2530,271,94173,2wVThW53H5oOZtvqE$OOAd,主梁钢筋_N1a:主梁钢筋_N1a:621885,621885,5660.24587,10.00000,0.00000000;0.00000000;-1.00000000,0
2531,270,94162,2wVThW53H5oOZtvqE$OOAX,主梁钢筋_N1a:主梁钢筋_N1a:621883,621883,5660.24587,10.00000,0.00000000;0.00000000;-1.00000000,0
2532,269,94151,2wVThW53H5oOZtvqE$OOAZ,主梁钢筋_N1a:主梁钢筋_N1a:621881,621881,5660.24587,10.00000,0.00000000;0.00000000;-1.00000000,0
2533,268,94140,2wVThW53H5oOZtvqE$OOAj,主梁钢筋_N1a:主梁钢筋_N1a:621879,621879,5660.24587,10.00000,0.00000000;0.00000000;-1.00000000,0
2534,267,94129,2wVThW53H5oOZtvqE$OOAl,主梁钢筋_N1a:主梁钢筋_N1a:621877,621877,5660.24587,10.00000,0.00000000;0.00000000;-1.00000000,0
2535,266,94118,2wVThW53H5oOZtvqE$OOAf,主梁钢筋_N1a:主梁钢筋_N1a:621875,621875,5660.24587,10.00000,0.00000000;0.00000000;-1.00000000,0
2536,265,94107,2wVThW53H5oOZtvqE$OOAh,主梁钢筋_N1a:主梁钢筋_N1a:621873,621873,5660.24587,10.00000,0.00000000;0.00000000;-1.00000000,0
2537,264,94096,2wVThW53H5oOZtvqE$OOAr,主梁钢筋_N1a:主梁钢筋_N1a:621871,621871,5660.24587,10.00000,0.00000000;0.00000000;-1.00000000,0
2538,263,94085,2wVThW53H5oOZtvqE$OOAt,主梁钢筋_N1a:主梁钢筋_N1a:621869,621869,5660.24587,10.00000,0.00000000;0.00000000;-1.00000000,0
2539,262,94074,2wVThW53H5oOZtvqE$OOAn,主梁钢筋_N1a:主梁钢筋_N1a:621867,621867,5660.24587,10.00000,0.00000000;0.00000000;-1.00000000,0
2540,261,94063,2wVThW53H5oOZtvqE$OOAp,主梁钢筋_N1a:主梁钢筋_N1a:621865,621865,5660.24587,10.00000,0.00000000;0.00000000;-1.00000000,0
2541,260,94052,2wVThW53H5oOZtvqE$OOAz,主梁钢筋_N1a:主梁钢筋_N1a:621863,621863,5660.24587,10.00000,0.00000000;0.00000000;-1.00000000,0
2542,259,94041,2wVThW53H5oOZtvqE$OOA$,主梁钢筋_N1a:主梁钢筋_N1a:621861,621861,5660.24587,10.00000,0.00000000;0.00000000;-1.00000000,0
2543,258,94030,2wVThW53H5oOZtvqE$OOAv,主梁钢筋_N1a:主梁钢筋_N1a:621859,621859,5660.24587,10.00000,0.00000000;0.00000000;-1.00000000,0
2544,257,94019,2wVThW53H5oOZtvqE$OOAx,主梁钢筋_N1a:主梁钢筋_N1a:621857,621857,5660.24587,10.00000,0.00000000;0.00000000;-1.00000000,0
2545,256,94008,2wVThW53H5oOZtvqE$OOA5,主梁钢筋_N1a:主梁钢筋_N1a:621855,621855,5660.24587,10.00000,0.00000000;0.00000000;-1.00000000,0
2546,255,93997,2wVThW53H5oOZtvqE$OOA7,主梁钢筋_N1a:主梁钢筋_N1a:621853,621853,5660.24587,10.00000,0.00000000;0.00000000;-1.00000000,0
2547,254,93986,2wVThW53H5oOZtvqE$OOA1,主梁钢筋_N1a:主梁钢筋_N1a:621851,621851,5660.24587,10.00000,0.00000000;0.00000000;-1.00000000,0
2548,253,93975,2wVThW53H5oOZtvqE$OOA3,主梁钢筋_N1a:主梁钢筋_N1a:621849,621849,5660.24587,10.00000,0.00000000;0.00000000;-1.00000000,0
2549,252,93964,2wVThW53H5oOZtvqE$OOAD,主梁钢筋_N1a:主梁钢筋_N1a:621847,621847,5660.24587,10.00000,0.00000000;0.00000000;-1.00000000,0
2550,251,93953,2wVThW53H5oOZtvqE$OOAF,主梁钢筋_N1a:主梁钢筋_N1a:621845,621845,5660.24587,10.00000,0.00000000;0.00000000;-1.00000000,0
2551,113,81221,2_G7V2PRX6nuSbGar22Q5G,主梁钢筋_N1a:主梁钢筋_N1a:556386,556386,5660.24587,10.00000,0.00000000;0.00000000;-1.00000000,0
2552,114,81233,2_G7V2PRX6nuSbGar22Q6C,主梁钢筋_N1a:主梁钢筋_N1a:556478,556478,5660.24587,10.00000,0.00000000;0.00000000;-1.00000000,0
2553,117,83380,2_G7V2PRX6nuSbGar22Q7R,主梁钢筋_N1a:主梁钢筋_N1a:556521,556521,5660.24587,10.00000,0.00000000;0.00000000;-1.00000000,0
2554,118,83391,2_G7V2PRX6nuSbGar22Q7U,主梁钢筋_N1a:主梁钢筋_N1a:556524,556524,5660.24587,10.00000,0.00000000;0.00000000;-1.00000000,0
2555,119,83402,2_G7V2PRX6nuSbGar22Q7T,主梁钢筋_N1a:主梁钢筋_N1a:556527,556527,5660.24587,10.00000,0.00000000;0.00000000;-1.00000000,0
2556,120,83413,2_G7V2PRX6nuSbGar22Q70,主梁钢筋_N1a:主梁钢筋_N1a:556530,556530,5660.24587,10.00000,0.00000000;0.00000000;-1.00000000,0
2557,122,85205,2_G7V2PRX6nuSbGar22Q7A,主梁钢筋_N1a:主梁钢筋_N1a:556536,556536,5660.24587,10.00000,0.00000000;0.00000000;-1.00000000,0
2558,123,85216,2_G7V2PRX6nuSbGar22Q79,主梁钢筋_N1a:主梁钢筋_N1a:556539,556539,5660.24587,10.00000,0.00000000;0.00000000;-1.00000000,0
2559,124,85227,2_G7V2PRX6nuSbGar22Q7C,主梁钢筋_N1a:主梁钢筋_N1a:556542,556542,5660.24587,10.00000,0.00000000;0.00000000;-1.00000000,0
2560,125,85238,2_G7V2PRX6nuSbGar22Q8p,主梁钢筋_N1a:主梁钢筋_N1a:556545,556545,5660.24587,10.00000,0.00000000;0.00000000;-1.00000000,0
2561,126,85249,2_G7V2PRX6nuSbGar22Q8s,主梁钢筋_N1a:主梁钢筋_N1a:556548,556548,5660.24587,10.00000,0.00000000;0.00000000;-1.00000000,0
2562,127,85260,2_G7V2PRX6nuSbGar22Q8r,主梁钢筋_N1a:主梁钢筋_N1a:556551,556551,5660.24587,10.00000,0.00000000;0.00000000;-1.00000000,0
2563,128,85271,2_G7V2PRX6nuSbGar22Q8u,主梁钢筋_N1a:主梁钢筋_N1a:556554,556554,5660.24587,10.00000,0.00000000;0.00000000;-1.00000000,0
2564,129,85282,2_G7V2PRX6nuSbGar22Q8$,主梁钢筋_N1a:主梁钢筋_N1a:556557,556557,5660.24587,10.00000,0.00000000;0.00000000;-1.00000000,0
2565,130,85293,2_G7V2PRX6nuSbGar22Q8Y,主梁钢筋_N1a:主梁钢筋_N1a:556560,556560,5660.24587,10.00000,0.00000000;0.00000000;-1.00000000,0
2566,132,85315,2_G7V2PRX6nuSbGar22Q8a,主梁钢筋_N1a:主梁钢筋_N1a:556566,556566,5660.24587,10.00000,0.00000000;0.00000000;-1.00000000,0
2567,133,85326,2_G7V2PRX6nuSbGar22Q8h,主梁钢筋_N1a:主梁钢筋_N1a:556569,556569,5660.24587,10.00000,0.00000000;0.00000000;-1.00000000,0
2568,134,85337,2_G7V2PRX6nuSbGar22Q8k,主梁钢筋_N1a:主梁钢筋_N1a:556572,556572,5660.24587,10.00000,0.00000000;0.00000000;-1.00000000,0
2569,135,85348,2_G7V2PRX6nuSbGar22Q8j,主梁钢筋_N1a:主梁钢筋_N1a:556575,556575,5660.24587,10.00000,0.00000000;0.00000000;-1.00000000,0
2570,136,85359,2_G7V2PRX6nuSbGar22Q8G,主梁钢筋_N1a:主梁钢筋_N1a:556578,556578,5660.24587,10.00000,0.00000000;0.00000000;-1.00000000,0
2571,137,85370,2_G7V2PRX6nuSbGar22Q8N,主梁钢筋_N1a:主梁钢筋_N1a:556581,556581,5660.24587,10.00000,0.00000000;0.00000000;-1.00000000,0
2572,138,85381,2_G7V2PRX6nuSbGar22Q8Q,主梁钢筋_N1a:主梁钢筋_N1a:556584,556584,5660.24587,10.00000,0.00000000;0.00000000;-1.00000000,0
2573,15,77629,2_G7V2PRX6nuSbGar22Q0a,主梁钢筋_N1b:主梁钢筋_N1b:556054,556054,4204.59074,9.00000,0.00000000;0.00000000;-1.00000000,0
2574,47,77982,2_G7V2PRX6nuSbGar22Q14,主梁钢筋_N1b:主梁钢筋_N1b:556150,556150,4204.59074,9.00000,0.00000000;0.00000000;-1.00000000,0
2575,79,78334,2_G7V2PRX6nuSbGar22Q3a,主梁钢筋_N1b:主梁钢筋_N1b:556246,556246,4204.59074,9.00000,0.00000000;0.00000000;-1.00000000,0
2576,250,91429,2wVThW53H5oOZtvqE$OOAL,主梁钢筋_N1b:主梁钢筋_N1b:621839,621839,4204.59175,9.00000,0.00000000;0.00000000;-1.00000000,0
2577,249,91418,2wVThW53H5oOZtvqE$OOAN,主梁钢筋_N1b:主梁钢筋_N1b:621837,621837,4204.59175,9.00000,0.00000000;0.00000000;-1.00000000,0
2578,248,91407,2wVThW53H5oOZtvqE$OOAH,主梁钢筋_N1b:主梁钢筋_N1b:621835,621835,4204.59175,9.00000,0.00000000;0.00000000;-1.00000000,0
2579,276,98108,2wVThW53H5oOZtvqE$OOB8,主梁钢筋_N1d:主梁钢筋_N1d:621906,621906,2166.37455,10.00000,0.00000000;0.00000000;-1.00000000,0
2580,275,98097,2wVThW53H5oOZtvqE$OOBA,主梁钢筋_N1d:主梁钢筋_N1d:621904,621904,2166.37455,10.00000,0.00000000;0.00000000;-1.00000000,0
2581,247,89096,2wVThW53H5oOZtvqE$OOAO,主梁钢筋_N1:主梁钢筋_N1:621826,621826,5546.42438,9.00000,0.00000000;0.00000000;-1.00000000,0
2582,246,89085,2wVThW53H5oOZtvqE$OOAQ,主梁钢筋_N1:主梁钢筋_N1:621824,621824,5546.42438,9.00000,0.00000000;0.00000000;-1.00000000,0
2583,245,89074,2wVThW53H5oOZtvqE$OODa,主梁钢筋_N1:主梁钢筋_N1:621822,621822,5546.42438,9.00000,0.00000000;0.00000000;-1.00000000,0
2584,244,89063,2wVThW53H5oOZtvqE$OODc,主梁钢筋_N1:主梁钢筋_N1:621820,621820,5546.42438,9.00000,0.00000000;0.00000000;-1.00000000,0
2585,243,89052,2wVThW53H5oOZtvqE$OODW,主梁钢筋_N1:主梁钢筋_N1:621818,621818,5546.42438,9.00000,0.00000000;0.00000000;-1.00000000,0
2586,242,89041,2wVThW53H5oOZtvqE$OODY,主梁钢筋_N1:主梁钢筋_N1:621816,621816,5546.42438,9.00000,0.00000000;0.00000000;-1.00000000,0
2587,241,89030,2wVThW53H5oOZtvqE$OODi,主梁钢筋_N1:主梁钢筋_N1:621814,621814,5546.42438,9.00000,0.00000000;0.00000000;-1.00000000,0
2588,240,89019,2wVThW53H5oOZtvqE$OODk,主梁钢筋_N1:主梁钢筋_N1:621812,621812,5546.42438,9.00000,0.00000000;0.00000000;-1.00000000,0
2589,239,89008,2wVThW53H5oOZtvqE$OODe,主梁钢筋_N1:主梁钢筋_N1:621810,621810,5546.42438,9.00000,0.00000000;0.00000000;-1.00000000,0
2590,238,88997,2wVThW53H5oOZtvqE$OODg,主梁钢筋_N1:主梁钢筋_N1:621808,621808,5546.42438,9.00000,0.00000000;0.00000000;-1.00000000,0
2591,237,88986,2wVThW53H5oOZtvqE$OODq,主梁钢筋_N1:主梁钢筋_N1:621806,621806,5546.42438,9.00000,0.00000000;0.00000000;-1.00000000,0
2592,236,88975,2wVThW53H5oOZtvqE$OODs,主梁钢筋_N1:主梁钢筋_N1:621804,621804,5546.42438,9.00000,0.00000000;0.00000000;-1.00000000,0
2593,235,88964,2wVThW53H5oOZtvqE$OODm,主梁钢筋_N1:主梁钢筋_N1:621802,621802,5546.42438,9.00000,0.00000000;0.00000000;-1.00000000,0
2594,234,88953,2wVThW53H5oOZtvqE$OODo,主梁钢筋_N1:主梁钢筋_N1:621800,621800,5546.42438,9.00000,0.00000000;0.00000000;-1.00000000,0
2595,233,88942,2wVThW53H5oOZtvqE$OODy,主梁钢筋_N1:主梁钢筋_N1:621798,621798,5546.42438,9.00000,0.00000000;0.00000000;-1.00000000,0
2596,232,88931,2wVThW53H5oOZtvqE$OOD_,主梁钢筋_N1:主梁钢筋_N1:621796,621796,5546.42438,9.00000,0.00000000;0.00000000;-1.00000000,0
2597,231,88920,2wVThW53H5oOZtvqE$OODu,主梁钢筋_N1:主梁钢筋_N1:621794,621794,5546.42438,9.00000,0.00000000;0.00000000;-1.00000000,0
2598,230,88909,2wVThW53H5oOZtvqE$OODw,主梁钢筋_N1:主梁钢筋_N1:621792,621792,5546.42438,9.00000,0.00000000;0.00000000;-1.00000000,0
2599,229,88898,2wVThW53H5oOZtvqE$OOD4,主梁钢筋_N1:主梁钢筋_N1:621790,621790,5546.42438,9.00000,0.00000000;0.00000000;-1.00000000,0
2600,228,88887,2wVThW53H5oOZtvqE$OOD6,主梁钢筋_N1:主梁钢筋_N1:621788,621788,5546.42438,9.00000,0.00000000;0.00000000;-1.00000000,0
2601,227,88876,2wVThW53H5oOZtvqE$OOD0,主梁钢筋_N1:主梁钢筋_N1:621786,621786,5546.42438,9.00000,0.00000000;0.00000000;-1.00000000,0
2602,226,88865,2wVThW53H5oOZtvqE$OOD2,主梁钢筋_N1:主梁钢筋_N1:621784,621784,5546.42438,9.00000,0.00000000;0.00000000;-1.00000000,0
2603,225,88854,2wVThW53H5oOZtvqE$OODC,主梁钢筋_N1:主梁钢筋_N1:621782,621782,5546.42438,9.00000,0.00000000;0.00000000;-1.00000000,0
2604,224,88843,2wVThW53H5oOZtvqE$OODE,主梁钢筋_N1:主梁钢筋_N1:621780,621780,5546.42438,9.00000,0.00000000;0.00000000;-1.00000000,0
2605,223,88832,2wVThW53H5oOZtvqE$OOD8,主梁钢筋_N1:主梁钢筋_N1:621778,621778,5546.42438,9.00000,0.00000000;0.00000000;-1.00000000,0
2606,222,88821,2wVThW53H5oOZtvqE$OODA,主梁钢筋_N1:主梁钢筋_N1:621776,621776,5546.42438,9.00000,0.00000000;0.00000000;-1.00000000,0
2607,221,88810,2wVThW53H5oOZtvqE$OODK,主梁钢筋_N1:主梁钢筋_N1:621774,621774,5546.42438,9.00000,0.00000000;0.00000000;-1.00000000,0
2608,220,88799,2wVThW53H5oOZtvqE$OODM,主梁钢筋_N1:主梁钢筋_N1:621772,621772,5546.42438,9.00000,0.00000000;0.00000000;-1.00000000,0
2609,219,88788,2wVThW53H5oOZtvqE$OODG,主梁钢筋_N1:主梁钢筋_N1:621770,621770,5546.42438,9.00000,0.00000000;0.00000000;-1.00000000,0
2610,218,88777,2wVThW53H5oOZtvqE$OODI,主梁钢筋_N1:主梁钢筋_N1:621768,621768,5546.42438,9.00000,0.00000000;0.00000000;-1.00000000,0
2611,217,88766,2wVThW53H5oOZtvqE$OODS,主梁钢筋_N1:主梁钢筋_N1:621766,621766,5546.42438,9.00000,0.00000000;0.00000000;-1.00000000,0
2612,216,88755,2wVThW53H5oOZtvqE$OODU,主梁钢筋_N1:主梁钢筋_N1:621764,621764,5546.42438,9.00000,0.00000000;0.00000000;-1.00000000,0
2613,215,88744,2wVThW53H5oOZtvqE$OODO,主梁钢筋_N1:主梁钢筋_N1:621762,621762,5546.42438,9.00000,0.00000000;0.00000000;-1.00000000,0
2614,214,88733,2wVThW53H5oOZtvqE$OODQ,主梁钢筋_N1:主梁钢筋_N1:621760,621760,5546.42438,9.00000,0.00000000;0.00000000;-1.00000000,0
2615,213,88722,2wVThW53H5oOZtvqE$OOCa,主梁钢筋_N1:主梁钢筋_N1:621758,621758,5546.42438,9.00000,0.00000000;0.00000000;-1.00000000,0
2616,212,88711,2wVThW53H5oOZtvqE$OOCc,主梁钢筋_N1:主梁钢筋_N1:621756,621756,5546.42438,9.00000,0.00000000;0.00000000;-1.00000000,0
2617,211,88700,2wVThW53H5oOZtvqE$OOCW,主梁钢筋_N1:主梁钢筋_N1:621754,621754,5546.42438,9.00000,0.00000000;0.00000000;-1.00000000,0
2618,210,88689,2wVThW53H5oOZtvqE$OOCY,主梁钢筋_N1:主梁钢筋_N1:621752,621752,5546.42438,9.00000,0.00000000;0.00000000;-1.00000000,0
2619,209,88678,2wVThW53H5oOZtvqE$OOCi,主梁钢筋_N1:主梁钢筋_N1:621750,621750,5546.42438,9.00000,0.00000000;0.00000000;-1.00000000,0
2620,208,88667,2wVThW53H5oOZtvqE$OOCk,主梁钢筋_N1:主梁钢筋_N1:621748,621748,5546.42438,9.00000,0.00000000;0.00000000;-1.00000000,0
2621,207,88656,2wVThW53H5oOZtvqE$OOCe,主梁钢筋_N1:主梁钢筋_N1:621746,621746,5546.42438,9.00000,0.00000000;0.00000000;-1.00000000,0
2622,206,88645,2wVThW53H5oOZtvqE$OOCg,主梁钢筋_N1:主梁钢筋_N1:621744,621744,5546.42438,9.00000,0.00000000;0.00000000;-1.00000000,0
2623,205,88634,2wVThW53H5oOZtvqE$OOCq,主梁钢筋_N1:主梁钢筋_N1:621742,621742,5546.42438,9.00000,0.00000000;0.00000000;-1.00000000,0
2624,204,88623,2wVThW53H5oOZtvqE$OOCs,主梁钢筋_N1:主梁钢筋_N1:621740,621740,5546.42438,9.00000,0.00000000;0.00000000;-1.00000000,0
2625,203,88612,2wVThW53H5oOZtvqE$OOCm,主梁钢筋_N1:主梁钢筋_N1:621738,621738,5546.42438,9.00000,0.00000000;0.00000000;-1.00000000,0
2626,202,88601,2wVThW53H5oOZtvqE$OOCo,主梁钢筋_N1:主梁钢筋_N1:621736,621736,5546.42438,9.00000,0.00000000;0.00000000;-1.00000000,0
2627,201,88590,2wVThW53H5oOZtvqE$OOCy,主梁钢筋_N1:主梁钢筋_N1:621734,621734,5546.42438,9.00000,0.00000000;0.00000000;-1.00000000,0
2628,200,88579,2wVThW53H5oOZtvqE$OOC_,主梁钢筋_N1:主梁钢筋_N1:621732,621732,5546.42438,9.00000,0.00000000;0.00000000;-1.00000000,0
2629,199,88568,2wVThW53H5oOZtvqE$OOCu,主梁钢筋_N1:主梁钢筋_N1:621730,621730,5546.42438,9.00000,0.00000000;0.00000000;-1.00000000,0
2630,198,88557,2wVThW53H5oOZtvqE$OOCw,主梁钢筋_N1:主梁钢筋_N1:621728,621728,5546.42438,9.00000,0.00000000;0.00000000;-1.00000000,0
2631,197,88546,2wVThW53H5oOZtvqE$OOC4,主梁钢筋_N1:主梁钢筋_N1:621726,621726,5546.42438,9.00000,0.00000000;0.00000000;-1.00000000,0
2632,196,88535,2wVThW53H5oOZtvqE$OOC6,主梁钢筋_N1:主梁钢筋_N1:621724,621724,5546.42438,9.00000,0.00000000;0.00000000;-1.00000000,0
2633,195,88524,2wVThW53H5oOZtvqE$OOC0,主梁钢筋_N1:主梁钢筋_N1:621722,621722,5546.42438,9.00000,0.00000000;0.00000000;-1.00000000,0
2634,194,88513,2wVThW53H5oOZtvqE$OOC2,主梁钢筋_N1:主梁钢筋_N1:621720,621720,5546.42438,9.00000,0.00000000;0.00000000;-1.00000000,0
2635,193,88502,2wVThW53H5oOZtvqE$OOCC,主梁钢筋_N1:主梁钢筋_N1:621718,621718,5546.42438,9.00000,0.00000000;0.00000000;-1.00000000,0
2636,192,88491,2wVThW53H5oOZtvqE$OOCE,主梁钢筋_N1:主梁钢筋_N1:621716,621716,5546.42438,9.00000,0.00000000;0.00000000;-1.00000000,0
2637,191,88480,2wVThW53H5oOZtvqE$OOC8,主梁钢筋_N1:主梁钢筋_N1:621714,621714,5546.42438,9.00000,0.00000000;0.00000000;-1.00000000,0
2638,190,88469,2wVThW53H5oOZtvqE$OOCA,主梁钢筋_N1:主梁钢筋_N1:621712,621712,5546.42438,9.00000,0.00000000;0.00000000;-1.00000000,0
2639,189,88458,2wVThW53H5oOZtvqE$OOCK,主梁钢筋_N1:主梁钢筋_N1:621710,621710,5546.42438,9.00000,0.00000000;0.00000000;-1.00000000,0
2640,188,88447,2wVThW53H5oOZtvqE$OOCM,主梁钢筋_N1:主梁钢筋_N1:621708,621708,5546.42438,9.00000,0.00000000;0.00000000;-1.00000000,0
2641,187,88436,2wVThW53H5oOZtvqE$OOCG,主梁钢筋_N1:主梁钢筋_N1:621706,621706,5546.42438,9.00000,0.00000000;0.00000000;-1.00000000,0
2642,186,88425,2wVThW53H5oOZtvqE$OOCI,主梁钢筋_N1:主梁钢筋_N1:621704,621704,5546.42438,9.00000,0.00000000;0.00000000;-1.00000000,0
2643,185,88414,2wVThW53H5oOZtvqE$OOCS,主梁钢筋_N1:主梁钢筋_N1:621702,621702,5546.42438,9.00000,0.00000000;0.00000000;-1.00000000,0
2644,184,88403,2wVThW53H5oOZtvqE$OOCU,主梁钢筋_N1:主梁钢筋_N1:621700,621700,5546.42438,9.00000,0.00000000;0.00000000;-1.00000000,0
2645,183,88392,2wVThW53H5oOZtvqE$OOCO,主梁钢筋_N1:主梁钢筋_N1:621698,621698,5546.42438,9.00000,0.00000000;0.00000000;-1.00000000,0
2646,182,88381,2wVThW53H5oOZtvqE$OOCQ,主梁钢筋_N1:主梁钢筋_N1:621696,621696,5546.42438,9.00000,0.00000000;0.00000000;-1.00000000,0
2647,181,88370,2wVThW53H5oOZtvqE$OOFa,主梁钢筋_N1:主梁钢筋_N1:621694,621694,5546.42438,9.00000,0.00000000;0.00000000;-1.00000000,0
2648,180,88359,2wVThW53H5oOZtvqE$OOFc,主梁钢筋_N1:主梁钢筋_N1:621692,621692,5546.42438,9.00000,0.00000000;0.00000000;-1.00000000,0
2649,179,88348,2wVThW53H5oOZtvqE$OOFW,主梁钢筋_N1:主梁钢筋_N1:621690,621690,5546.42438,9.00000,0.00000000;0.00000000;-1.00000000,0
2650,178,88337,2wVThW53H5oOZtvqE$OOFY,主梁钢筋_N1:主梁钢筋_N1:621688,621688,5546.42438,9.00000,0.00000000;0.00000000;-1.00000000,0
2651,177,88326,2wVThW53H5oOZtvqE$OOFi,主梁钢筋_N1:主梁钢筋_N1:621686,621686,5546.42438,9.00000,0.00000000;0.00000000;-1.00000000,0
2652,176,88315,2wVThW53H5oOZtvqE$OOFk,主梁钢筋_N1:主梁钢筋_N1:621684,621684,5546.42438,9.00000,0.00000000;0.00000000;-1.00000000,0
2653,175,88304,2wVThW53H5oOZtvqE$OOFe,主梁钢筋_N1:主梁钢筋_N1:621682,621682,5546.42438,9.00000,0.00000000;0.00000000;-1.00000000,0
2654,174,88293,2wVThW53H5oOZtvqE$OOFg,主梁钢筋_N1:主梁钢筋_N1:621680,621680,5546.42438,9.00000,0.00000000;0.00000000;-1.00000000,0
2655,173,88282,2wVThW53H5oOZtvqE$OOFq,主梁钢筋_N1:主梁钢筋_N1:621678,621678,5546.42438,9.00000,0.00000000;0.00000000;-1.00000000,0
2656,172,88271,2wVThW53H5oOZtvqE$OOFs,主梁钢筋_N1:主梁钢筋_N1:621676,621676,5546.42438,9.00000,0.00000000;0.00000000;-1.00000000,0
2657,171,88260,2wVThW53H5oOZtvqE$OOFm,主梁钢筋_N1:主梁钢筋_N1:621674,621674,5546.42438,9.00000,0.00000000;0.00000000;-1.00000000,0
2658,170,88249,2wVThW53H5oOZtvqE$OOFo,主梁钢筋_N1:主梁钢筋_N1:621672,621672,5546.42438,9.00000,0.00000000;0.00000000;-1.00000000,0
2659,169,88238,2wVThW53H5oOZtvqE$OOFy,主梁钢筋_N1:主梁钢筋_N1:621670,621670,5546.42438,9.00000,0.00000000;0.00000000;-1.00000000,0
2660,168,88227,2wVThW53H5oOZtvqE$OOF_,主梁钢筋_N1:主梁钢筋_N1:621668,621668,5546.42438,9.00000,0.00000000;0.00000000;-1.00000000,0
2661,167,88216,2wVThW53H5oOZtvqE$OOFu,主梁钢筋_N1:主梁钢筋_N1:621666,621666,5546.42438,9.00000,0.00000000;0.00000000;-1.00000000,0
2662,166,88205,2wVThW53H5oOZtvqE$OOFw,主梁钢筋_N1:主梁钢筋_N1:621664,621664,5546.42438,9.00000,0.00000000;0.00000000;-1.00000000,0
2663,165,88194,2wVThW53H5oOZtvqE$OOF4,主梁钢筋_N1:主梁钢筋_N1:621662,621662,5546.42438,9.00000,0.00000000;0.00000000;-1.00000000,0
2664,164,88183,2wVThW53H5oOZtvqE$OOF6,主梁钢筋_N1:主梁钢筋_N1:621660,621660,5546.42438,9.00000,0.00000000;0.00000000;-1.00000000,0
2665,163,88172,2wVThW53H5oOZtvqE$OOF0,主梁钢筋_N1:主梁钢筋_N1:621658,621658,5546.42438,9.00000,0.00000000;0.00000000;-1.00000000,0
2666,162,88161,2wVThW53H5oOZtvqE$OOF2,主梁钢筋_N1:主梁钢筋_N1:621656,621656,5546.42438,9.00000,0.00000000;0.00000000;-1.00000000,0
2667,161,88150,2wVThW53H5oOZtvqE$OOFC,主梁钢筋_N1:主梁钢筋_N1:621654,621654,5546.42438,9.00000,0.00000000;0.00000000;-1.00000000,0
2668,160,88139,2wVThW53H5oOZtvqE$OOFE,主梁钢筋_N1:主梁钢筋_N1:621652,621652,5546.42438,9.00000,0.00000000;0.00000000;-1.00000000,0
2669,159,88128,2wVThW53H5oOZtvqE$OOF8,主梁钢筋_N1:主梁钢筋_N1:621650,621650,5546.42438,9.00000,0.00000000;0.00000000;-1.00000000,0
2670,158,88117,2wVThW53H5oOZtvqE$OOFA,主梁钢筋_N1:主梁钢筋_N1:621648,621648,5546.42438,9.00000,0.00000000;0.00000000;-1.00000000,0
2671,157,88106,2wVThW53H5oOZtvqE$OOFK,主梁钢筋_N1:主梁钢筋_N1:621646,621646,5546.42438,9.00000,0.00000000;0.00000000;-1.00000000,0
2672,156,88095,2wVThW53H5oOZtvqE$OOFM,主梁钢筋_N1:主梁钢筋_N1:621644,621644,5546.42438,9.00000,0.00000000;0.00000000;-1.00000000,0
2673,155,88084,2wVThW53H5oOZtvqE$OOFG,主梁钢筋_N1:主梁钢筋_N1:621642,621642,5546.42438,9.00000,0.00000000;0.00000000;-1.00000000,0
2674,154,88073,2wVThW53H5oOZtvqE$OOFI,主梁钢筋_N1:主梁钢筋_N1:621640,621640,5546.42438,9.00000,0.00000000;0.00000000;-1.00000000,0
2675,153,88062,2wVThW53H5oOZtvqE$OOFS,主梁钢筋_N1:主梁钢筋_N1:621638,621638,5546.42438,9.00000,0.00000000;0.00000000;-1.00000000,0
2676,152,88051,2wVThW53H5oOZtvqE$OOFU,主梁钢筋_N1:主梁钢筋_N1:621636,621636,5546.42438,9.00000,0.00000000;0.00000000;-1.00000000,0
2677,151,88040,2wVThW53H5oOZtvqE$OOFO,主梁钢筋_N1:主梁钢筋_N1:621634,621634,5546.42438,9.00000,0.00000000;0.00000000;-1.00000000,0
2678,150,88029,2wVThW53H5oOZtvqE$OOFQ,主梁钢筋_N1:主梁钢筋_N1:621632,621632,5546.42438,9.00000,0.00000000;0.00000000;-1.00000000,0
2679,149,88018,2wVThW53H5oOZtvqE$OOEa,主梁钢筋_N1:主梁钢筋_N1:621630,621630,5546.42438,9.00000,0.00000000;0.00000000;-1.00000000,0
2680,148,88007,2wVThW53H5oOZtvqE$OOEc,主梁钢筋_N1:主梁钢筋_N1:621628,621628,5546.42438,9.00000,0.00000000;0.00000000;-1.00000000,0
2681,147,87996,2wVThW53H5oOZtvqE$OOEW,主梁钢筋_N1:主梁钢筋_N1:621626,621626,5546.42438,9.00000,0.00000000;0.00000000;-1.00000000,0
2682,146,87985,2wVThW53H5oOZtvqE$OOEY,主梁钢筋_N1:主梁钢筋_N1:621624,621624,5546.42438,9.00000,0.00000000;0.00000000;-1.00000000,0
2683,145,87974,2wVThW53H5oOZtvqE$OOEi,主梁钢筋_N1:主梁钢筋_N1:621622,621622,5546.42438,9.00000,0.00000000;0.00000000;-1.00000000,0
2684,144,87963,2wVThW53H5oOZtvqE$OOEk,主梁钢筋_N1:主梁钢筋_N1:621620,621620,5546.42438,9.00000,0.00000000;0.00000000;-1.00000000,0
2685,143,87952,2wVThW53H5oOZtvqE$OOEe,主梁钢筋_N1:主梁钢筋_N1:621618,621618,5546.42438,9.00000,0.00000000;0.00000000;-1.00000000,0
2686,142,87941,2wVThW53H5oOZtvqE$OOEg,主梁钢筋_N1:主梁钢筋_N1:621616,621616,5546.42438,9.00000,0.00000000;0.00000000;-1.00000000,0
2687,141,87930,2wVThW53H5oOZtvqE$OOEq,主梁钢筋_N1:主梁钢筋_N1:621614,621614,5546.42438,9.00000,0.00000000;0.00000000;-1.00000000,0
2688,140,87919,2wVThW53H5oOZtvqE$OOEs,主梁钢筋_N1:主梁钢筋_N1:621612,621612,5546.42438,9.00000,0.00000000;0.00000000;-1.00000000,0
2689,139,87908,2wVThW53H5oOZtvqE$OOEm,主梁钢筋_N1:主梁钢筋_N1:621610,621610,5546.42438,9.00000,0.00000000;0.00000000;-1.00000000,0
2690,0,75163,2_G7V2PRX6nuSbGar22QT4,主梁钢筋_N1:主梁钢筋_N1:555894,555894,5546.42590,9.00000,0.00000000;0.00000000;-1.00000000,0
2691,1,75175,2_G7V2PRX6nuSbGar22QVx,主梁钢筋_N1:主梁钢筋_N1:555977,555977,5546.42590,9.00000,0.00000000;0.00000000;-1.00000000,0
2692,2,75186,2_G7V2PRX6nuSbGar22QVT,主梁钢筋_N1:主梁钢筋_N1:556015,556015,5546.42590,9.00000,0.00000000;0.00000000;-1.00000000,0
2693,3,75197,2_G7V2PRX6nuSbGar22QV0,主梁钢筋_N1:主梁钢筋_N1:556018,556018,5546.42590,9.00000,0.00000000;0.00000000;-1.00000000,0
2694,4,75208,2_G7V2PRX6nuSbGar22QV7,主梁钢筋_N1:主梁钢筋_N1:556021,556021,5546.42590,9.00000,0.00000000;0.00000000;-1.00000000,0
2695,5,75219,2_G7V2PRX6nuSbGar22QVA,主梁钢筋_N1:主梁钢筋_N1:556024,556024,5546.42590,9.00000,0.00000000;0.00000000;-1.00000000,0
2696,6,75230,2_G7V2PRX6nuSbGar22QV9,主梁钢筋_N1:主梁钢筋_N1:556027,556027,5546.42590,9.00000,0.00000000;0.00000000;-1.00000000,0
2697,7,75241,2_G7V2PRX6nuSbGar22QVC,主梁钢筋_N1:主梁钢筋_N1:556030,556030,5546.42590,9.00000,0.00000000;0.00000000;-1.00000000,0
2698,8,75252,2_G7V2PRX6nuSbGar22Q0p,主梁钢筋_N1:主梁钢筋_N1:556033,556033,5546.42590,9.00000,0.00000000;0.00000000;-1.00000000,0
2699,9,75263,2_G7V2PRX6nuSbGar22Q0s,主梁钢筋_N1:主梁钢筋_N1:556036,556036,5546.42590,9.00000,0.00000000;0.00000000;-1.00000000,0
2700,10,75274,2_G7V2PRX6nuSbGar22Q0r,主梁钢筋_N1:主梁钢筋_N1:556039,556039,5546.42590,9.00000,0.00000000;0.00000000;-1.00000000,0
2701,11,75285,2_G7V2PRX6nuSbGar22Q0u,主梁钢筋_N1:主梁钢筋_N1:556042,556042,5546.42590,9.00000,0.00000000;0.00000000;-1.00000000,0
2702,12,75296,2_G7V2PRX6nuSbGar22Q0$,主梁钢筋_N1:主梁钢筋_N1:556045,556045,5546.42590,9.00000,0.00000000;0.00000000;-1.00000000,0
2703,13,75307,2_G7V2PRX6nuSbGar22Q0Y,主梁钢筋_N1:主梁钢筋_N1:556048,556048,5546.42590,9.00000,0.00000000;0.00000000;-1.00000000,0
2704,14,75318,2_G7V2PRX6nuSbGar22Q0X,主梁钢筋_N1:主梁钢筋_N1:556051,556051,5546.42590,9.00000,0.00000000;0.00000000;-1.00000000,0
2705,16,77641,2_G7V2PRX6nuSbGar22Q0h,主梁钢筋_N1:主梁钢筋_N1:556057,556057,5546.42590,9.00000,0.00000000;0.00000000;-1.00000000,0
2706,17,77652,2_G7V2PRX6nuSbGar22Q0k,主梁钢筋_N1:主梁钢筋_N1:556060,556060,5546.42590,9.00000,0.00000000;0.00000000;-1.00000000,0
2707,18,77663,2_G7V2PRX6nuSbGar22Q0j,主梁钢筋_N1:主梁钢筋_N1:556063,556063,5546.42590,9.00000,0.00000000;0.00000000;-1.00000000,0
2708,19,77674,2_G7V2PRX6nuSbGar22Q0G,主梁钢筋_N1:主梁钢筋_N1:556066,556066,5546.42590,9.00000,0.00000000;0.00000000;-1.00000000,0
2709,20,77685,2_G7V2PRX6nuSbGar22Q0N,主梁钢筋_N1:主梁钢筋_N1:556069,556069,5546.42590,9.00000,0.00000000;0.00000000;-1.00000000,0
2710,21,77696,2_G7V2PRX6nuSbGar22Q0Q,主梁钢筋_N1:主梁钢筋_N1:556072,556072,5546.42590,9.00000,0.00000000;0.00000000;-1.00000000,0
2711,22,77707,2_G7V2PRX6nuSbGar22Q0P,主梁钢筋_N1:主梁钢筋_N1:556075,556075,5546.42590,9.00000,0.00000000;0.00000000;-1.00000000,0
2712,23,77718,2_G7V2PRX6nuSbGar22Q0S,主梁钢筋_N1:主梁钢筋_N1:556078,556078,5546.42590,9.00000,0.00000000;0.00000000;-1.00000000,0
2713,24,77729,2_G7V2PRX6nuSbGar22Q03,主梁钢筋_N1:主梁钢筋_N1:556081,556081,5546.42590,9.00000,0.00000000;0.00000000;-1.00000000,0
2714,25,77740,2_G7V2PRX6nuSbGar22Q06,主梁钢筋_N1:主梁钢筋_N1:556084,556084,5546.42590,9.00000,0.00000000;0.00000000;-1.00000000,0
2715,26,77751,2_G7V2PRX6nuSbGar22Q05,主梁钢筋_N1:主梁钢筋_N1:556087,556087,5546.42590,9.00000,0.00000000;0.00000000;-1.00000000,0
2716,27,77762,2_G7V2PRX6nuSbGar22Q08,主梁钢筋_N1:主梁钢筋_N1:556090,556090,5546.42590,9.00000,0.00000000;0.00000000;-1.00000000,0
2717,28,77773,2_G7V2PRX6nuSbGar22Q0F,主梁钢筋_N1:主梁钢筋_N1:556093,556093,5546.42590,9.00000,0.00000000;0.00000000;-1.00000000,0
2718,29,77784,2_G7V2PRX6nuSbGar22Q1o,主梁钢筋_N1:主梁钢筋_N1:556096,556096,5546.42590,9.00000,0.00000000;0.00000000;-1.00000000,0
2719,30,77795,2_G7V2PRX6nuSbGar22Q1n,主梁钢筋_N1:主梁钢筋_N1:556099,556099,5546.42590,9.00000,0.00000000;0.00000000;-1.00000000,0
2720,31,77806,2_G7V2PRX6nuSbGar22Q1q,主梁钢筋_N1:主梁钢筋_N1:556102,556102,5546.42590,9.00000,0.00000000;0.00000000;-1.00000000,0
2721,32,77817,2_G7V2PRX6nuSbGar22Q1x,主梁钢筋_N1:主梁钢筋_N1:556105,556105,5546.42590,9.00000,0.00000000;0.00000000;-1.00000000,0
2722,33,77828,2_G7V2PRX6nuSbGar22Q1_,主梁钢筋_N1:主梁钢筋_N1:556108,556108,5546.42590,9.00000,0.00000000;0.00000000;-1.00000000,0
2723,34,77839,2_G7V2PRX6nuSbGar22Q1z,主梁钢筋_N1:主梁钢筋_N1:556111,556111,5546.42590,9.00000,0.00000000;0.00000000;-1.00000000,0
2724,35,77850,2_G7V2PRX6nuSbGar22Q1W,主梁钢筋_N1:主梁钢筋_N1:556114,556114,5546.42590,9.00000,0.00000000;0.00000000;-1.00000000,0
2725,36,77861,2_G7V2PRX6nuSbGar22Q1d,主梁钢筋_N1:主梁钢筋_N1:556117,556117,5546.42590,9.00000,0.00000000;0.00000000;-1.00000000,0
2726,37,77872,2_G7V2PRX6nuSbGar22Q1g,主梁钢筋_N1:主梁钢筋_N1:556120,556120,5546.42590,9.00000,0.00000000;0.00000000;-1.00000000,0
2727,38,77883,2_G7V2PRX6nuSbGar22Q1f,主梁钢筋_N1:主梁钢筋_N1:556123,556123,5546.42590,9.00000,0.00000000;0.00000000;-1.00000000,0
2728,39,77894,2_G7V2PRX6nuSbGar22Q1i,主梁钢筋_N1:主梁钢筋_N1:556126,556126,5546.42590,9.00000,0.00000000;0.00000000;-1.00000000,0
2729,40,77905,2_G7V2PRX6nuSbGar22Q1J,主梁钢筋_N1:主梁钢筋_N1:556129,556129,5546.42590,9.00000,0.00000000;0.00000000;-1.00000000,0
2730,41,77916,2_G7V2PRX6nuSbGar22Q1M,主梁钢筋_N1:主梁钢筋_N1:556132,556132,5546.42590,9.00000,0.00000000;0.00000000;-1.00000000,0
2731,42,77927,2_G7V2PRX6nuSbGar22Q1L,主梁钢筋_N1:主梁钢筋_N1:556135,556135,5546.42590,9.00000,0.00000000;0.00000000;-1.00000000,0
2732,43,77938,2_G7V2PRX6nuSbGar22Q1O,主梁钢筋_N1:主梁钢筋_N1:556138,556138,5546.42590,9.00000,0.00000000;0.00000000;-1.00000000,0
2733,44,77949,2_G7V2PRX6nuSbGar22Q1V,主梁钢筋_N1:主梁钢筋_N1:556141,556141,5546.42590,9.00000,0.00000000;0.00000000;-1.00000000,0
2734,45,77960,2_G7V2PRX6nuSbGar22Q12,主梁钢筋_N1:主梁钢筋_N1:556144,556144,5546.42590,9.00000,0.00000000;0.00000000;-1.00000000,0
2735,46,77971,2_G7V2PRX6nuSbGar22Q11,主梁钢筋_N1:主梁钢筋_N1:556147,556147,5546.42590,9.00000,0.00000000;0.00000000;-1.00000000,0
2736,48,77993,2_G7V2PRX6nuSbGar22Q1B,主梁钢筋_N1:主梁钢筋_N1:556153,556153,5546.42590,9.00000,0.00000000;0.00000000;-1.00000000,0
2737,49,78004,2_G7V2PRX6nuSbGar22Q1E,主梁钢筋_N1:主梁钢筋_N1:556156,556156,5546.42590,9.00000,0.00000000;0.00000000;-1.00000000,0
2738,50,78015,2_G7V2PRX6nuSbGar22Q1D,主梁钢筋_N1:主梁钢筋_N1:556159,556159,5546.42590,9.00000,0.00000000;0.00000000;-1.00000000,0
2739,51,78026,2_G7V2PRX6nuSbGar22Q2m,主梁钢筋_N1:主梁钢筋_N1:556162,556162,5546.42590,9.00000,0.00000000;0.00000000;-1.00000000,0
2740,52,78037,2_G7V2PRX6nuSbGar22Q2t,主梁钢筋_N1:主梁钢筋_N1:556165,556165,5546.42590,9.00000,0.00000000;0.00000000;-1.00000000,0
2741,53,78048,2_G7V2PRX6nuSbGar22Q2w,主梁钢筋_N1:主梁钢筋_N1:556168,556168,5546.42590,9.00000,0.00000000;0.00000000;-1.00000000,0
2742,54,78059,2_G7V2PRX6nuSbGar22Q2v,主梁钢筋_N1:主梁钢筋_N1:556171,556171,5546.42590,9.00000,0.00000000;0.00000000;-1.00000000,0
2743,55,78070,2_G7V2PRX6nuSbGar22Q2y,主梁钢筋_N1:主梁钢筋_N1:556174,556174,5546.42590,9.00000,0.00000000;0.00000000;-1.00000000,0
2744,56,78081,2_G7V2PRX6nuSbGar22Q2Z,主梁钢筋_N1:主梁钢筋_N1:556177,556177,5546.42590,9.00000,0.00000000;0.00000000;-1.00000000,0
2745,57,78092,2_G7V2PRX6nuSbGar22Q2c,主梁钢筋_N1:主梁钢筋_N1:556180,556180,5546.42590,9.00000,0.00000000;0.00000000;-1.00000000,0
2746,58,78103,2_G7V2PRX6nuSbGar22Q2b,主梁钢筋_N1:主梁钢筋_N1:556183,556183,5546.42590,9.00000,0.00000000;0.00000000;-1.00000000,0
2747,59,78114,2_G7V2PRX6nuSbGar22Q2e,主梁钢筋_N1:主梁钢筋_N1:556186,556186,5546.42590,9.00000,0.00000000;0.00000000;-1.00000000,0
2748,60,78125,2_G7V2PRX6nuSbGar22Q2l,主梁钢筋_N1:主梁钢筋_N1:556189,556189,5546.42590,9.00000,0.00000000;0.00000000;-1.00000000,0
2749,61,78136,2_G7V2PRX6nuSbGar22Q2I,主梁钢筋_N1:主梁钢筋_N1:556192,556192,5546.42590,9.00000,0.00000000;0.00000000;-1.00000000,0
2750,62,78147,2_G7V2PRX6nuSbGar22Q2H,主梁钢筋_N1:主梁钢筋_N1:556195,556195,5546.42590,9.00000,0.00000000;0.00000000;-1.00000000,0
2751,63,78158,2_G7V2PRX6nuSbGar22Q2K,主梁钢筋_N1:主梁钢筋_N1:556198,556198,5546.42590,9.00000,0.00000000;0.00000000;-1.00000000,0
2752,64,78169,2_G7V2PRX6nuSbGar22Q2R,主梁钢筋_N1:主梁钢筋_N1:556201,556201,5546.42590,9.00000,0.00000000;0.00000000;-1.00000000,0
2753,65,78180,2_G7V2PRX6nuSbGar22Q2U,主梁钢筋_N1:主梁钢筋_N1:556204,556204,5546.42590,9.00000,0.00000000;0.00000000;-1.00000000,0
2754,66,78191,2_G7V2PRX6nuSbGar22Q2T,主梁钢筋_N1:主梁钢筋_N1:556207,556207,5546.42590,9.00000,0.00000000;0.00000000;-1.00000000,0
2755,67,78202,2_G7V2PRX6nuSbGar22Q20,主梁钢筋_N1:主梁钢筋_N1:556210,556210,5546.42590,9.00000,0.00000000;0.00000000;-1.00000000,0
2756,68,78213,2_G7V2PRX6nuSbGar22Q27,主梁钢筋_N1:主梁钢筋_N1:556213,556213,5546.42590,9.00000,0.00000000;0.00000000;-1.00000000,0
2757,69,78224,2_G7V2PRX6nuSbGar22Q2A,主梁钢筋_N1:主梁钢筋_N1:556216,556216,5546.42590,9.00000,0.00000000;0.00000000;-1.00000000,0
2758,70,78235,2_G7V2PRX6nuSbGar22Q29,主梁钢筋_N1:主梁钢筋_N1:556219,556219,5546.42590,9.00000,0.00000000;0.00000000;-1.00000000,0
2759,71,78246,2_G7V2PRX6nuSbGar22Q2C,主梁钢筋_N1:主梁钢筋_N1:556222,556222,5546.42590,9.00000,0.00000000;0.00000000;-1.00000000,0
2760,72,78257,2_G7V2PRX6nuSbGar22Q3p,主梁钢筋_N1:主梁钢筋_N1:556225,556225,5546.42590,9.00000,0.00000000;0.00000000;-1.00000000,0
2761,73,78268,2_G7V2PRX6nuSbGar22Q3s,主梁钢筋_N1:主梁钢筋_N1:556228,556228,5546.42590,9.00000,0.00000000;0.00000000;-1.00000000,0
2762,74,78279,2_G7V2PRX6nuSbGar22Q3r,主梁钢筋_N1:主梁钢筋_N1:556231,556231,5546.42590,9.00000,0.00000000;0.00000000;-1.00000000,0
2763,75,78290,2_G7V2PRX6nuSbGar22Q3u,主梁钢筋_N1:主梁钢筋_N1:556234,556234,5546.42590,9.00000,0.00000000;0.00000000;-1.00000000,0
2764,76,78301,2_G7V2PRX6nuSbGar22Q3$,主梁钢筋_N1:主梁钢筋_N1:556237,556237,5546.42590,9.00000,0.00000000;0.00000000;-1.00000000,0
2765,77,78312,2_G7V2PRX6nuSbGar22Q3Y,主梁钢筋_N1:主梁钢筋_N1:556240,556240,5546.42590,9.00000,0.00000000;0.00000000;-1.00000000,0
2766,78,78323,2_G7V2PRX6nuSbGar22Q3X,主梁钢筋_N1:主梁钢筋_N1:556243,556243,5546.42590,9.00000,0.00000000;0.00000000;-1.00000000,0
2767,80,78345,2_G7V2PRX6nuSbGar22Q3h,主梁钢筋_N1:主梁钢筋_N1:556249,556249,5546.42590,9.00000,0.00000000;0.00000000;-1.00000000,0
2768,81,78356,2_G7V2PRX6nuSbGar22Q3k,主梁钢筋_N1:主梁钢筋_N1:556252,556252,5546.42590,9.00000,0.00000000;0.00000000;-1.00000000,0
2769,82,78367,2_G7V2PRX6nuSbGar22Q3j,主梁钢筋_N1:主梁钢筋_N1:556255,556255,5546.42590,9.00000,0.00000000;0.00000000;-1.00000000,0
2770,83,78378,2_G7V2PRX6nuSbGar22Q3G,主梁钢筋_N1:主梁钢筋_N1:556258,556258,5546.42590,9.00000,0.00000000;0.00000000;-1.00000000,0
2771,84,78389,2_G7V2PRX6nuSbGar22Q3N,主梁钢筋_N1:主梁钢筋_N1:556261,556261,5546.42590,9.00000,0.00000000;0.00000000;-1.00000000,0
2772,85,78400,2_G7V2PRX6nuSbGar22Q3Q,主梁钢筋_N1:主梁钢筋_N1:556264,556264,5546.42590,9.00000,0.00000000;0.00000000;-1.00000000,0
2773,86,78411,2_G7V2PRX6nuSbGar22Q3P,主梁钢筋_N1:主梁钢筋_N1:556267,556267,5546.42590,9.00000,0.00000000;0.00000000;-1.00000000,0
2774,87,78422,2_G7V2PRX6nuSbGar22Q3S,主梁钢筋_N1:主梁钢筋_N1:556270,556270,5546.42590,9.00000,0.00000000;0.00000000;-1.00000000,0
2775,88,78433,2_G7V2PRX6nuSbGar22Q33,主梁钢筋_N1:主梁钢筋_N1:556273,556273,5546.42590,9.00000,0.00000000;0.00000000;-1.00000000,0
2776,89,78444,2_G7V2PRX6nuSbGar22Q36,主梁钢筋_N1:主梁钢筋_N1:556276,556276,5546.42590,9.00000,0.00000000;0.00000000;-1.00000000,0
2777,90,78455,2_G7V2PRX6nuSbGar22Q35,主梁钢筋_N1:主梁钢筋_N1:556279,556279,5546.42590,9.00000,0.00000000;0.00000000;-1.00000000,0
2778,91,78466,2_G7V2PRX6nuSbGar22Q38,主梁钢筋_N1:主梁钢筋_N1:556282,556282,5546.42590,9.00000,0.00000000;0.00000000;-1.00000000,0
2779,92,78477,2_G7V2PRX6nuSbGar22Q3F,主梁钢筋_N1:主梁钢筋_N1:556285,556285,5546.42590,9.00000,0.00000000;0.00000000;-1.00000000,0
2780,93,78488,2_G7V2PRX6nuSbGar22Q4o,主梁钢筋_N1:主梁钢筋_N1:556288,556288,5546.42590,9.00000,0.00000000;0.00000000;-1.00000000,0
2781,94,78499,2_G7V2PRX6nuSbGar22Q4n,主梁钢筋_N1:主梁钢筋_N1:556291,556291,5546.42590,9.00000,0.00000000;0.00000000;-1.00000000,0
2782,95,78510,2_G7V2PRX6nuSbGar22Q4q,主梁钢筋_N1:主梁钢筋_N1:556294,556294,5546.42590,9.00000,0.00000000;0.00000000;-1.00000000,0
2783,96,78521,2_G7V2PRX6nuSbGar22Q4x,主梁钢筋_N1:主梁钢筋_N1:556297,556297,5546.42590,9.00000,0.00000000;0.00000000;-1.00000000,0
2784,97,78532,2_G7V2PRX6nuSbGar22Q4_,主梁钢筋_N1:主梁钢筋_N1:556300,556300,5546.42590,9.00000,0.00000000;0.00000000;-1.00000000,0
2785,98,78543,2_G7V2PRX6nuSbGar22Q4z,主梁钢筋_N1:主梁钢筋_N1:556303,556303,5546.42590,9.00000,0.00000000;0.00000000;-1.00000000,0
2786,99,78554,2_G7V2PRX6nuSbGar22Q4S,主梁钢筋_N1:主梁钢筋_N1:556334,556334,5546.42590,9.00000,0.00000000;0.00000000;-1.00000000,0
2787,100,78565,2_G7V2PRX6nuSbGar22Q49,主梁钢筋_N1:主梁钢筋_N1:556347,556347,5546.42590,9.00000,0.00000000;0.00000000;-1.00000000,0
2788,101,78576,2_G7V2PRX6nuSbGar22Q4C,主梁钢筋_N1:主梁钢筋_N1:556350,556350,5546.42590,9.00000,0.00000000;0.00000000;-1.00000000,0
2789,102,78587,2_G7V2PRX6nuSbGar22Q5p,主梁钢筋_N1:主梁钢筋_N1:556353,556353,5546.42590,9.00000,0.00000000;0.00000000;-1.00000000,0
2790,103,78598,2_G7V2PRX6nuSbGar22Q5s,主梁钢筋_N1:主梁钢筋_N1:556356,556356,5546.42590,9.00000,0.00000000;0.00000000;-1.00000000,0
2791,104,78609,2_G7V2PRX6nuSbGar22Q5r,主梁钢筋_N1:主梁钢筋_N1:556359,556359,5546.42590,9.00000,0.00000000;0.00000000;-1.00000000,0
2792,105,78620,2_G7V2PRX6nuSbGar22Q5u,主梁钢筋_N1:主梁钢筋_N1:556362,556362,5546.42590,9.00000,0.00000000;0.00000000;-1.00000000,0
2793,106,78631,2_G7V2PRX6nuSbGar22Q5$,主梁钢筋_N1:主梁钢筋_N1:556365,556365,5546.42590,9.00000,0.00000000;0.00000000;-1.00000000,0
2794,107,78642,2_G7V2PRX6nuSbGar22Q5Y,主梁钢筋_N1:主梁钢筋_N1:556368,556368,5546.42590,9.00000,0.00000000;0.00000000;-1.00000000,0
2795,108,78653,2_G7V2PRX6nuSbGar22Q5X,主梁钢筋_N1:主梁钢筋_N1:556371,556371,5546.42590,9.00000,0.00000000;0.00000000;-1.00000000,0
2796,109,78664,2_G7V2PRX6nuSbGar22Q5a,主梁钢筋_N1:主梁钢筋_N1:556374,556374,5546.42590,9.00000,0.00000000;0.00000000;-1.00000000,0
2797,110,78675,2_G7V2PRX6nuSbGar22Q5h,主梁钢筋_N1:主梁钢筋_N1:556377,556377,5546.42590,9.00000,0.00000000;0.00000000;-1.00000000,0
2798,111,78686,2_G7V2PRX6nuSbGar22Q5k,主梁钢筋_N1:主梁钢筋_N1:556380,556380,5546.42590,9.00000,0.00000000;0.00000000;-1.00000000,0
2799,112,78697,2_G7V2PRX6nuSbGar22Q5j,主梁钢筋_N1:主梁钢筋_N1:556383,556383,5546.42590,9.00000,0.00000000;0.00000000;-1.00000000,0
2800,274,96319,2wVThW53H5oOZtvqE$OOBT,主梁钢筋_N1c:主梁钢筋_N1c:621895,621895,4190.19497,10.00000,0.00000000;0.00000000;-1.00000000,0
2801,273,96308,2wVThW53H5oOZtvqE$OOBV,主梁钢筋_N1c:主梁钢筋_N1c:621893,621893,4190.19497,10.00000,0.00000000;0.00000000;-1.00000000,0
2802,115,83357,2_G7V2PRX6nuSbGar22Q7H,主梁钢筋_N1c:主梁钢筋_N1c:556515,556515,4190.19497,10.00000,0.00000000;0.00000000;-1.00000000,0
2803,116,83369,2_G7V2PRX6nuSbGar22Q7K,主梁钢筋_N1c:主梁钢筋_N1c:556518,556518,4190.19497,10.00000,0.00000000;0.00000000;-1.00000000,0
2804,121,85193,2_G7V2PRX6nuSbGar22Q77,主梁钢筋_N1d:主梁钢筋_N1d:556533,556533,2165.98328,10.00000,0.00000000;0.00000000;-1.00000000,0
2805,131,85304,2_G7V2PRX6nuSbGar22Q8X,主梁钢筋_N1d:主梁钢筋_N1d:556563,556563,2165.98328,10.00000,0.00000000;0.00000000;-1.00000000,0
2806,1858,234844,38lmzEJk5DlwQHsgkQsDmI,主梁钢筋_N3c:主梁钢筋_N3c:640938,640938,2874.20832,9.00000,0.00000000;0.00000000;-1.00000000,0
2807,1054,161448,0b6PArLq5FShymH3s4v2sC,主梁钢筋_N3c:主梁钢筋_N3c:630885,630885,2874.20832,9.00000,0.00000000;0.00000000;-1.00000000,0
2808,3017,353360,3qlyKYfH9E9fgTzD5PQCaU,主梁钢筋_N22:主梁钢筋_N22:685047,685047,553.51230,6.00000,0.00000000;0.00000000;-1.00000000,0
2809,2978,345331,3qlyKYfH9E9fgTzD5PQCbY,主梁钢筋_N22:主梁钢筋_N22:684939,684939,553.52641,6.00000,0.00000000;0.00000000;-1.00000000,0
2810,2960,323547,3qlyKYfH9E9fgTzD5PQDN6,主梁钢筋_N22:主梁钢筋_N22:683823,683823,553.51230,6.00000,0.00000000;0.00000000;-1.00000000,0
2811,2999,353162,3qlyKYfH9E9fgTzD5PQCaD,主梁钢筋_N22:主梁钢筋_N22:685028,685028,553.52641,6.00000,0.00000000;0.00000000;-1.00000000,0
2812,2996,353129,3qlyKYfH9E9fgTzD5PQCa9,主梁钢筋_N22:主梁钢筋_N22:685024,685024,522.55510,6.00000,0.00000000;0.00000000;-1.00000000,0
2813,2957,319650,3qlyKYfH9E9fgTzD5PQDN2,主梁钢筋_N22:主梁钢筋_N22:683819,683819,522.55425,6.00000,0.00000000;0.00000000;-1.00000000,0
2814,3012,353305,3qlyKYfH9E9fgTzD5PQCaR,主梁钢筋_N22:主梁钢筋_N22:685042,685042,515.44144,6.00000,0.00000000;0.00000000;-1.00000000,0
2815,2954,315749,3qlyKYfH9E9fgTzD5PQDNr,主梁钢筋_N22:主梁钢筋_N22:683804,683804,515.44144,6.00000,0.00000000;0.00000000;-1.00000000,0
2816,2973,338832,3qlyKYfH9E9fgTzD5PQCbj,主梁钢筋_N22:主梁钢筋_N22:684932,684932,515.44068,6.00000,0.00000000;0.00000000;-1.00000000,0
2817,2993,351808,3qlyKYfH9E9fgTzD5PQCar,主梁钢筋_N22:主梁钢筋_N22:685020,685020,515.44068,6.00000,0.00000000;0.00000000;-1.00000000,0
2818,2951,311900,3qlyKYfH9E9fgTzD5PQDNn,主梁钢筋_N22:主梁钢筋_N22:683800,683800,483.95297,6.00000,0.00000000;0.00000000;-1.00000000,0
2819,2990,351775,3qlyKYfH9E9fgTzD5PQCan,主梁钢筋_N22:主梁钢筋_N22:685016,685016,483.95297,6.00000,0.00000000;0.00000000;-1.00000000,0
2820,3007,353250,3qlyKYfH9E9fgTzD5PQCa4,主梁钢筋_N22:主梁钢筋_N22:685037,685037,447.25013,6.00000,0.00000000;0.00000000;-1.00000000,0
2821,2968,332433,3qlyKYfH9E9fgTzD5PQCcK,主梁钢筋_N22:主梁钢筋_N22:684925,684925,447.25013,6.00000,0.00000000;0.00000000;-1.00000000,0
2822,2948,308061,3qlyKYfH9E9fgTzD5PQDUi,主梁钢筋_N22:主梁钢筋_N22:683333,683333,447.25013,6.00000,0.00000000;0.00000000;-1.00000000,0
2823,2987,350464,3qlyKYfH9E9fgTzD5PQCaz,主梁钢筋_N22:主梁钢筋_N22:685012,685012,447.25013,6.00000,0.00000000;0.00000000;-1.00000000,0
2824,2945,304264,3qlyKYfH9E9fgTzD5PQDVB,主梁钢筋_N22:主梁钢筋_N22:683298,683298,415.10004,6.00000,0.00000000;0.00000000;-1.00000000,0
2825,2984,350431,3qlyKYfH9E9fgTzD5PQCav,主梁钢筋_N22:主梁钢筋_N22:685008,685008,415.10004,6.00000,0.00000000;0.00000000;-1.00000000,0
2826,3021,353404,3qlyKYfH9E9fgTzD5PQCaI,主梁钢筋_N22:主梁钢筋_N22:685051,685051,403.28593,6.00000,0.00000000;0.00000000;-1.00000000,0
2827,2982,349159,3qlyKYfH9E9fgTzD5PQCbv,主梁钢筋_N22:主梁钢筋_N22:684944,684944,403.28593,6.00000,0.00000000;0.00000000;-1.00000000,0
2828,2964,327375,3qlyKYfH9E9fgTzD5PQDL5,主梁钢筋_N22:主梁钢筋_N22:683948,683948,403.28593,6.00000,0.00000000;0.00000000;-1.00000000,0
2829,3003,353206,3qlyKYfH9E9fgTzD5PQCa0,主梁钢筋_N22:主梁钢筋_N22:685033,685033,403.28593,6.00000,0.00000000;0.00000000;-1.00000000,0
2830,2981,349148,3qlyKYfH9E9fgTzD5PQCbc,主梁钢筋_N22:主梁钢筋_N22:684943,684943,403.28593,6.00000,0.00000000;0.00000000;-1.00000000,0
2831,3002,353195,3qlyKYfH9E9fgTzD5PQCa1,主梁钢筋_N22:主梁钢筋_N22:685032,685032,403.28593,6.00000,0.00000000;0.00000000;-1.00000000,0
2832,3020,353393,3qlyKYfH9E9fgTzD5PQCaJ,主梁钢筋_N22:主梁钢筋_N22:685050,685050,403.28593,6.00000,0.00000000;0.00000000;-1.00000000,0
2833,2963,327364,3qlyKYfH9E9fgTzD5PQDMH,主梁钢筋_N22:主梁钢筋_N22:683896,683896,403.28593,6.00000,0.00000000;0.00000000;-1.00000000,0
2834,2892,301180,3PpqhBPkD87Rcsb8SRKiL8,主梁钢筋_N20:主梁钢筋_N20:682795,682795,378.81722,6.00000,0.00000000;0.00000000;-1.00000000,0
2835,2889,301147,3PpqhBPkD87Rcsb8SRKiL4,主梁钢筋_N20:主梁钢筋_N20:682791,682791,378.81722,6.00000,0.00000000;0.00000000;-1.00000000,0
2836,2886,301114,3PpqhBPkD87Rcsb8SRKiL0,主梁钢筋_N20:主梁钢筋_N20:682787,682787,378.81722,6.00000,0.00000000;0.00000000;-1.00000000,0
2837,2883,301081,3PpqhBPkD87Rcsb8SRKiLy,主梁钢筋_N20:主梁钢筋_N20:682783,682783,378.81722,6.00000,0.00000000;0.00000000;-1.00000000,0
2838,2880,301048,3PpqhBPkD87Rcsb8SRKiLu,主梁钢筋_N20:主梁钢筋_N20:682779,682779,378.81722,6.00000,0.00000000;0.00000000;-1.00000000,0
2839,2877,301015,3PpqhBPkD87Rcsb8SRKiLq,主梁钢筋_N20:主梁钢筋_N20:682775,682775,378.81722,6.00000,0.00000000;0.00000000;-1.00000000,0
2840,2874,300982,3PpqhBPkD87Rcsb8SRKiLm,主梁钢筋_N20:主梁钢筋_N20:682771,682771,378.81722,6.00000,0.00000000;0.00000000;-1.00000000,0
2841,2871,300949,3PpqhBPkD87Rcsb8SRKiLi,主梁钢筋_N20:主梁钢筋_N20:682767,682767,378.81722,6.00000,0.00000000;0.00000000;-1.00000000,0
2842,2868,300916,3PpqhBPkD87Rcsb8SRKiLe,主梁钢筋_N20:主梁钢筋_N20:682763,682763,378.81722,6.00000,0.00000000;0.00000000;-1.00000000,0
2843,2865,300883,3PpqhBPkD87Rcsb8SRKiLa,主梁钢筋_N20:主梁钢筋_N20:682759,682759,378.81722,6.00000,0.00000000;0.00000000;-1.00000000,0
2844,2862,300850,3PpqhBPkD87Rcsb8SRKiLW,主梁钢筋_N20:主梁钢筋_N20:682755,682755,378.81722,6.00000,0.00000000;0.00000000;-1.00000000,0
2845,2859,300817,3PpqhBPkD87Rcsb8SRKiIS,主梁钢筋_N20:主梁钢筋_N20:682751,682751,378.81722,6.00000,0.00000000;0.00000000;-1.00000000,0
2846,2856,300784,3PpqhBPkD87Rcsb8SRKiIO,主梁钢筋_N20:主梁钢筋_N20:682747,682747,378.81722,6.00000,0.00000000;0.00000000;-1.00000000,0
2847,2853,300751,3PpqhBPkD87Rcsb8SRKiIK,主梁钢筋_N20:主梁钢筋_N20:682743,682743,378.81722,6.00000,0.00000000;0.00000000;-1.00000000,0
2848,2850,300718,3PpqhBPkD87Rcsb8SRKiIG,主梁钢筋_N20:主梁钢筋_N20:682739,682739,378.81722,6.00000,0.00000000;0.00000000;-1.00000000,0
2849,2847,300685,3PpqhBPkD87Rcsb8SRKiIC,主梁钢筋_N20:主梁钢筋_N20:682735,682735,378.81722,6.00000,0.00000000;0.00000000;-1.00000000,0
2850,2896,301224,3PpqhBPkD87Rcsb8SRKiLG,主梁钢筋_N20:主梁钢筋_N20:682803,682803,378.81722,6.00000,0.00000000;0.00000000;-1.00000000,0
2851,2898,301246,3PpqhBPkD87Rcsb8SRKiLL,主梁钢筋_N20:主梁钢筋_N20:682806,682806,378.81722,6.00000,0.00000000;0.00000000;-1.00000000,0
2852,2901,301279,3PpqhBPkD87Rcsb8SRKiLP,主梁钢筋_N20:主梁钢筋_N20:682810,682810,378.81722,6.00000,0.00000000;0.00000000;-1.00000000,0
2853,2904,301312,3PpqhBPkD87Rcsb8SRKiLT,主梁钢筋_N20:主梁钢筋_N20:682814,682814,378.81722,6.00000,0.00000000;0.00000000;-1.00000000,0
2854,2907,301345,3PpqhBPkD87Rcsb8SRKiKX,主梁钢筋_N20:主梁钢筋_N20:682818,682818,378.81722,6.00000,0.00000000;0.00000000;-1.00000000,0
2855,2910,301378,3PpqhBPkD87Rcsb8SRKiKb,主梁钢筋_N20:主梁钢筋_N20:682822,682822,378.81722,6.00000,0.00000000;0.00000000;-1.00000000,0
2856,2913,301411,3PpqhBPkD87Rcsb8SRKiKf,主梁钢筋_N20:主梁钢筋_N20:682826,682826,378.81722,6.00000,0.00000000;0.00000000;-1.00000000,0
2857,2916,301444,3PpqhBPkD87Rcsb8SRKiKj,主梁钢筋_N20:主梁钢筋_N20:682830,682830,378.81722,6.00000,0.00000000;0.00000000;-1.00000000,0
2858,2919,301477,3PpqhBPkD87Rcsb8SRKiKn,主梁钢筋_N20:主梁钢筋_N20:682834,682834,378.81722,6.00000,0.00000000;0.00000000;-1.00000000,0
2859,2922,301510,3PpqhBPkD87Rcsb8SRKiKr,主梁钢筋_N20:主梁钢筋_N20:682838,682838,378.81722,6.00000,0.00000000;0.00000000;-1.00000000,0
2860,2925,301543,3PpqhBPkD87Rcsb8SRKiKv,主梁钢筋_N20:主梁钢筋_N20:682842,682842,378.81722,6.00000,0.00000000;0.00000000;-1.00000000,0
2861,2928,301576,3PpqhBPkD87Rcsb8SRKiKz,主梁钢筋_N20:主梁钢筋_N20:682846,682846,378.81722,6.00000,0.00000000;0.00000000;-1.00000000,0
2862,2931,301609,3PpqhBPkD87Rcsb8SRKiK1,主梁钢筋_N20:主梁钢筋_N20:682850,682850,378.81722,6.00000,0.00000000;0.00000000;-1.00000000,0
2863,2934,301642,3PpqhBPkD87Rcsb8SRKiK5,主梁钢筋_N20:主梁钢筋_N20:682854,682854,378.81722,6.00000,0.00000000;0.00000000;-1.00000000,0
2864,2937,301675,3PpqhBPkD87Rcsb8SRKiK9,主梁钢筋_N20:主梁钢筋_N20:682858,682858,378.81722,6.00000,0.00000000;0.00000000;-1.00000000,0
2865,2940,301708,3PpqhBPkD87Rcsb8SRKiKD,主梁钢筋_N20:主梁钢筋_N20:682862,682862,378.81722,6.00000,0.00000000;0.00000000;-1.00000000,0
2866,2630,289492,3PpqhBPkD87Rcsb8SRKig3,主梁钢筋_N20:主梁钢筋_N20:681184,681184,378.81722,6.00000,0.00000000;0.00000000;-1.00000000,0
2867,2623,289415,3PpqhBPkD87Rcsb8SRKigq,主梁钢筋_N20:主梁钢筋_N20:681175,681175,378.81722,6.00000,0.00000000;0.00000000;-1.00000000,0
2868,2616,289338,3PpqhBPkD87Rcsb8SRKigj,主梁钢筋_N20:主梁钢筋_N20:681166,681166,378.81722,6.00000,0.00000000;0.00000000;-1.00000000,0
2869,2609,289261,3PpqhBPkD87Rcsb8SRKigc,主梁钢筋_N20:主梁钢筋_N20:681157,681157,378.81722,6.00000,0.00000000;0.00000000;-1.00000000,0
2870,2602,289184,3PpqhBPkD87Rcsb8SRKihV,主梁钢筋_N20:主梁钢筋_N20:681148,681148,378.81722,6.00000,0.00000000;0.00000000;-1.00000000,0
2871,2595,289107,3PpqhBPkD87Rcsb8SRKihG,主梁钢筋_N20:主梁钢筋_N20:681139,681139,378.81722,6.00000,0.00000000;0.00000000;-1.00000000,0
2872,2588,289030,3PpqhBPkD87Rcsb8SRKih9,主梁钢筋_N20:主梁钢筋_N20:681130,681130,378.81722,6.00000,0.00000000;0.00000000;-1.00000000,0
2873,2581,288953,3PpqhBPkD87Rcsb8SRKih2,主梁钢筋_N20:主梁钢筋_N20:681121,681121,378.81722,6.00000,0.00000000;0.00000000;-1.00000000,0
2874,2574,288876,3PpqhBPkD87Rcsb8SRKihx,主梁钢筋_N20:主梁钢筋_N20:681112,681112,378.81722,6.00000,0.00000000;0.00000000;-1.00000000,0
2875,2567,288799,3PpqhBPkD87Rcsb8SRKihi,主梁钢筋_N20:主梁钢筋_N20:681103,681103,378.81722,6.00000,0.00000000;0.00000000;-1.00000000,0
2876,2560,288722,3PpqhBPkD87Rcsb8SRKihb,主梁钢筋_N20:主梁钢筋_N20:681094,681094,378.81722,6.00000,0.00000000;0.00000000;-1.00000000,0
2877,2553,288645,3PpqhBPkD87Rcsb8SRKieU,主梁钢筋_N20:主梁钢筋_N20:681085,681085,378.81722,6.00000,0.00000000;0.00000000;-1.00000000,0
2878,2546,288568,3PpqhBPkD87Rcsb8SRKieN,主梁钢筋_N20:主梁钢筋_N20:681076,681076,378.81722,6.00000,0.00000000;0.00000000;-1.00000000,0
2879,2539,288491,3PpqhBPkD87Rcsb8SRKie8,主梁钢筋_N20:主梁钢筋_N20:681067,681067,378.81722,6.00000,0.00000000;0.00000000;-1.00000000,0
2880,2532,288414,3PpqhBPkD87Rcsb8SRKien,主梁钢筋_N20:主梁钢筋_N20:681042,681042,378.81722,6.00000,0.00000000;0.00000000;-1.00000000,0
2881,1973,272181,3PpqhBPkD87Rcsb8SRKljn,主梁钢筋_N20:主梁钢筋_N20:677138,677138,378.81722,6.00000,0.00000000;0.00000000;-1.00000000,0
2882,2685,295153,3PpqhBPkD87Rcsb8SRKiiw,主梁钢筋_N20:主梁钢筋_N20:681305,681305,378.81722,6.00000,0.00000000;0.00000000;-1.00000000,0
2883,2688,297686,3PpqhBPkD87Rcsb8SRKii_,主梁钢筋_N20:主梁钢筋_N20:681309,681309,378.81722,6.00000,0.00000000;0.00000000;-1.00000000,0
2884,2692,298980,3PpqhBPkD87Rcsb8SRKii1,主梁钢筋_N20:主梁钢筋_N20:681314,681314,378.81722,6.00000,0.00000000;0.00000000;-1.00000000,0
2885,2696,299024,3PpqhBPkD87Rcsb8SRKii4,主梁钢筋_N20:主梁钢筋_N20:681319,681319,378.81722,6.00000,0.00000000;0.00000000;-1.00000000,0
2886,2700,299068,3PpqhBPkD87Rcsb8SRKiiF,主梁钢筋_N20:主梁钢筋_N20:681324,681324,378.81722,6.00000,0.00000000;0.00000000;-1.00000000,0
2887,2704,299112,3PpqhBPkD87Rcsb8SRKiiI,主梁钢筋_N20:主梁钢筋_N20:681329,681329,378.81722,6.00000,0.00000000;0.00000000;-1.00000000,0
2888,2708,299156,3PpqhBPkD87Rcsb8SRKiiL,主梁钢筋_N20:主梁钢筋_N20:681334,681334,378.81722,6.00000,0.00000000;0.00000000;-1.00000000,0
2889,2712,299200,3PpqhBPkD87Rcsb8SRKiiO,主梁钢筋_N20:主梁钢筋_N20:681339,681339,378.81722,6.00000,0.00000000;0.00000000;-1.00000000,0
2890,2716,299244,3PpqhBPkD87Rcsb8SRKilZ,主梁钢筋_N20:主梁钢筋_N20:681344,681344,378.81722,6.00000,0.00000000;0.00000000;-1.00000000,0
2891,2720,299288,3PpqhBPkD87Rcsb8SRKilc,主梁钢筋_N20:主梁钢筋_N20:681349,681349,378.81722,6.00000,0.00000000;0.00000000;-1.00000000,0
2892,2724,299332,3PpqhBPkD87Rcsb8SRKilf,主梁钢筋_N20:主梁钢筋_N20:681354,681354,378.81722,6.00000,0.00000000;0.00000000;-1.00000000,0
2893,2728,299376,3PpqhBPkD87Rcsb8SRKili,主梁钢筋_N20:主梁钢筋_N20:681359,681359,378.81722,6.00000,0.00000000;0.00000000;-1.00000000,0
2894,2732,299420,3PpqhBPkD87Rcsb8SRKilt,主梁钢筋_N20:主梁钢筋_N20:681364,681364,378.81722,6.00000,0.00000000;0.00000000;-1.00000000,0
2895,2736,299464,3PpqhBPkD87Rcsb8SRKilw,主梁钢筋_N20:主梁钢筋_N20:681369,681369,378.81722,6.00000,0.00000000;0.00000000;-1.00000000,0
2896,2740,299508,3PpqhBPkD87Rcsb8SRKilz,主梁钢筋_N20:主梁钢筋_N20:681374,681374,378.81722,6.00000,0.00000000;0.00000000;-1.00000000,0
2897,2744,299552,3PpqhBPkD87Rcsb8SRKil0,主梁钢筋_N20:主梁钢筋_N20:681379,681379,378.81722,6.00000,0.00000000;0.00000000;-1.00000000,0
2898,1857,231905,38lmzEJk5DlwQHsgkQsDmG,主梁钢筋_N3c:主梁钢筋_N3c:640936,640936,2787.65423,9.00000,0.00000000;0.00000000;-1.00000000,0
2899,1044,158409,0b6PArLq5FShymH3s4v2tS,主梁钢筋_N3c:主梁钢筋_N3c:630837,630837,2787.65385,9.00000,0.00000000;0.00000000;-1.00000000,0
2900,3048,367798,3qlyKYfH9E9fgTzD5PQC_Y,主梁钢筋_N23:主梁钢筋_N23:685387,685387,566.22403,6.00000,0.00000000;0.00000000;-1.00000000,0
2901,3043,366459,3qlyKYfH9E9fgTzD5PQC_j,主梁钢筋_N23:主梁钢筋_N23:685380,685380,566.22403,6.00000,0.00000000;0.00000000;-1.00000000,0
2902,3076,369390,3qlyKYfH9E9fgTzD5PQCz7,主梁钢筋_N23:主梁钢筋_N23:685486,685486,566.22488,6.00000,0.00000000;0.00000000;-1.00000000,0
2903,3081,369445,3qlyKYfH9E9fgTzD5PQCzQ,主梁钢筋_N23:主梁钢筋_N23:685491,685491,566.22488,6.00000,0.00000000;0.00000000;-1.00000000,0
2904,3053,367853,3qlyKYfH9E9fgTzD5PQC_x,主梁钢筋_N23:主梁钢筋_N23:685394,685394,566.22403,6.00000,0.00000000;0.00000000;-1.00000000,0
2905,3086,369500,3qlyKYfH9E9fgTzD5PQCzH,主梁钢筋_N23:主梁钢筋_N23:685496,685496,566.22488,6.00000,0.00000000;0.00000000;-1.00000000,0
2906,3038,361282,3qlyKYfH9E9fgTzD5PQC$H,主梁钢筋_N23:主梁钢筋_N23:685368,685368,566.22488,6.00000,0.00000000;0.00000000;-1.00000000,0
2907,3032,361216,3qlyKYfH9E9fgTzD5PQC$s,主梁钢筋_N23:主梁钢筋_N23:685343,685343,566.22488,6.00000,0.00000000;0.00000000;-1.00000000,0
2908,3026,359866,3qlyKYfH9E9fgTzD5PQCxF,主梁钢筋_N23:主梁钢筋_N23:685094,685094,566.22488,6.00000,0.00000000;0.00000000;-1.00000000,0
2909,3059,369203,3qlyKYfH9E9fgTzD5PQCzm,主梁钢筋_N23:主梁钢筋_N23:685465,685465,566.22403,6.00000,0.00000000;0.00000000;-1.00000000,0
2910,3065,369269,3qlyKYfH9E9fgTzD5PQCz8,主梁钢筋_N23:主梁钢筋_N23:685473,685473,566.22403,6.00000,0.00000000;0.00000000;-1.00000000,0
2911,3071,369335,3qlyKYfH9E9fgTzD5PQCz0,主梁钢筋_N23:主梁钢筋_N23:685481,685481,566.22403,6.00000,0.00000000;0.00000000;-1.00000000,0
2912,2635,289547,3PpqhBPkD87Rcsb8SRKigB,主梁钢筋_N20:主梁钢筋_N20:681192,681192,383.74308,6.00000,0.00000000;0.00000000;-1.00000000,0
2913,2629,289481,3PpqhBPkD87Rcsb8SRKigy,主梁钢筋_N20:主梁钢筋_N20:681183,681183,383.74308,6.00000,0.00000000;0.00000000;-1.00000000,0
2914,2622,289404,3PpqhBPkD87Rcsb8SRKigr,主梁钢筋_N20:主梁钢筋_N20:681174,681174,383.74308,6.00000,0.00000000;0.00000000;-1.00000000,0
2915,2615,289327,3PpqhBPkD87Rcsb8SRKigk,主梁钢筋_N20:主梁钢筋_N20:681165,681165,383.74308,6.00000,0.00000000;0.00000000;-1.00000000,0
2916,2608,289250,3PpqhBPkD87Rcsb8SRKigd,主梁钢筋_N20:主梁钢筋_N20:681156,681156,383.74308,6.00000,0.00000000;0.00000000;-1.00000000,0
2917,2601,289173,3PpqhBPkD87Rcsb8SRKihO,主梁钢筋_N20:主梁钢筋_N20:681147,681147,383.74308,6.00000,0.00000000;0.00000000;-1.00000000,0
2918,2594,289096,3PpqhBPkD87Rcsb8SRKihH,主梁钢筋_N20:主梁钢筋_N20:681138,681138,383.74308,6.00000,0.00000000;0.00000000;-1.00000000,0
2919,2587,289019,3PpqhBPkD87Rcsb8SRKihA,主梁钢筋_N20:主梁钢筋_N20:681129,681129,383.74308,6.00000,0.00000000;0.00000000;-1.00000000,0
2920,2580,288942,3PpqhBPkD87Rcsb8SRKih3,主梁钢筋_N20:主梁钢筋_N20:681120,681120,383.74308,6.00000,0.00000000;0.00000000;-1.00000000,0
2921,2573,288865,3PpqhBPkD87Rcsb8SRKihq,主梁钢筋_N20:主梁钢筋_N20:681111,681111,383.74308,6.00000,0.00000000;0.00000000;-1.00000000,0
2922,2566,288788,3PpqhBPkD87Rcsb8SRKihj,主梁钢筋_N20:主梁钢筋_N20:681102,681102,383.74308,6.00000,0.00000000;0.00000000;-1.00000000,0
2923,2559,288711,3PpqhBPkD87Rcsb8SRKihc,主梁钢筋_N20:主梁钢筋_N20:681093,681093,383.74308,6.00000,0.00000000;0.00000000;-1.00000000,0
2924,2552,288634,3PpqhBPkD87Rcsb8SRKieV,主梁钢筋_N20:主梁钢筋_N20:681084,681084,383.74308,6.00000,0.00000000;0.00000000;-1.00000000,0
2925,2545,288557,3PpqhBPkD87Rcsb8SRKieG,主梁钢筋_N20:主梁钢筋_N20:681075,681075,383.74308,6.00000,0.00000000;0.00000000;-1.00000000,0
2926,2538,288480,3PpqhBPkD87Rcsb8SRKie9,主梁钢筋_N20:主梁钢筋_N20:681066,681066,383.74308,6.00000,0.00000000;0.00000000;-1.00000000,0
2927,1972,270919,3PpqhBPkD87Rcsb8SRKlew,主梁钢筋_N20:主梁钢筋_N20:676953,676953,383.74308,6.00000,0.00000000;0.00000000;-1.00000000,0
2928,2691,298969,3PpqhBPkD87Rcsb8SRKii2,主梁钢筋_N20:主梁钢筋_N20:681313,681313,383.74308,6.00000,0.00000000;0.00000000;-1.00000000,0
2929,2695,299013,3PpqhBPkD87Rcsb8SRKii5,主梁钢筋_N20:主梁钢筋_N20:681318,681318,383.74308,6.00000,0.00000000;0.00000000;-1.00000000,0
2930,2699,299057,3PpqhBPkD87Rcsb8SRKii8,主梁钢筋_N20:主梁钢筋_N20:681323,681323,383.74308,6.00000,0.00000000;0.00000000;-1.00000000,0
2931,2703,299101,3PpqhBPkD87Rcsb8SRKiiJ,主梁钢筋_N20:主梁钢筋_N20:681328,681328,383.74308,6.00000,0.00000000;0.00000000;-1.00000000,0
2932,2707,299145,3PpqhBPkD87Rcsb8SRKiiM,主梁钢筋_N20:主梁钢筋_N20:681333,681333,383.74308,6.00000,0.00000000;0.00000000;-1.00000000,0
2933,2711,299189,3PpqhBPkD87Rcsb8SRKiiP,主梁钢筋_N20:主梁钢筋_N20:681338,681338,383.74308,6.00000,0.00000000;0.00000000;-1.00000000,0
2934,2715,299233,3PpqhBPkD87Rcsb8SRKiiS,主梁钢筋_N20:主梁钢筋_N20:681343,681343,383.74308,6.00000,0.00000000;0.00000000;-1.00000000,0
2935,2719,299277,3PpqhBPkD87Rcsb8SRKild,主梁钢筋_N20:主梁钢筋_N20:681348,681348,383.74308,6.00000,0.00000000;0.00000000;-1.00000000,0
2936,2723,299321,3PpqhBPkD87Rcsb8SRKilg,主梁钢筋_N20:主梁钢筋_N20:681353,681353,383.74308,6.00000,0.00000000;0.00000000;-1.00000000,0
2937,2727,299365,3PpqhBPkD87Rcsb8SRKilj,主梁钢筋_N20:主梁钢筋_N20:681358,681358,383.74308,6.00000,0.00000000;0.00000000;-1.00000000,0
2938,2731,299409,3PpqhBPkD87Rcsb8SRKilm,主梁钢筋_N20:主梁钢筋_N20:681363,681363,383.74308,6.00000,0.00000000;0.00000000;-1.00000000,0
2939,2735,299453,3PpqhBPkD87Rcsb8SRKilx,主梁钢筋_N20:主梁钢筋_N20:681368,681368,383.74308,6.00000,0.00000000;0.00000000;-1.00000000,0
2940,2739,299497,3PpqhBPkD87Rcsb8SRKil_,主梁钢筋_N20:主梁钢筋_N20:681373,681373,383.74308,6.00000,0.00000000;0.00000000;-1.00000000,0
2941,2743,299541,3PpqhBPkD87Rcsb8SRKil1,主梁钢筋_N20:主梁钢筋_N20:681378,681378,383.74308,6.00000,0.00000000;0.00000000;-1.00000000,0
2942,2747,299585,3PpqhBPkD87Rcsb8SRKil4,主梁钢筋_N20:主梁钢筋_N20:681383,681383,383.74308,6.00000,0.00000000;0.00000000;-1.00000000,0
2943,2687,297675,3PpqhBPkD87Rcsb8SRKii$,主梁钢筋_N20:主梁钢筋_N20:681308,681308,383.74308,6.00000,0.00000000;0.00000000;-1.00000000,0
2944,2531,288403,3PpqhBPkD87Rcsb8SRKieo,主梁钢筋_N20:主梁钢筋_N20:681041,681041,383.74308,6.00000,0.00000000;0.00000000;-1.00000000,0
2945,3056,369170,3qlyKYfH9E9fgTzD5PQCzy,主梁钢筋_N23:主梁钢筋_N23:685461,685461,564.63291,6.00000,0.00000000;0.00000000;-1.00000000,0
2946,3062,369236,3qlyKYfH9E9fgTzD5PQCzq,主梁钢筋_N23:主梁钢筋_N23:685469,685469,564.63291,6.00000,0.00000000;0.00000000;-1.00000000,0
2947,3068,369302,3qlyKYfH9E9fgTzD5PQCzC,主梁钢筋_N23:主梁钢筋_N23:685477,685477,564.63291,6.00000,0.00000000;0.00000000;-1.00000000,0
2948,3035,361249,3qlyKYfH9E9fgTzD5PQC$T,主梁钢筋_N23:主梁钢筋_N23:685364,685364,564.63291,6.00000,0.00000000;0.00000000;-1.00000000,0
2949,3029,361183,3qlyKYfH9E9fgTzD5PQC$o,主梁钢筋_N23:主梁钢筋_N23:685339,685339,564.63291,6.00000,0.00000000;0.00000000;-1.00000000,0
2950,3023,355995,3qlyKYfH9E9fgTzD5PQCxx,主梁钢筋_N23:主梁钢筋_N23:685074,685074,564.63291,6.00000,0.00000000;0.00000000;-1.00000000,0
2951,1530,208949,03N8znp9vBf95NCihtG5A0,主梁钢筋_N7d:主梁钢筋_N7d:639691,639691,1940.84946,6.00000,0.00000000;0.00000000;-1.00000000,0
2952,1532,208971,03N8znp9vBf95NCihtG5Aw,主梁钢筋_N7d:主梁钢筋_N7d:639729,639729,1940.84946,6.00000,0.00000000;0.00000000;-1.00000000,0
2953,1534,208993,03N8znp9vBf95NCihtG5A$,主梁钢筋_N7d:主梁钢筋_N7d:639732,639732,1940.84946,6.00000,0.00000000;0.00000000;-1.00000000,0
2954,1536,209015,03N8znp9vBf95NCihtG5Ay,主梁钢筋_N7d:主梁钢筋_N7d:639735,639735,1940.84946,6.00000,0.00000000;0.00000000;-1.00000000,0
2955,1538,209037,03N8znp9vBf95NCihtG5An,主梁钢筋_N7d:主梁钢筋_N7d:639738,639738,1940.84946,6.00000,0.00000000;0.00000000;-1.00000000,0
2956,1549,209158,03N8znp9vBf95NCihtG5DU,主梁钢筋_N7d:主梁钢筋_N7d:639765,639765,1940.84946,6.00000,0.00000000;0.00000000;-1.00000000,0
2957,1551,209180,03N8znp9vBf95NCihtG5DS,主梁钢筋_N7d:主梁钢筋_N7d:639767,639767,1940.84946,6.00000,0.00000000;0.00000000;-1.00000000,0
2958,1553,209202,03N8znp9vBf95NCihtG5DI,主梁钢筋_N7d:主梁钢筋_N7d:639769,639769,1940.84946,6.00000,0.00000000;0.00000000;-1.00000000,0
2959,1555,209224,03N8znp9vBf95NCihtG5DG,主梁钢筋_N7d:主梁钢筋_N7d:639771,639771,1940.84946,6.00000,0.00000000;0.00000000;-1.00000000,0
2960,1557,209246,03N8znp9vBf95NCihtG5DM,主梁钢筋_N7d:主梁钢筋_N7d:639773,639773,1940.84946,6.00000,0.00000000;0.00000000;-1.00000000,0
2961,1529,206451,03N8znp9vBf95NCihtG2zB,主梁钢筋_N7d:主梁钢筋_N7d:638720,638720,1940.88988,6.00000,0.00000000;0.00000000;-1.00000000,0
2962,1531,208960,03N8znp9vBf95NCihtG5Ax,主梁钢筋_N7d:主梁钢筋_N7d:639728,639728,1940.88988,6.00000,0.00000000;0.00000000;-1.00000000,0
2963,1533,208982,03N8znp9vBf95NCihtG5Au,主梁钢筋_N7d:主梁钢筋_N7d:639731,639731,1940.88988,6.00000,0.00000000;0.00000000;-1.00000000,0
2964,1535,209004,03N8znp9vBf95NCihtG5Az,主梁钢筋_N7d:主梁钢筋_N7d:639734,639734,1940.88988,6.00000,0.00000000;0.00000000;-1.00000000,0
2965,1537,209026,03N8znp9vBf95NCihtG5Ao,主梁钢筋_N7d:主梁钢筋_N7d:639737,639737,1940.88988,6.00000,0.00000000;0.00000000;-1.00000000,0
2966,1550,209169,03N8znp9vBf95NCihtG5DT,主梁钢筋_N7d:主梁钢筋_N7d:639766,639766,1940.88988,6.00000,0.00000000;0.00000000;-1.00000000,0
2967,1552,209191,03N8znp9vBf95NCihtG5DJ,主梁钢筋_N7d:主梁钢筋_N7d:639768,639768,1940.88988,6.00000,0.00000000;0.00000000;-1.00000000,0
2968,1554,209213,03N8znp9vBf95NCihtG5DH,主梁钢筋_N7d:主梁钢筋_N7d:639770,639770,1940.88988,6.00000,0.00000000;0.00000000;-1.00000000,0
2969,1556,209235,03N8znp9vBf95NCihtG5DN,主梁钢筋_N7d:主梁钢筋_N7d:639772,639772,1940.88988,6.00000,0.00000000;0.00000000;-1.00000000,0
2970,1558,209257,03N8znp9vBf95NCihtG5DL,主梁钢筋_N7d:主梁钢筋_N7d:639774,639774,1940.88988,6.00000,0.00000000;0.00000000;-1.00000000,0
2971,1251,186037,03N8znp9vBf95NCihtG3fi,主梁钢筋_N7:主梁钢筋_N7:633383,633383,3240.28299,6.00000,0.00000000;0.00000000;-1.00000000,0
2972,1253,188512,03N8znp9vBf95NCihtG3t5,主梁钢筋_N7:主梁钢筋_N7:634254,634254,3240.28299,6.00000,0.00000000;0.00000000;-1.00000000,0
2973,1255,188534,03N8znp9vBf95NCihtG3te,主梁钢筋_N7:主梁钢筋_N7:634275,634275,3240.28299,6.00000,0.00000000;0.00000000;-1.00000000,0
2974,1257,188556,03N8znp9vBf95NCihtG3ti,主梁钢筋_N7:主梁钢筋_N7:634279,634279,3240.28299,6.00000,0.00000000;0.00000000;-1.00000000,0
2975,1259,188578,03N8znp9vBf95NCihtG3tW,主梁钢筋_N7:主梁钢筋_N7:634283,634283,3240.28299,6.00000,0.00000000;0.00000000;-1.00000000,0
2976,1261,188600,03N8znp9vBf95NCihtG3ta,主梁钢筋_N7:主梁钢筋_N7:634287,634287,3240.28299,6.00000,0.00000000;0.00000000;-1.00000000,0
2977,1263,188622,03N8znp9vBf95NCihtG3tu,主梁钢筋_N7:主梁钢筋_N7:634291,634291,3240.28299,6.00000,0.00000000;0.00000000;-1.00000000,0
2978,1265,188644,03N8znp9vBf95NCihtG3ty,主梁钢筋_N7:主梁钢筋_N7:634295,634295,3240.28299,6.00000,0.00000000;0.00000000;-1.00000000,0
2979,1267,188666,03N8znp9vBf95NCihtG3tm,主梁钢筋_N7:主梁钢筋_N7:634299,634299,3240.28299,6.00000,0.00000000;0.00000000;-1.00000000,0
2980,1269,188688,03N8znp9vBf95NCihtG3tq,主梁钢筋_N7:主梁钢筋_N7:634303,634303,3240.28299,6.00000,0.00000000;0.00000000;-1.00000000,0
2981,1271,188710,03N8znp9vBf95NCihtG3s8,主梁钢筋_N7:主梁钢筋_N7:634307,634307,3240.28299,6.00000,0.00000000;0.00000000;-1.00000000,0
2982,1273,188732,03N8znp9vBf95NCihtG3sC,主梁钢筋_N7:主梁钢筋_N7:634311,634311,3240.28299,6.00000,0.00000000;0.00000000;-1.00000000,0
2983,1275,188754,03N8znp9vBf95NCihtG3s0,主梁钢筋_N7:主梁钢筋_N7:634315,634315,3240.28299,6.00000,0.00000000;0.00000000;-1.00000000,0
2984,1277,188776,03N8znp9vBf95NCihtG3s4,主梁钢筋_N7:主梁钢筋_N7:634319,634319,3240.28299,6.00000,0.00000000;0.00000000;-1.00000000,0
2985,1279,188798,03N8znp9vBf95NCihtG3sO,主梁钢筋_N7:主梁钢筋_N7:634323,634323,3240.28299,6.00000,0.00000000;0.00000000;-1.00000000,0
2986,1281,188820,03N8znp9vBf95NCihtG3sG,主梁钢筋_N7:主梁钢筋_N7:634331,634331,3240.28299,6.00000,0.00000000;0.00000000;-1.00000000,0
2987,1283,188842,03N8znp9vBf95NCihtG3sK,主梁钢筋_N7:主梁钢筋_N7:634335,634335,3240.28299,6.00000,0.00000000;0.00000000;-1.00000000,0
2988,1285,188864,03N8znp9vBf95NCihtG3se,主梁钢筋_N7:主梁钢筋_N7:634339,634339,3240.28299,6.00000,0.00000000;0.00000000;-1.00000000,0
2989,1287,188886,03N8znp9vBf95NCihtG3si,主梁钢筋_N7:主梁钢筋_N7:634343,634343,3240.28299,6.00000,0.00000000;0.00000000;-1.00000000,0
2990,1289,188908,03N8znp9vBf95NCihtG3sW,主梁钢筋_N7:主梁钢筋_N7:634347,634347,3240.28299,6.00000,0.00000000;0.00000000;-1.00000000,0
2991,1291,188930,03N8znp9vBf95NCihtG3sa,主梁钢筋_N7:主梁钢筋_N7:634351,634351,3240.28299,6.00000,0.00000000;0.00000000;-1.00000000,0
2992,1293,188952,03N8znp9vBf95NCihtG3su,主梁钢筋_N7:主梁钢筋_N7:634355,634355,3240.28299,6.00000,0.00000000;0.00000000;-1.00000000,0
2993,1295,188974,03N8znp9vBf95NCihtG3sy,主梁钢筋_N7:主梁钢筋_N7:634359,634359,3240.28299,6.00000,0.00000000;0.00000000;-1.00000000,0
2994,1297,188996,03N8znp9vBf95NCihtG3sm,主梁钢筋_N7:主梁钢筋_N7:634363,634363,3240.28299,6.00000,0.00000000;0.00000000;-1.00000000,0
2995,1299,189018,03N8znp9vBf95NCihtG3sq,主梁钢筋_N7:主梁钢筋_N7:634367,634367,3240.28299,6.00000,0.00000000;0.00000000;-1.00000000,0
2996,1301,189040,03N8znp9vBf95NCihtG3v8,主梁钢筋_N7:主梁钢筋_N7:634371,634371,3240.28299,6.00000,0.00000000;0.00000000;-1.00000000,0
2997,1303,189062,03N8znp9vBf95NCihtG3vC,主梁钢筋_N7:主梁钢筋_N7:634375,634375,3240.28299,6.00000,0.00000000;0.00000000;-1.00000000,0
2998,1305,189084,03N8znp9vBf95NCihtG3v0,主梁钢筋_N7:主梁钢筋_N7:634379,634379,3240.28299,6.00000,0.00000000;0.00000000;-1.00000000,0
2999,1307,189106,03N8znp9vBf95NCihtG3v4,主梁钢筋_N7:主梁钢筋_N7:634383,634383,3240.28299,6.00000,0.00000000;0.00000000;-1.00000000,0
3000,1309,189128,03N8znp9vBf95NCihtG3vO,主梁钢筋_N7:主梁钢筋_N7:634387,634387,3240.28299,6.00000,0.00000000;0.00000000;-1.00000000,0
3001,1311,189150,03N8znp9vBf95NCihtG3vS,主梁钢筋_N7:主梁钢筋_N7:634391,634391,3240.28299,6.00000,0.00000000;0.00000000;-1.00000000,0
3002,1313,189172,03N8znp9vBf95NCihtG3vG,主梁钢筋_N7:主梁钢筋_N7:634395,634395,3240.28299,6.00000,0.00000000;0.00000000;-1.00000000,0
3003,1315,189194,03N8znp9vBf95NCihtG3vK,主梁钢筋_N7:主梁钢筋_N7:634399,634399,3240.28299,6.00000,0.00000000;0.00000000;-1.00000000,0
3004,1317,189216,03N8znp9vBf95NCihtG3ve,主梁钢筋_N7:主梁钢筋_N7:634403,634403,3240.28299,6.00000,0.00000000;0.00000000;-1.00000000,0
3005,1319,189238,03N8znp9vBf95NCihtG3vi,主梁钢筋_N7:主梁钢筋_N7:634407,634407,3240.28299,6.00000,0.00000000;0.00000000;-1.00000000,0
3006,1321,189260,03N8znp9vBf95NCihtG3vW,主梁钢筋_N7:主梁钢筋_N7:634411,634411,3240.28299,6.00000,0.00000000;0.00000000;-1.00000000,0
3007,1323,189282,03N8znp9vBf95NCihtG3va,主梁钢筋_N7:主梁钢筋_N7:634415,634415,3240.28299,6.00000,0.00000000;0.00000000;-1.00000000,0
3008,1325,189304,03N8znp9vBf95NCihtG3vu,主梁钢筋_N7:主梁钢筋_N7:634419,634419,3240.28299,6.00000,0.00000000;0.00000000;-1.00000000,0
3009,1327,189326,03N8znp9vBf95NCihtG3vy,主梁钢筋_N7:主梁钢筋_N7:634423,634423,3240.28299,6.00000,0.00000000;0.00000000;-1.00000000,0
3010,1329,189348,03N8znp9vBf95NCihtG3vm,主梁钢筋_N7:主梁钢筋_N7:634427,634427,3240.28299,6.00000,0.00000000;0.00000000;-1.00000000,0
3011,1331,189370,03N8znp9vBf95NCihtG3vq,主梁钢筋_N7:主梁钢筋_N7:634431,634431,3240.28299,6.00000,0.00000000;0.00000000;-1.00000000,0
3012,1333,189392,03N8znp9vBf95NCihtG3u8,主梁钢筋_N7:主梁钢筋_N7:634435,634435,3240.28299,6.00000,0.00000000;0.00000000;-1.00000000,0
3013,1335,189414,03N8znp9vBf95NCihtG3uC,主梁钢筋_N7:主梁钢筋_N7:634439,634439,3240.28299,6.00000,0.00000000;0.00000000;-1.00000000,0
3014,1337,189436,03N8znp9vBf95NCihtG3u0,主梁钢筋_N7:主梁钢筋_N7:634443,634443,3240.28299,6.00000,0.00000000;0.00000000;-1.00000000,0
3015,1339,189458,03N8znp9vBf95NCihtG3u4,主梁钢筋_N7:主梁钢筋_N7:634447,634447,3240.28299,6.00000,0.00000000;0.00000000;-1.00000000,0
3016,1341,189480,03N8znp9vBf95NCihtG3uO,主梁钢筋_N7:主梁钢筋_N7:634451,634451,3240.28299,6.00000,0.00000000;0.00000000;-1.00000000,0
3017,1343,189502,03N8znp9vBf95NCihtG3uG,主梁钢筋_N7:主梁钢筋_N7:634459,634459,3240.28299,6.00000,0.00000000;0.00000000;-1.00000000,0
3018,1345,189524,03N8znp9vBf95NCihtG3uK,主梁钢筋_N7:主梁钢筋_N7:634463,634463,3240.28299,6.00000,0.00000000;0.00000000;-1.00000000,0
3019,1347,189546,03N8znp9vBf95NCihtG3ue,主梁钢筋_N7:主梁钢筋_N7:634467,634467,3240.28299,6.00000,0.00000000;0.00000000;-1.00000000,0
3020,1349,189568,03N8znp9vBf95NCihtG3ui,主梁钢筋_N7:主梁钢筋_N7:634471,634471,3240.28299,6.00000,0.00000000;0.00000000;-1.00000000,0
3021,1351,189590,03N8znp9vBf95NCihtG3uW,主梁钢筋_N7:主梁钢筋_N7:634475,634475,3240.28299,6.00000,0.00000000;0.00000000;-1.00000000,0
3022,1353,189612,03N8znp9vBf95NCihtG3ua,主梁钢筋_N7:主梁钢筋_N7:634479,634479,3240.28299,6.00000,0.00000000;0.00000000;-1.00000000,0
3023,1355,189634,03N8znp9vBf95NCihtG3uu,主梁钢筋_N7:主梁钢筋_N7:634483,634483,3240.28299,6.00000,0.00000000;0.00000000;-1.00000000,0
3024,1357,189656,03N8znp9vBf95NCihtG3uy,主梁钢筋_N7:主梁钢筋_N7:634487,634487,3240.28299,6.00000,0.00000000;0.00000000;-1.00000000,0
3025,1359,189678,03N8znp9vBf95NCihtG3um,主梁钢筋_N7:主梁钢筋_N7:634491,634491,3240.28299,6.00000,0.00000000;0.00000000;-1.00000000,0
3026,1361,189700,03N8znp9vBf95NCihtG3uq,主梁钢筋_N7:主梁钢筋_N7:634495,634495,3240.28299,6.00000,0.00000000;0.00000000;-1.00000000,0
3027,1363,189722,03N8znp9vBf95NCihtG3x8,主梁钢筋_N7:主梁钢筋_N7:634499,634499,3240.28299,6.00000,0.00000000;0.00000000;-1.00000000,0
3028,1365,189744,03N8znp9vBf95NCihtG3xC,主梁钢筋_N7:主梁钢筋_N7:634503,634503,3240.28299,6.00000,0.00000000;0.00000000;-1.00000000,0
3029,1367,189766,03N8znp9vBf95NCihtG3x0,主梁钢筋_N7:主梁钢筋_N7:634507,634507,3240.28299,6.00000,0.00000000;0.00000000;-1.00000000,0
3030,1369,189788,03N8znp9vBf95NCihtG3x4,主梁钢筋_N7:主梁钢筋_N7:634511,634511,3240.28299,6.00000,0.00000000;0.00000000;-1.00000000,0
3031,1371,189810,03N8znp9vBf95NCihtG3xO,主梁钢筋_N7:主梁钢筋_N7:634515,634515,3240.28299,6.00000,0.00000000;0.00000000;-1.00000000,0
3032,1373,189832,03N8znp9vBf95NCihtG3xS,主梁钢筋_N7:主梁钢筋_N7:634519,634519,3240.28299,6.00000,0.00000000;0.00000000;-1.00000000,0
3033,1375,189854,03N8znp9vBf95NCihtG3xG,主梁钢筋_N7:主梁钢筋_N7:634523,634523,3240.28299,6.00000,0.00000000;0.00000000;-1.00000000,0
3034,1377,189876,03N8znp9vBf95NCihtG3xK,主梁钢筋_N7:主梁钢筋_N7:634527,634527,3240.28299,6.00000,0.00000000;0.00000000;-1.00000000,0
3035,1379,189898,03N8znp9vBf95NCihtG3xe,主梁钢筋_N7:主梁钢筋_N7:634531,634531,3240.28299,6.00000,0.00000000;0.00000000;-1.00000000,0
3036,1381,189920,03N8znp9vBf95NCihtG3xi,主梁钢筋_N7:主梁钢筋_N7:634535,634535,3240.28299,6.00000,0.00000000;0.00000000;-1.00000000,0
3037,1383,189942,03N8znp9vBf95NCihtG3xW,主梁钢筋_N7:主梁钢筋_N7:634539,634539,3240.28299,6.00000,0.00000000;0.00000000;-1.00000000,0
3038,1385,189964,03N8znp9vBf95NCihtG3xa,主梁钢筋_N7:主梁钢筋_N7:634543,634543,3240.28299,6.00000,0.00000000;0.00000000;-1.00000000,0
3039,1387,189986,03N8znp9vBf95NCihtG3xu,主梁钢筋_N7:主梁钢筋_N7:634547,634547,3240.28299,6.00000,0.00000000;0.00000000;-1.00000000,0
3040,1389,190008,03N8znp9vBf95NCihtG3xy,主梁钢筋_N7:主梁钢筋_N7:634551,634551,3240.28299,6.00000,0.00000000;0.00000000;-1.00000000,0
3041,1391,190030,03N8znp9vBf95NCihtG3xm,主梁钢筋_N7:主梁钢筋_N7:634555,634555,3240.28299,6.00000,0.00000000;0.00000000;-1.00000000,0
3042,1393,190052,03N8znp9vBf95NCihtG3xq,主梁钢筋_N7:主梁钢筋_N7:634559,634559,3240.28299,6.00000,0.00000000;0.00000000;-1.00000000,0
3043,1395,190074,03N8znp9vBf95NCihtG3w8,主梁钢筋_N7:主梁钢筋_N7:634563,634563,3240.28299,6.00000,0.00000000;0.00000000;-1.00000000,0
3044,1397,190096,03N8znp9vBf95NCihtG3wC,主梁钢筋_N7:主梁钢筋_N7:634567,634567,3240.28299,6.00000,0.00000000;0.00000000;-1.00000000,0
3045,1399,190118,03N8znp9vBf95NCihtG3w0,主梁钢筋_N7:主梁钢筋_N7:634571,634571,3240.28299,6.00000,0.00000000;0.00000000;-1.00000000,0
3046,1401,190140,03N8znp9vBf95NCihtG3w4,主梁钢筋_N7:主梁钢筋_N7:634575,634575,3240.28299,6.00000,0.00000000;0.00000000;-1.00000000,0
3047,1403,190162,03N8znp9vBf95NCihtG3wO,主梁钢筋_N7:主梁钢筋_N7:634579,634579,3240.28299,6.00000,0.00000000;0.00000000;-1.00000000,0
3048,1405,190184,03N8znp9vBf95NCihtG3wG,主梁钢筋_N7:主梁钢筋_N7:634587,634587,3240.28299,6.00000,0.00000000;0.00000000;-1.00000000,0
3049,1407,190206,03N8znp9vBf95NCihtG3wK,主梁钢筋_N7:主梁钢筋_N7:634591,634591,3240.28299,6.00000,0.00000000;0.00000000;-1.00000000,0
3050,1409,190228,03N8znp9vBf95NCihtG3we,主梁钢筋_N7:主梁钢筋_N7:634595,634595,3240.28299,6.00000,0.00000000;0.00000000;-1.00000000,0
3051,1411,190250,03N8znp9vBf95NCihtG3wi,主梁钢筋_N7:主梁钢筋_N7:634599,634599,3240.28299,6.00000,0.00000000;0.00000000;-1.00000000,0
3052,1413,190272,03N8znp9vBf95NCihtG3wW,主梁钢筋_N7:主梁钢筋_N7:634603,634603,3240.28299,6.00000,0.00000000;0.00000000;-1.00000000,0
3053,1415,190294,03N8znp9vBf95NCihtG3wa,主梁钢筋_N7:主梁钢筋_N7:634607,634607,3240.28299,6.00000,0.00000000;0.00000000;-1.00000000,0
3054,1417,190316,03N8znp9vBf95NCihtG3wu,主梁钢筋_N7:主梁钢筋_N7:634611,634611,3240.28299,6.00000,0.00000000;0.00000000;-1.00000000,0
3055,1419,190338,03N8znp9vBf95NCihtG3wy,主梁钢筋_N7:主梁钢筋_N7:634615,634615,3240.28299,6.00000,0.00000000;0.00000000;-1.00000000,0
3056,1421,190360,03N8znp9vBf95NCihtG3wm,主梁钢筋_N7:主梁钢筋_N7:634619,634619,3240.28299,6.00000,0.00000000;0.00000000;-1.00000000,0
3057,1423,190382,03N8znp9vBf95NCihtG3wq,主梁钢筋_N7:主梁钢筋_N7:634623,634623,3240.28299,6.00000,0.00000000;0.00000000;-1.00000000,0
3058,1425,190404,03N8znp9vBf95NCihtG3z8,主梁钢筋_N7:主梁钢筋_N7:634627,634627,3240.28299,6.00000,0.00000000;0.00000000;-1.00000000,0
3059,1427,190426,03N8znp9vBf95NCihtG3zC,主梁钢筋_N7:主梁钢筋_N7:634631,634631,3240.28299,6.00000,0.00000000;0.00000000;-1.00000000,0
3060,1429,190448,03N8znp9vBf95NCihtG3z0,主梁钢筋_N7:主梁钢筋_N7:634635,634635,3240.28299,6.00000,0.00000000;0.00000000;-1.00000000,0
3061,1431,190470,03N8znp9vBf95NCihtG3z4,主梁钢筋_N7:主梁钢筋_N7:634639,634639,3240.28299,6.00000,0.00000000;0.00000000;-1.00000000,0
3062,1433,190492,03N8znp9vBf95NCihtG3zO,主梁钢筋_N7:主梁钢筋_N7:634643,634643,3240.28299,6.00000,0.00000000;0.00000000;-1.00000000,0
3063,1435,190514,03N8znp9vBf95NCihtG3zS,主梁钢筋_N7:主梁钢筋_N7:634647,634647,3240.28299,6.00000,0.00000000;0.00000000;-1.00000000,0
3064,1437,190536,03N8znp9vBf95NCihtG3zG,主梁钢筋_N7:主梁钢筋_N7:634651,634651,3240.28299,6.00000,0.00000000;0.00000000;-1.00000000,0
3065,1439,190558,03N8znp9vBf95NCihtG3zK,主梁钢筋_N7:主梁钢筋_N7:634655,634655,3240.28299,6.00000,0.00000000;0.00000000;-1.00000000,0
3066,1441,190580,03N8znp9vBf95NCihtG3ze,主梁钢筋_N7:主梁钢筋_N7:634659,634659,3240.28299,6.00000,0.00000000;0.00000000;-1.00000000,0
3067,1443,190602,03N8znp9vBf95NCihtG3zX,主梁钢筋_N7:主梁钢筋_N7:634666,634666,3240.28299,6.00000,0.00000000;0.00000000;-1.00000000,0
3068,1445,190624,03N8znp9vBf95NCihtG3zp,主梁钢筋_N7:主梁钢筋_N7:634680,634680,3240.28299,6.00000,0.00000000;0.00000000;-1.00000000,0
3069,1447,190646,03N8znp9vBf95NCihtG3zt,主梁钢筋_N7:主梁钢筋_N7:634684,634684,3240.28299,6.00000,0.00000000;0.00000000;-1.00000000,0
3070,1449,190668,03N8znp9vBf95NCihtG3yB,主梁钢筋_N7:主梁钢筋_N7:634688,634688,3240.28299,6.00000,0.00000000;0.00000000;-1.00000000,0
3071,1451,190690,03N8znp9vBf95NCihtG3yF,主梁钢筋_N7:主梁钢筋_N7:634692,634692,3240.28299,6.00000,0.00000000;0.00000000;-1.00000000,0
3072,1453,190712,03N8znp9vBf95NCihtG3y3,主梁钢筋_N7:主梁钢筋_N7:634696,634696,3240.28299,6.00000,0.00000000;0.00000000;-1.00000000,0
3073,1455,190734,03N8znp9vBf95NCihtG3y7,主梁钢筋_N7:主梁钢筋_N7:634700,634700,3240.28299,6.00000,0.00000000;0.00000000;-1.00000000,0
3074,1457,190756,03N8znp9vBf95NCihtG3yR,主梁钢筋_N7:主梁钢筋_N7:634704,634704,3240.28299,6.00000,0.00000000;0.00000000;-1.00000000,0
3075,1459,190778,03N8znp9vBf95NCihtG3yV,主梁钢筋_N7:主梁钢筋_N7:634708,634708,3240.28299,6.00000,0.00000000;0.00000000;-1.00000000,0
3076,1461,190800,03N8znp9vBf95NCihtG3yJ,主梁钢筋_N7:主梁钢筋_N7:634712,634712,3240.28299,6.00000,0.00000000;0.00000000;-1.00000000,0
3077,1463,190822,03N8znp9vBf95NCihtG3yN,主梁钢筋_N7:主梁钢筋_N7:634716,634716,3240.28299,6.00000,0.00000000;0.00000000;-1.00000000,0
3078,1465,190844,03N8znp9vBf95NCihtG3yh,主梁钢筋_N7:主梁钢筋_N7:634720,634720,3240.28299,6.00000,0.00000000;0.00000000;-1.00000000,0
3079,1467,190866,03N8znp9vBf95NCihtG3yl,主梁钢筋_N7:主梁钢筋_N7:634724,634724,3240.28299,6.00000,0.00000000;0.00000000;-1.00000000,0
3080,1469,190888,03N8znp9vBf95NCihtG3yZ,主梁钢筋_N7:主梁钢筋_N7:634728,634728,3240.28299,6.00000,0.00000000;0.00000000;-1.00000000,0
3081,1471,190910,03N8znp9vBf95NCihtG3yd,主梁钢筋_N7:主梁钢筋_N7:634732,634732,3240.28299,6.00000,0.00000000;0.00000000;-1.00000000,0
3082,1473,190932,03N8znp9vBf95NCihtG3yu,主梁钢筋_N7:主梁钢筋_N7:634739,634739,3240.28299,6.00000,0.00000000;0.00000000;-1.00000000,0
3083,1475,190954,03N8znp9vBf95NCihtG3$C,主梁钢筋_N7:主梁钢筋_N7:634759,634759,3240.28299,6.00000,0.00000000;0.00000000;-1.00000000,0
3084,1477,190976,03N8znp9vBf95NCihtG3$0,主梁钢筋_N7:主梁钢筋_N7:634763,634763,3240.28299,6.00000,0.00000000;0.00000000;-1.00000000,0
3085,1560,209279,03N8znp9vBf95NCihtG5DY,主梁钢筋_N7:主梁钢筋_N7:639785,639785,3240.28299,6.00000,0.00000000;0.00000000;-1.00000000,0
3086,1562,209301,03N8znp9vBf95NCihtG5Dd,主梁钢筋_N7:主梁钢筋_N7:639788,639788,3240.28299,6.00000,0.00000000;0.00000000;-1.00000000,0
3087,1564,209323,03N8znp9vBf95NCihtG5Da,主梁钢筋_N7:主梁钢筋_N7:639791,639791,3240.28299,6.00000,0.00000000;0.00000000;-1.00000000,0
3088,1566,209345,03N8znp9vBf95NCihtG5Dv,主梁钢筋_N7:主梁钢筋_N7:639794,639794,3240.28299,6.00000,0.00000000;0.00000000;-1.00000000,0
3089,1568,209367,03N8znp9vBf95NCihtG5D_,主梁钢筋_N7:主梁钢筋_N7:639797,639797,3240.28299,6.00000,0.00000000;0.00000000;-1.00000000,0
3090,1570,209389,03N8znp9vBf95NCihtG5Dp,主梁钢筋_N7:主梁钢筋_N7:639800,639800,3240.28299,6.00000,0.00000000;0.00000000;-1.00000000,0
3091,1572,209411,03N8znp9vBf95NCihtG5Dm,主梁钢筋_N7:主梁钢筋_N7:639803,639803,3240.28299,6.00000,0.00000000;0.00000000;-1.00000000,0
3092,1574,209433,03N8znp9vBf95NCihtG5Dr,主梁钢筋_N7:主梁钢筋_N7:639806,639806,3240.28299,6.00000,0.00000000;0.00000000;-1.00000000,0
3093,1576,209455,03N8znp9vBf95NCihtG5CA,主梁钢筋_N7:主梁钢筋_N7:639809,639809,3240.28299,6.00000,0.00000000;0.00000000;-1.00000000,0
3094,1578,209477,03N8znp9vBf95NCihtG5CF,主梁钢筋_N7:主梁钢筋_N7:639812,639812,3240.28299,6.00000,0.00000000;0.00000000;-1.00000000,0
3095,1580,209499,03N8znp9vBf95NCihtG5CC,主梁钢筋_N7:主梁钢筋_N7:639815,639815,3240.28299,6.00000,0.00000000;0.00000000;-1.00000000,0
3096,1582,209521,03N8znp9vBf95NCihtG5C1,主梁钢筋_N7:主梁钢筋_N7:639818,639818,3240.28299,6.00000,0.00000000;0.00000000;-1.00000000,0
3097,1584,209543,03N8znp9vBf95NCihtG5C6,主梁钢筋_N7:主梁钢筋_N7:639821,639821,3240.28299,6.00000,0.00000000;0.00000000;-1.00000000,0
3098,1586,209565,03N8znp9vBf95NCihtG5CR,主梁钢筋_N7:主梁钢筋_N7:639824,639824,3240.28299,6.00000,0.00000000;0.00000000;-1.00000000,0
3099,1588,209587,03N8znp9vBf95NCihtG5CO,主梁钢筋_N7:主梁钢筋_N7:639827,639827,3240.28299,6.00000,0.00000000;0.00000000;-1.00000000,0
3100,1590,209609,03N8znp9vBf95NCihtG5CT,主梁钢筋_N7:主梁钢筋_N7:639830,639830,3240.28299,6.00000,0.00000000;0.00000000;-1.00000000,0
3101,1592,209631,03N8znp9vBf95NCihtG5CI,主梁钢筋_N7:主梁钢筋_N7:639833,639833,3240.28299,6.00000,0.00000000;0.00000000;-1.00000000,0
3102,1594,209653,03N8znp9vBf95NCihtG5CN,主梁钢筋_N7:主梁钢筋_N7:639836,639836,3240.28299,6.00000,0.00000000;0.00000000;-1.00000000,0
3103,1596,209675,03N8znp9vBf95NCihtG5CK,主梁钢筋_N7:主梁钢筋_N7:639839,639839,3240.28299,6.00000,0.00000000;0.00000000;-1.00000000,0
3104,1598,209697,03N8znp9vBf95NCihtG5Cf,主梁钢筋_N7:主梁钢筋_N7:639842,639842,3240.28299,6.00000,0.00000000;0.00000000;-1.00000000,0
3105,1600,209719,03N8znp9vBf95NCihtG5Ck,主梁钢筋_N7:主梁钢筋_N7:639845,639845,3240.28299,6.00000,0.00000000;0.00000000;-1.00000000,0
3106,1602,209741,03N8znp9vBf95NCihtG5CZ,主梁钢筋_N7:主梁钢筋_N7:639848,639848,3240.28299,6.00000,0.00000000;0.00000000;-1.00000000,0
3107,1604,209763,03N8znp9vBf95NCihtG5CW,主梁钢筋_N7:主梁钢筋_N7:639851,639851,3240.28299,6.00000,0.00000000;0.00000000;-1.00000000,0
3108,1606,209785,03N8znp9vBf95NCihtG5Cb,主梁钢筋_N7:主梁钢筋_N7:639854,639854,3240.28299,6.00000,0.00000000;0.00000000;-1.00000000,0
3109,1608,209807,03N8znp9vBf95NCihtG5Cw,主梁钢筋_N7:主梁钢筋_N7:639857,639857,3240.28299,6.00000,0.00000000;0.00000000;-1.00000000,0
3110,1610,209829,03N8znp9vBf95NCihtG5C$,主梁钢筋_N7:主梁钢筋_N7:639860,639860,3240.28299,6.00000,0.00000000;0.00000000;-1.00000000,0
3111,1612,209851,03N8znp9vBf95NCihtG5Cy,主梁钢筋_N7:主梁钢筋_N7:639863,639863,3240.28299,6.00000,0.00000000;0.00000000;-1.00000000,0
3112,1614,209873,03N8znp9vBf95NCihtG5Cn,主梁钢筋_N7:主梁钢筋_N7:639866,639866,3240.28299,6.00000,0.00000000;0.00000000;-1.00000000,0
3113,1616,209895,03N8znp9vBf95NCihtG5Cs,主梁钢筋_N7:主梁钢筋_N7:639869,639869,3240.28299,6.00000,0.00000000;0.00000000;-1.00000000,0
3114,1618,209917,03N8znp9vBf95NCihtG5FB,主梁钢筋_N7:主梁钢筋_N7:639872,639872,3240.28299,6.00000,0.00000000;0.00000000;-1.00000000,0
3115,1620,209939,03N8znp9vBf95NCihtG5F8,主梁钢筋_N7:主梁钢筋_N7:639875,639875,3240.28299,6.00000,0.00000000;0.00000000;-1.00000000,0
3116,1622,209961,03N8znp9vBf95NCihtG5FD,主梁钢筋_N7:主梁钢筋_N7:639878,639878,3240.28299,6.00000,0.00000000;0.00000000;-1.00000000,0
3117,1624,209983,03N8znp9vBf95NCihtG5F2,主梁钢筋_N7:主梁钢筋_N7:639881,639881,3240.28299,6.00000,0.00000000;0.00000000;-1.00000000,0
3118,1626,210005,03N8znp9vBf95NCihtG5F7,主梁钢筋_N7:主梁钢筋_N7:639884,639884,3240.28299,6.00000,0.00000000;0.00000000;-1.00000000,0
3119,1628,210027,03N8znp9vBf95NCihtG5F4,主梁钢筋_N7:主梁钢筋_N7:639887,639887,3240.28299,6.00000,0.00000000;0.00000000;-1.00000000,0
3120,1630,210049,03N8znp9vBf95NCihtG5FP,主梁钢筋_N7:主梁钢筋_N7:639890,639890,3240.28299,6.00000,0.00000000;0.00000000;-1.00000000,0
3121,1632,210071,03N8znp9vBf95NCihtG5FU,主梁钢筋_N7:主梁钢筋_N7:639893,639893,3240.28299,6.00000,0.00000000;0.00000000;-1.00000000,0
3122,1634,210093,03N8znp9vBf95NCihtG5FJ,主梁钢筋_N7:主梁钢筋_N7:639896,639896,3240.28299,6.00000,0.00000000;0.00000000;-1.00000000,0
3123,1636,210115,03N8znp9vBf95NCihtG5FG,主梁钢筋_N7:主梁钢筋_N7:639899,639899,3240.28299,6.00000,0.00000000;0.00000000;-1.00000000,0
3124,1638,210137,03N8znp9vBf95NCihtG5FL,主梁钢筋_N7:主梁钢筋_N7:639902,639902,3240.28299,6.00000,0.00000000;0.00000000;-1.00000000,0
3125,1640,210159,03N8znp9vBf95NCihtG5Fg,主梁钢筋_N7:主梁钢筋_N7:639905,639905,3240.28299,6.00000,0.00000000;0.00000000;-1.00000000,0
3126,1642,210181,03N8znp9vBf95NCihtG5Fl,主梁钢筋_N7:主梁钢筋_N7:639908,639908,3240.28299,6.00000,0.00000000;0.00000000;-1.00000000,0
3127,1644,210203,03N8znp9vBf95NCihtG5Fi,主梁钢筋_N7:主梁钢筋_N7:639911,639911,3240.28299,6.00000,0.00000000;0.00000000;-1.00000000,0
3128,1646,210225,03N8znp9vBf95NCihtG5FX,主梁钢筋_N7:主梁钢筋_N7:639914,639914,3240.28299,6.00000,0.00000000;0.00000000;-1.00000000,0
3129,1648,210247,03N8znp9vBf95NCihtG5Fc,主梁钢筋_N7:主梁钢筋_N7:639917,639917,3240.28299,6.00000,0.00000000;0.00000000;-1.00000000,0
3130,1650,210269,03N8znp9vBf95NCihtG5Fx,主梁钢筋_N7:主梁钢筋_N7:639920,639920,3240.28299,6.00000,0.00000000;0.00000000;-1.00000000,0
3131,1652,210291,03N8znp9vBf95NCihtG5Fu,主梁钢筋_N7:主梁钢筋_N7:639923,639923,3240.28299,6.00000,0.00000000;0.00000000;-1.00000000,0
3132,1654,210313,03N8znp9vBf95NCihtG5Fz,主梁钢筋_N7:主梁钢筋_N7:639926,639926,3240.28299,6.00000,0.00000000;0.00000000;-1.00000000,0
3133,1656,210335,03N8znp9vBf95NCihtG5Fo,主梁钢筋_N7:主梁钢筋_N7:639929,639929,3240.28299,6.00000,0.00000000;0.00000000;-1.00000000,0
3134,1658,210357,03N8znp9vBf95NCihtG5Ft,主梁钢筋_N7:主梁钢筋_N7:639932,639932,3240.28299,6.00000,0.00000000;0.00000000;-1.00000000,0
3135,1660,210379,03N8znp9vBf95NCihtG5Fq,主梁钢筋_N7:主梁钢筋_N7:639935,639935,3240.28299,6.00000,0.00000000;0.00000000;-1.00000000,0
3136,1662,210401,03N8znp9vBf95NCihtG5E9,主梁钢筋_N7:主梁钢筋_N7:639938,639938,3240.28299,6.00000,0.00000000;0.00000000;-1.00000000,0
3137,1664,210423,03N8znp9vBf95NCihtG5EE,主梁钢筋_N7:主梁钢筋_N7:639941,639941,3240.28299,6.00000,0.00000000;0.00000000;-1.00000000,0
3138,1666,210445,03N8znp9vBf95NCihtG5E3,主梁钢筋_N7:主梁钢筋_N7:639944,639944,3240.28299,6.00000,0.00000000;0.00000000;-1.00000000,0
3139,1668,210467,03N8znp9vBf95NCihtG5E0,主梁钢筋_N7:主梁钢筋_N7:639947,639947,3240.28299,6.00000,0.00000000;0.00000000;-1.00000000,0
3140,1670,210489,03N8znp9vBf95NCihtG5E5,主梁钢筋_N7:主梁钢筋_N7:639950,639950,3240.28299,6.00000,0.00000000;0.00000000;-1.00000000,0
3141,1672,210511,03N8znp9vBf95NCihtG5EQ,主梁钢筋_N7:主梁钢筋_N7:639953,639953,3240.28299,6.00000,0.00000000;0.00000000;-1.00000000,0
3142,1674,210533,03N8znp9vBf95NCihtG5EV,主梁钢筋_N7:主梁钢筋_N7:639956,639956,3240.28299,6.00000,0.00000000;0.00000000;-1.00000000,0
3143,1676,210555,03N8znp9vBf95NCihtG5ES,主梁钢筋_N7:主梁钢筋_N7:639959,639959,3240.28299,6.00000,0.00000000;0.00000000;-1.00000000,0
3144,1678,210577,03N8znp9vBf95NCihtG5EH,主梁钢筋_N7:主梁钢筋_N7:639962,639962,3240.28299,6.00000,0.00000000;0.00000000;-1.00000000,0
3145,1680,210599,03N8znp9vBf95NCihtG5EM,主梁钢筋_N7:主梁钢筋_N7:639965,639965,3240.28299,6.00000,0.00000000;0.00000000;-1.00000000,0
3146,1682,210621,03N8znp9vBf95NCihtG5Eh,主梁钢筋_N7:主梁钢筋_N7:639968,639968,3240.28299,6.00000,0.00000000;0.00000000;-1.00000000,0
3147,1684,210643,03N8znp9vBf95NCihtG5Ee,主梁钢筋_N7:主梁钢筋_N7:639971,639971,3240.28299,6.00000,0.00000000;0.00000000;-1.00000000,0
3148,1686,210665,03N8znp9vBf95NCihtG5Ej,主梁钢筋_N7:主梁钢筋_N7:639974,639974,3240.28299,6.00000,0.00000000;0.00000000;-1.00000000,0
3149,1688,210687,03N8znp9vBf95NCihtG5EY,主梁钢筋_N7:主梁钢筋_N7:639977,639977,3240.28299,6.00000,0.00000000;0.00000000;-1.00000000,0
3150,1690,210709,03N8znp9vBf95NCihtG5Ed,主梁钢筋_N7:主梁钢筋_N7:639980,639980,3240.28299,6.00000,0.00000000;0.00000000;-1.00000000,0
3151,1692,210731,03N8znp9vBf95NCihtG5Ea,主梁钢筋_N7:主梁钢筋_N7:639983,639983,3240.28299,6.00000,0.00000000;0.00000000;-1.00000000,0
3152,1694,210753,03N8znp9vBf95NCihtG5Ev,主梁钢筋_N7:主梁钢筋_N7:639986,639986,3240.28299,6.00000,0.00000000;0.00000000;-1.00000000,0
3153,1696,210775,03N8znp9vBf95NCihtG5E_,主梁钢筋_N7:主梁钢筋_N7:639989,639989,3240.28299,6.00000,0.00000000;0.00000000;-1.00000000,0
3154,1698,210797,03N8znp9vBf95NCihtG5Ep,主梁钢筋_N7:主梁钢筋_N7:639992,639992,3240.28299,6.00000,0.00000000;0.00000000;-1.00000000,0
3155,1700,210819,03N8znp9vBf95NCihtG5Em,主梁钢筋_N7:主梁钢筋_N7:639995,639995,3240.28299,6.00000,0.00000000;0.00000000;-1.00000000,0
3156,1702,210841,03N8znp9vBf95NCihtG5Er,主梁钢筋_N7:主梁钢筋_N7:639998,639998,3240.28299,6.00000,0.00000000;0.00000000;-1.00000000,0
3157,1704,210863,03N8znp9vBf95NCihtG5HA,主梁钢筋_N7:主梁钢筋_N7:640001,640001,3240.28299,6.00000,0.00000000;0.00000000;-1.00000000,0
3158,1706,210885,03N8znp9vBf95NCihtG5HF,主梁钢筋_N7:主梁钢筋_N7:640004,640004,3240.28299,6.00000,0.00000000;0.00000000;-1.00000000,0
3159,1708,210907,03N8znp9vBf95NCihtG5HC,主梁钢筋_N7:主梁钢筋_N7:640007,640007,3240.28299,6.00000,0.00000000;0.00000000;-1.00000000,0
3160,1710,210929,03N8znp9vBf95NCihtG5H1,主梁钢筋_N7:主梁钢筋_N7:640010,640010,3240.28299,6.00000,0.00000000;0.00000000;-1.00000000,0
3161,1712,210951,03N8znp9vBf95NCihtG5H6,主梁钢筋_N7:主梁钢筋_N7:640013,640013,3240.28299,6.00000,0.00000000;0.00000000;-1.00000000,0
3162,1714,210973,03N8znp9vBf95NCihtG5HR,主梁钢筋_N7:主梁钢筋_N7:640016,640016,3240.28299,6.00000,0.00000000;0.00000000;-1.00000000,0
3163,1716,210995,03N8znp9vBf95NCihtG5HO,主梁钢筋_N7:主梁钢筋_N7:640019,640019,3240.28299,6.00000,0.00000000;0.00000000;-1.00000000,0
3164,1718,211017,03N8znp9vBf95NCihtG5HT,主梁钢筋_N7:主梁钢筋_N7:640022,640022,3240.28299,6.00000,0.00000000;0.00000000;-1.00000000,0
3165,1720,211039,03N8znp9vBf95NCihtG5HI,主梁钢筋_N7:主梁钢筋_N7:640025,640025,3240.28299,6.00000,0.00000000;0.00000000;-1.00000000,0
3166,1722,211061,03N8znp9vBf95NCihtG5HN,主梁钢筋_N7:主梁钢筋_N7:640028,640028,3240.28299,6.00000,0.00000000;0.00000000;-1.00000000,0
3167,1724,211083,03N8znp9vBf95NCihtG5HK,主梁钢筋_N7:主梁钢筋_N7:640031,640031,3240.28299,6.00000,0.00000000;0.00000000;-1.00000000,0
3168,1726,211105,03N8znp9vBf95NCihtG5Hf,主梁钢筋_N7:主梁钢筋_N7:640034,640034,3240.28299,6.00000,0.00000000;0.00000000;-1.00000000,0
3169,1728,211127,03N8znp9vBf95NCihtG5Hk,主梁钢筋_N7:主梁钢筋_N7:640037,640037,3240.28299,6.00000,0.00000000;0.00000000;-1.00000000,0
3170,1730,211149,03N8znp9vBf95NCihtG5HZ,主梁钢筋_N7:主梁钢筋_N7:640040,640040,3240.28299,6.00000,0.00000000;0.00000000;-1.00000000,0
3171,1732,211171,03N8znp9vBf95NCihtG5HW,主梁钢筋_N7:主梁钢筋_N7:640043,640043,3240.28299,6.00000,0.00000000;0.00000000;-1.00000000,0
3172,1734,211193,03N8znp9vBf95NCihtG5Hb,主梁钢筋_N7:主梁钢筋_N7:640046,640046,3240.28299,6.00000,0.00000000;0.00000000;-1.00000000,0
3173,1736,211215,03N8znp9vBf95NCihtG5Hw,主梁钢筋_N7:主梁钢筋_N7:640049,640049,3240.28299,6.00000,0.00000000;0.00000000;-1.00000000,0
3174,1738,211237,03N8znp9vBf95NCihtG5H$,主梁钢筋_N7:主梁钢筋_N7:640052,640052,3240.28299,6.00000,0.00000000;0.00000000;-1.00000000,0
3175,1740,211259,03N8znp9vBf95NCihtG5Hy,主梁钢筋_N7:主梁钢筋_N7:640055,640055,3240.28299,6.00000,0.00000000;0.00000000;-1.00000000,0
3176,1742,211281,03N8znp9vBf95NCihtG5Hn,主梁钢筋_N7:主梁钢筋_N7:640058,640058,3240.28299,6.00000,0.00000000;0.00000000;-1.00000000,0
3177,1744,211303,03N8znp9vBf95NCihtG5Hs,主梁钢筋_N7:主梁钢筋_N7:640061,640061,3240.28299,6.00000,0.00000000;0.00000000;-1.00000000,0
3178,1746,211325,03N8znp9vBf95NCihtG5GB,主梁钢筋_N7:主梁钢筋_N7:640064,640064,3240.28299,6.00000,0.00000000;0.00000000;-1.00000000,0
3179,1748,211347,03N8znp9vBf95NCihtG5G8,主梁钢筋_N7:主梁钢筋_N7:640067,640067,3240.28299,6.00000,0.00000000;0.00000000;-1.00000000,0
3180,1750,211369,03N8znp9vBf95NCihtG5GD,主梁钢筋_N7:主梁钢筋_N7:640070,640070,3240.28299,6.00000,0.00000000;0.00000000;-1.00000000,0
3181,1752,211391,03N8znp9vBf95NCihtG5G2,主梁钢筋_N7:主梁钢筋_N7:640073,640073,3240.28299,6.00000,0.00000000;0.00000000;-1.00000000,0
3182,1754,211413,03N8znp9vBf95NCihtG5G7,主梁钢筋_N7:主梁钢筋_N7:640076,640076,3240.28299,6.00000,0.00000000;0.00000000;-1.00000000,0
3183,1756,211435,03N8znp9vBf95NCihtG5G4,主梁钢筋_N7:主梁钢筋_N7:640079,640079,3240.28299,6.00000,0.00000000;0.00000000;-1.00000000,0
3184,1758,211457,03N8znp9vBf95NCihtG5GP,主梁钢筋_N7:主梁钢筋_N7:640082,640082,3240.28299,6.00000,0.00000000;0.00000000;-1.00000000,0
3185,1760,211479,03N8znp9vBf95NCihtG5GU,主梁钢筋_N7:主梁钢筋_N7:640085,640085,3240.28299,6.00000,0.00000000;0.00000000;-1.00000000,0
3186,1762,211501,03N8znp9vBf95NCihtG5GJ,主梁钢筋_N7:主梁钢筋_N7:640088,640088,3240.28299,6.00000,0.00000000;0.00000000;-1.00000000,0
3187,1764,211523,03N8znp9vBf95NCihtG5GG,主梁钢筋_N7:主梁钢筋_N7:640091,640091,3240.28299,6.00000,0.00000000;0.00000000;-1.00000000,0
3188,1766,211545,03N8znp9vBf95NCihtG5GL,主梁钢筋_N7:主梁钢筋_N7:640094,640094,3240.28299,6.00000,0.00000000;0.00000000;-1.00000000,0
3189,1768,211567,03N8znp9vBf95NCihtG5Gg,主梁钢筋_N7:主梁钢筋_N7:640097,640097,3240.28299,6.00000,0.00000000;0.00000000;-1.00000000,0
3190,1770,211589,03N8znp9vBf95NCihtG5Gl,主梁钢筋_N7:主梁钢筋_N7:640100,640100,3240.28299,6.00000,0.00000000;0.00000000;-1.00000000,0
3191,1774,211633,03N8znp9vBf95NCihtG5GX,主梁钢筋_N7:主梁钢筋_N7:640106,640106,3240.28299,6.00000,0.00000000;0.00000000;-1.00000000,0
3192,1772,211611,03N8znp9vBf95NCihtG5Gi,主梁钢筋_N7:主梁钢筋_N7:640103,640103,3240.28299,6.00000,0.00000000;0.00000000;-1.00000000,0
3193,1776,211655,03N8znp9vBf95NCihtG5Gc,主梁钢筋_N7:主梁钢筋_N7:640109,640109,3240.28299,6.00000,0.00000000;0.00000000;-1.00000000,0
3194,1778,211677,03N8znp9vBf95NCihtG5Gx,主梁钢筋_N7:主梁钢筋_N7:640112,640112,3240.28299,6.00000,0.00000000;0.00000000;-1.00000000,0
3195,1780,211699,03N8znp9vBf95NCihtG5Gu,主梁钢筋_N7:主梁钢筋_N7:640115,640115,3240.28299,6.00000,0.00000000;0.00000000;-1.00000000,0
3196,1782,211721,03N8znp9vBf95NCihtG5Gz,主梁钢筋_N7:主梁钢筋_N7:640118,640118,3240.28299,6.00000,0.00000000;0.00000000;-1.00000000,0
3197,1784,211743,03N8znp9vBf95NCihtG5Go,主梁钢筋_N7:主梁钢筋_N7:640121,640121,3240.28299,6.00000,0.00000000;0.00000000;-1.00000000,0
3198,1252,188501,03N8znp9vBf95NCihtG3qs,主梁钢筋_N7:主梁钢筋_N7:634237,634237,3240.28299,6.00000,0.00000000;0.00000000;-1.00000000,0
3199,1254,188523,03N8znp9vBf95NCihtG3t4,主梁钢筋_N7:主梁钢筋_N7:634255,634255,3240.28299,6.00000,0.00000000;0.00000000;-1.00000000,0
3200,1256,188545,03N8znp9vBf95NCihtG3tl,主梁钢筋_N7:主梁钢筋_N7:634276,634276,3240.28299,6.00000,0.00000000;0.00000000;-1.00000000,0
3201,1258,188567,03N8znp9vBf95NCihtG3tZ,主梁钢筋_N7:主梁钢筋_N7:634280,634280,3240.28299,6.00000,0.00000000;0.00000000;-1.00000000,0
3202,1260,188589,03N8znp9vBf95NCihtG3td,主梁钢筋_N7:主梁钢筋_N7:634284,634284,3240.28299,6.00000,0.00000000;0.00000000;-1.00000000,0
3203,1262,188611,03N8znp9vBf95NCihtG3tx,主梁钢筋_N7:主梁钢筋_N7:634288,634288,3240.28299,6.00000,0.00000000;0.00000000;-1.00000000,0
3204,1264,188633,03N8znp9vBf95NCihtG3t$,主梁钢筋_N7:主梁钢筋_N7:634292,634292,3240.28299,6.00000,0.00000000;0.00000000;-1.00000000,0
3205,1266,188655,03N8znp9vBf95NCihtG3tp,主梁钢筋_N7:主梁钢筋_N7:634296,634296,3240.28299,6.00000,0.00000000;0.00000000;-1.00000000,0
3206,1268,188677,03N8znp9vBf95NCihtG3tt,主梁钢筋_N7:主梁钢筋_N7:634300,634300,3240.28299,6.00000,0.00000000;0.00000000;-1.00000000,0
3207,1270,188699,03N8znp9vBf95NCihtG3sB,主梁钢筋_N7:主梁钢筋_N7:634304,634304,3240.28299,6.00000,0.00000000;0.00000000;-1.00000000,0
3208,1272,188721,03N8znp9vBf95NCihtG3sF,主梁钢筋_N7:主梁钢筋_N7:634308,634308,3240.28299,6.00000,0.00000000;0.00000000;-1.00000000,0
3209,1274,188743,03N8znp9vBf95NCihtG3s3,主梁钢筋_N7:主梁钢筋_N7:634312,634312,3240.28299,6.00000,0.00000000;0.00000000;-1.00000000,0
3210,1276,188765,03N8znp9vBf95NCihtG3s7,主梁钢筋_N7:主梁钢筋_N7:634316,634316,3240.28299,6.00000,0.00000000;0.00000000;-1.00000000,0
3211,1278,188787,03N8znp9vBf95NCihtG3sR,主梁钢筋_N7:主梁钢筋_N7:634320,634320,3240.28299,6.00000,0.00000000;0.00000000;-1.00000000,0
3212,1280,188809,03N8znp9vBf95NCihtG3sV,主梁钢筋_N7:主梁钢筋_N7:634324,634324,3240.28299,6.00000,0.00000000;0.00000000;-1.00000000,0
3213,1282,188831,03N8znp9vBf95NCihtG3sN,主梁钢筋_N7:主梁钢筋_N7:634332,634332,3240.28299,6.00000,0.00000000;0.00000000;-1.00000000,0
3214,1284,188853,03N8znp9vBf95NCihtG3sh,主梁钢筋_N7:主梁钢筋_N7:634336,634336,3240.28299,6.00000,0.00000000;0.00000000;-1.00000000,0
3215,1286,188875,03N8znp9vBf95NCihtG3sl,主梁钢筋_N7:主梁钢筋_N7:634340,634340,3240.28299,6.00000,0.00000000;0.00000000;-1.00000000,0
3216,1288,188897,03N8znp9vBf95NCihtG3sZ,主梁钢筋_N7:主梁钢筋_N7:634344,634344,3240.28299,6.00000,0.00000000;0.00000000;-1.00000000,0
3217,1290,188919,03N8znp9vBf95NCihtG3sd,主梁钢筋_N7:主梁钢筋_N7:634348,634348,3240.28299,6.00000,0.00000000;0.00000000;-1.00000000,0
3218,1292,188941,03N8znp9vBf95NCihtG3sx,主梁钢筋_N7:主梁钢筋_N7:634352,634352,3240.28299,6.00000,0.00000000;0.00000000;-1.00000000,0
3219,1294,188963,03N8znp9vBf95NCihtG3s$,主梁钢筋_N7:主梁钢筋_N7:634356,634356,3240.28299,6.00000,0.00000000;0.00000000;-1.00000000,0
3220,1296,188985,03N8znp9vBf95NCihtG3sp,主梁钢筋_N7:主梁钢筋_N7:634360,634360,3240.28299,6.00000,0.00000000;0.00000000;-1.00000000,0
3221,1298,189007,03N8znp9vBf95NCihtG3st,主梁钢筋_N7:主梁钢筋_N7:634364,634364,3240.28299,6.00000,0.00000000;0.00000000;-1.00000000,0
3222,1300,189029,03N8znp9vBf95NCihtG3vB,主梁钢筋_N7:主梁钢筋_N7:634368,634368,3240.28299,6.00000,0.00000000;0.00000000;-1.00000000,0
3223,1302,189051,03N8znp9vBf95NCihtG3vF,主梁钢筋_N7:主梁钢筋_N7:634372,634372,3240.28299,6.00000,0.00000000;0.00000000;-1.00000000,0
3224,1304,189073,03N8znp9vBf95NCihtG3v3,主梁钢筋_N7:主梁钢筋_N7:634376,634376,3240.28299,6.00000,0.00000000;0.00000000;-1.00000000,0
3225,1306,189095,03N8znp9vBf95NCihtG3v7,主梁钢筋_N7:主梁钢筋_N7:634380,634380,3240.28299,6.00000,0.00000000;0.00000000;-1.00000000,0
3226,1308,189117,03N8znp9vBf95NCihtG3vR,主梁钢筋_N7:主梁钢筋_N7:634384,634384,3240.28299,6.00000,0.00000000;0.00000000;-1.00000000,0
3227,1310,189139,03N8znp9vBf95NCihtG3vV,主梁钢筋_N7:主梁钢筋_N7:634388,634388,3240.28299,6.00000,0.00000000;0.00000000;-1.00000000,0
3228,1312,189161,03N8znp9vBf95NCihtG3vJ,主梁钢筋_N7:主梁钢筋_N7:634392,634392,3240.28299,6.00000,0.00000000;0.00000000;-1.00000000,0
3229,1314,189183,03N8znp9vBf95NCihtG3vN,主梁钢筋_N7:主梁钢筋_N7:634396,634396,3240.28299,6.00000,0.00000000;0.00000000;-1.00000000,0
3230,1316,189205,03N8znp9vBf95NCihtG3vh,主梁钢筋_N7:主梁钢筋_N7:634400,634400,3240.28299,6.00000,0.00000000;0.00000000;-1.00000000,0
3231,1318,189227,03N8znp9vBf95NCihtG3vl,主梁钢筋_N7:主梁钢筋_N7:634404,634404,3240.28299,6.00000,0.00000000;0.00000000;-1.00000000,0
3232,1320,189249,03N8znp9vBf95NCihtG3vZ,主梁钢筋_N7:主梁钢筋_N7:634408,634408,3240.28299,6.00000,0.00000000;0.00000000;-1.00000000,0
3233,1322,189271,03N8znp9vBf95NCihtG3vd,主梁钢筋_N7:主梁钢筋_N7:634412,634412,3240.28299,6.00000,0.00000000;0.00000000;-1.00000000,0
3234,1324,189293,03N8znp9vBf95NCihtG3vx,主梁钢筋_N7:主梁钢筋_N7:634416,634416,3240.28299,6.00000,0.00000000;0.00000000;-1.00000000,0
3235,1326,189315,03N8znp9vBf95NCihtG3v$,主梁钢筋_N7:主梁钢筋_N7:634420,634420,3240.28299,6.00000,0.00000000;0.00000000;-1.00000000,0
3236,1328,189337,03N8znp9vBf95NCihtG3vp,主梁钢筋_N7:主梁钢筋_N7:634424,634424,3240.28299,6.00000,0.00000000;0.00000000;-1.00000000,0
3237,1330,189359,03N8znp9vBf95NCihtG3vt,主梁钢筋_N7:主梁钢筋_N7:634428,634428,3240.28299,6.00000,0.00000000;0.00000000;-1.00000000,0
3238,1332,189381,03N8znp9vBf95NCihtG3uB,主梁钢筋_N7:主梁钢筋_N7:634432,634432,3240.28299,6.00000,0.00000000;0.00000000;-1.00000000,0
3239,1334,189403,03N8znp9vBf95NCihtG3uF,主梁钢筋_N7:主梁钢筋_N7:634436,634436,3240.28299,6.00000,0.00000000;0.00000000;-1.00000000,0
3240,1336,189425,03N8znp9vBf95NCihtG3u3,主梁钢筋_N7:主梁钢筋_N7:634440,634440,3240.28299,6.00000,0.00000000;0.00000000;-1.00000000,0
3241,1338,189447,03N8znp9vBf95NCihtG3u7,主梁钢筋_N7:主梁钢筋_N7:634444,634444,3240.28299,6.00000,0.00000000;0.00000000;-1.00000000,0
3242,1340,189469,03N8znp9vBf95NCihtG3uR,主梁钢筋_N7:主梁钢筋_N7:634448,634448,3240.28299,6.00000,0.00000000;0.00000000;-1.00000000,0
3243,1342,189491,03N8znp9vBf95NCihtG3uV,主梁钢筋_N7:主梁钢筋_N7:634452,634452,3240.28299,6.00000,0.00000000;0.00000000;-1.00000000,0
3244,1344,189513,03N8znp9vBf95NCihtG3uN,主梁钢筋_N7:主梁钢筋_N7:634460,634460,3240.28299,6.00000,0.00000000;0.00000000;-1.00000000,0
3245,1346,189535,03N8znp9vBf95NCihtG3uh,主梁钢筋_N7:主梁钢筋_N7:634464,634464,3240.28299,6.00000,0.00000000;0.00000000;-1.00000000,0
3246,1348,189557,03N8znp9vBf95NCihtG3ul,主梁钢筋_N7:主梁钢筋_N7:634468,634468,3240.28299,6.00000,0.00000000;0.00000000;-1.00000000,0
3247,1350,189579,03N8znp9vBf95NCihtG3uZ,主梁钢筋_N7:主梁钢筋_N7:634472,634472,3240.28299,6.00000,0.00000000;0.00000000;-1.00000000,0
3248,1352,189601,03N8znp9vBf95NCihtG3ud,主梁钢筋_N7:主梁钢筋_N7:634476,634476,3240.28299,6.00000,0.00000000;0.00000000;-1.00000000,0
3249,1354,189623,03N8znp9vBf95NCihtG3ux,主梁钢筋_N7:主梁钢筋_N7:634480,634480,3240.28299,6.00000,0.00000000;0.00000000;-1.00000000,0
3250,1356,189645,03N8znp9vBf95NCihtG3u$,主梁钢筋_N7:主梁钢筋_N7:634484,634484,3240.28299,6.00000,0.00000000;0.00000000;-1.00000000,0
3251,1358,189667,03N8znp9vBf95NCihtG3up,主梁钢筋_N7:主梁钢筋_N7:634488,634488,3240.28299,6.00000,0.00000000;0.00000000;-1.00000000,0
3252,1360,189689,03N8znp9vBf95NCihtG3ut,主梁钢筋_N7:主梁钢筋_N7:634492,634492,3240.28299,6.00000,0.00000000;0.00000000;-1.00000000,0
3253,1362,189711,03N8znp9vBf95NCihtG3xB,主梁钢筋_N7:主梁钢筋_N7:634496,634496,3240.28299,6.00000,0.00000000;0.00000000;-1.00000000,0
3254,1364,189733,03N8znp9vBf95NCihtG3xF,主梁钢筋_N7:主梁钢筋_N7:634500,634500,3240.28299,6.00000,0.00000000;0.00000000;-1.00000000,0
3255,1366,189755,03N8znp9vBf95NCihtG3x3,主梁钢筋_N7:主梁钢筋_N7:634504,634504,3240.28299,6.00000,0.00000000;0.00000000;-1.00000000,0
3256,1368,189777,03N8znp9vBf95NCihtG3x7,主梁钢筋_N7:主梁钢筋_N7:634508,634508,3240.28299,6.00000,0.00000000;0.00000000;-1.00000000,0
3257,1370,189799,03N8znp9vBf95NCihtG3xR,主梁钢筋_N7:主梁钢筋_N7:634512,634512,3240.28299,6.00000,0.00000000;0.00000000;-1.00000000,0
3258,1372,189821,03N8znp9vBf95NCihtG3xV,主梁钢筋_N7:主梁钢筋_N7:634516,634516,3240.28299,6.00000,0.00000000;0.00000000;-1.00000000,0
3259,1374,189843,03N8znp9vBf95NCihtG3xJ,主梁钢筋_N7:主梁钢筋_N7:634520,634520,3240.28299,6.00000,0.00000000;0.00000000;-1.00000000,0
3260,1376,189865,03N8znp9vBf95NCihtG3xN,主梁钢筋_N7:主梁钢筋_N7:634524,634524,3240.28299,6.00000,0.00000000;0.00000000;-1.00000000,0
3261,1378,189887,03N8znp9vBf95NCihtG3xh,主梁钢筋_N7:主梁钢筋_N7:634528,634528,3240.28299,6.00000,0.00000000;0.00000000;-1.00000000,0
3262,1380,189909,03N8znp9vBf95NCihtG3xl,主梁钢筋_N7:主梁钢筋_N7:634532,634532,3240.28299,6.00000,0.00000000;0.00000000;-1.00000000,0
3263,1382,189931,03N8znp9vBf95NCihtG3xZ,主梁钢筋_N7:主梁钢筋_N7:634536,634536,3240.28299,6.00000,0.00000000;0.00000000;-1.00000000,0
3264,1384,189953,03N8znp9vBf95NCihtG3xd,主梁钢筋_N7:主梁钢筋_N7:634540,634540,3240.28299,6.00000,0.00000000;0.00000000;-1.00000000,0
3265,1386,189975,03N8znp9vBf95NCihtG3xx,主梁钢筋_N7:主梁钢筋_N7:634544,634544,3240.28299,6.00000,0.00000000;0.00000000;-1.00000000,0
3266,1388,189997,03N8znp9vBf95NCihtG3x$,主梁钢筋_N7:主梁钢筋_N7:634548,634548,3240.28299,6.00000,0.00000000;0.00000000;-1.00000000,0
3267,1390,190019,03N8znp9vBf95NCihtG3xp,主梁钢筋_N7:主梁钢筋_N7:634552,634552,3240.28299,6.00000,0.00000000;0.00000000;-1.00000000,0
3268,1392,190041,03N8znp9vBf95NCihtG3xt,主梁钢筋_N7:主梁钢筋_N7:634556,634556,3240.28299,6.00000,0.00000000;0.00000000;-1.00000000,0
3269,1394,190063,03N8znp9vBf95NCihtG3wB,主梁钢筋_N7:主梁钢筋_N7:634560,634560,3240.28299,6.00000,0.00000000;0.00000000;-1.00000000,0
3270,1396,190085,03N8znp9vBf95NCihtG3wF,主梁钢筋_N7:主梁钢筋_N7:634564,634564,3240.28299,6.00000,0.00000000;0.00000000;-1.00000000,0
3271,1398,190107,03N8znp9vBf95NCihtG3w3,主梁钢筋_N7:主梁钢筋_N7:634568,634568,3240.28299,6.00000,0.00000000;0.00000000;-1.00000000,0
3272,1400,190129,03N8znp9vBf95NCihtG3w7,主梁钢筋_N7:主梁钢筋_N7:634572,634572,3240.28299,6.00000,0.00000000;0.00000000;-1.00000000,0
3273,1402,190151,03N8znp9vBf95NCihtG3wR,主梁钢筋_N7:主梁钢筋_N7:634576,634576,3240.28299,6.00000,0.00000000;0.00000000;-1.00000000,0
3274,1404,190173,03N8znp9vBf95NCihtG3wV,主梁钢筋_N7:主梁钢筋_N7:634580,634580,3240.28299,6.00000,0.00000000;0.00000000;-1.00000000,0
3275,1406,190195,03N8znp9vBf95NCihtG3wN,主梁钢筋_N7:主梁钢筋_N7:634588,634588,3240.28299,6.00000,0.00000000;0.00000000;-1.00000000,0
3276,1408,190217,03N8znp9vBf95NCihtG3wh,主梁钢筋_N7:主梁钢筋_N7:634592,634592,3240.28299,6.00000,0.00000000;0.00000000;-1.00000000,0
3277,1410,190239,03N8znp9vBf95NCihtG3wl,主梁钢筋_N7:主梁钢筋_N7:634596,634596,3240.28299,6.00000,0.00000000;0.00000000;-1.00000000,0
3278,1412,190261,03N8znp9vBf95NCihtG3wZ,主梁钢筋_N7:主梁钢筋_N7:634600,634600,3240.28299,6.00000,0.00000000;0.00000000;-1.00000000,0
3279,1414,190283,03N8znp9vBf95NCihtG3wd,主梁钢筋_N7:主梁钢筋_N7:634604,634604,3240.28299,6.00000,0.00000000;0.00000000;-1.00000000,0
3280,1416,190305,03N8znp9vBf95NCihtG3wx,主梁钢筋_N7:主梁钢筋_N7:634608,634608,3240.28299,6.00000,0.00000000;0.00000000;-1.00000000,0
3281,1418,190327,03N8znp9vBf95NCihtG3w$,主梁钢筋_N7:主梁钢筋_N7:634612,634612,3240.28299,6.00000,0.00000000;0.00000000;-1.00000000,0
3282,1420,190349,03N8znp9vBf95NCihtG3wp,主梁钢筋_N7:主梁钢筋_N7:634616,634616,3240.28299,6.00000,0.00000000;0.00000000;-1.00000000,0
3283,1422,190371,03N8znp9vBf95NCihtG3wt,主梁钢筋_N7:主梁钢筋_N7:634620,634620,3240.28299,6.00000,0.00000000;0.00000000;-1.00000000,0
3284,1424,190393,03N8znp9vBf95NCihtG3zB,主梁钢筋_N7:主梁钢筋_N7:634624,634624,3240.28299,6.00000,0.00000000;0.00000000;-1.00000000,0
3285,1426,190415,03N8znp9vBf95NCihtG3zF,主梁钢筋_N7:主梁钢筋_N7:634628,634628,3240.28299,6.00000,0.00000000;0.00000000;-1.00000000,0
3286,1428,190437,03N8znp9vBf95NCihtG3z3,主梁钢筋_N7:主梁钢筋_N7:634632,634632,3240.28299,6.00000,0.00000000;0.00000000;-1.00000000,0
3287,1430,190459,03N8znp9vBf95NCihtG3z7,主梁钢筋_N7:主梁钢筋_N7:634636,634636,3240.28299,6.00000,0.00000000;0.00000000;-1.00000000,0
3288,1432,190481,03N8znp9vBf95NCihtG3zR,主梁钢筋_N7:主梁钢筋_N7:634640,634640,3240.28299,6.00000,0.00000000;0.00000000;-1.00000000,0
3289,1434,190503,03N8znp9vBf95NCihtG3zV,主梁钢筋_N7:主梁钢筋_N7:634644,634644,3240.28299,6.00000,0.00000000;0.00000000;-1.00000000,0
3290,1436,190525,03N8znp9vBf95NCihtG3zJ,主梁钢筋_N7:主梁钢筋_N7:634648,634648,3240.28299,6.00000,0.00000000;0.00000000;-1.00000000,0
3291,1438,190547,03N8znp9vBf95NCihtG3zN,主梁钢筋_N7:主梁钢筋_N7:634652,634652,3240.28299,6.00000,0.00000000;0.00000000;-1.00000000,0
3292,1440,190569,03N8znp9vBf95NCihtG3zh,主梁钢筋_N7:主梁钢筋_N7:634656,634656,3240.28299,6.00000,0.00000000;0.00000000;-1.00000000,0
3293,1442,190591,03N8znp9vBf95NCihtG3zl,主梁钢筋_N7:主梁钢筋_N7:634660,634660,3240.28299,6.00000,0.00000000;0.00000000;-1.00000000,0
3294,1444,190613,03N8znp9vBf95NCihtG3zW,主梁钢筋_N7:主梁钢筋_N7:634667,634667,3240.28299,6.00000,0.00000000;0.00000000;-1.00000000,0
3295,1446,190635,03N8znp9vBf95NCihtG3zo,主梁钢筋_N7:主梁钢筋_N7:634681,634681,3240.28299,6.00000,0.00000000;0.00000000;-1.00000000,0
3296,1448,190657,03N8znp9vBf95NCihtG3zs,主梁钢筋_N7:主梁钢筋_N7:634685,634685,3240.28299,6.00000,0.00000000;0.00000000;-1.00000000,0
3297,1450,190679,03N8znp9vBf95NCihtG3yA,主梁钢筋_N7:主梁钢筋_N7:634689,634689,3240.28299,6.00000,0.00000000;0.00000000;-1.00000000,0
3298,1452,190701,03N8znp9vBf95NCihtG3yE,主梁钢筋_N7:主梁钢筋_N7:634693,634693,3240.28299,6.00000,0.00000000;0.00000000;-1.00000000,0
3299,1454,190723,03N8znp9vBf95NCihtG3y2,主梁钢筋_N7:主梁钢筋_N7:634697,634697,3240.28299,6.00000,0.00000000;0.00000000;-1.00000000,0
3300,1456,190745,03N8znp9vBf95NCihtG3y6,主梁钢筋_N7:主梁钢筋_N7:634701,634701,3240.28299,6.00000,0.00000000;0.00000000;-1.00000000,0
3301,1458,190767,03N8znp9vBf95NCihtG3yQ,主梁钢筋_N7:主梁钢筋_N7:634705,634705,3240.28299,6.00000,0.00000000;0.00000000;-1.00000000,0
3302,1460,190789,03N8znp9vBf95NCihtG3yU,主梁钢筋_N7:主梁钢筋_N7:634709,634709,3240.28299,6.00000,0.00000000;0.00000000;-1.00000000,0
3303,1462,190811,03N8znp9vBf95NCihtG3yI,主梁钢筋_N7:主梁钢筋_N7:634713,634713,3240.28299,6.00000,0.00000000;0.00000000;-1.00000000,0
3304,1464,190833,03N8znp9vBf95NCihtG3yM,主梁钢筋_N7:主梁钢筋_N7:634717,634717,3240.28299,6.00000,0.00000000;0.00000000;-1.00000000,0
3305,1466,190855,03N8znp9vBf95NCihtG3yg,主梁钢筋_N7:主梁钢筋_N7:634721,634721,3240.28299,6.00000,0.00000000;0.00000000;-1.00000000,0
3306,1468,190877,03N8znp9vBf95NCihtG3yk,主梁钢筋_N7:主梁钢筋_N7:634725,634725,3240.28299,6.00000,0.00000000;0.00000000;-1.00000000,0
3307,1470,190899,03N8znp9vBf95NCihtG3yY,主梁钢筋_N7:主梁钢筋_N7:634729,634729,3240.28299,6.00000,0.00000000;0.00000000;-1.00000000,0
3308,1472,190921,03N8znp9vBf95NCihtG3yc,主梁钢筋_N7:主梁钢筋_N7:634733,634733,3240.28299,6.00000,0.00000000;0.00000000;-1.00000000,0
3309,1474,190943,03N8znp9vBf95NCihtG3y$,主梁钢筋_N7:主梁钢筋_N7:634740,634740,3240.28299,6.00000,0.00000000;0.00000000;-1.00000000,0
3310,1476,190965,03N8znp9vBf95NCihtG3$3,主梁钢筋_N7:主梁钢筋_N7:634760,634760,3240.28299,6.00000,0.00000000;0.00000000;-1.00000000,0
3311,1478,190987,03N8znp9vBf95NCihtG3$7,主梁钢筋_N7:主梁钢筋_N7:634764,634764,3240.28299,6.00000,0.00000000;0.00000000;-1.00000000,0
3312,1559,209268,03N8znp9vBf95NCihtG5DZ,主梁钢筋_N7:主梁钢筋_N7:639784,639784,3240.28299,6.00000,0.00000000;0.00000000;-1.00000000,0
3313,1561,209290,03N8znp9vBf95NCihtG5DW,主梁钢筋_N7:主梁钢筋_N7:639787,639787,3240.28299,6.00000,0.00000000;0.00000000;-1.00000000,0
3314,1563,209312,03N8znp9vBf95NCihtG5Db,主梁钢筋_N7:主梁钢筋_N7:639790,639790,3240.28299,6.00000,0.00000000;0.00000000;-1.00000000,0
3315,1565,209334,03N8znp9vBf95NCihtG5Dw,主梁钢筋_N7:主梁钢筋_N7:639793,639793,3240.28299,6.00000,0.00000000;0.00000000;-1.00000000,0
3316,1567,209356,03N8znp9vBf95NCihtG5D$,主梁钢筋_N7:主梁钢筋_N7:639796,639796,3240.28299,6.00000,0.00000000;0.00000000;-1.00000000,0
3317,1569,209378,03N8znp9vBf95NCihtG5Dy,主梁钢筋_N7:主梁钢筋_N7:639799,639799,3240.28299,6.00000,0.00000000;0.00000000;-1.00000000,0
3318,1571,209400,03N8znp9vBf95NCihtG5Dn,主梁钢筋_N7:主梁钢筋_N7:639802,639802,3240.28299,6.00000,0.00000000;0.00000000;-1.00000000,0
3319,1573,209422,03N8znp9vBf95NCihtG5Ds,主梁钢筋_N7:主梁钢筋_N7:639805,639805,3240.28299,6.00000,0.00000000;0.00000000;-1.00000000,0
3320,1575,209444,03N8znp9vBf95NCihtG5CB,主梁钢筋_N7:主梁钢筋_N7:639808,639808,3240.28299,6.00000,0.00000000;0.00000000;-1.00000000,0
3321,1577,209466,03N8znp9vBf95NCihtG5C8,主梁钢筋_N7:主梁钢筋_N7:639811,639811,3240.28299,6.00000,0.00000000;0.00000000;-1.00000000,0
3322,1579,209488,03N8znp9vBf95NCihtG5CD,主梁钢筋_N7:主梁钢筋_N7:639814,639814,3240.28299,6.00000,0.00000000;0.00000000;-1.00000000,0
3323,1581,209510,03N8znp9vBf95NCihtG5C2,主梁钢筋_N7:主梁钢筋_N7:639817,639817,3240.28299,6.00000,0.00000000;0.00000000;-1.00000000,0
3324,1583,209532,03N8znp9vBf95NCihtG5C7,主梁钢筋_N7:主梁钢筋_N7:639820,639820,3240.28299,6.00000,0.00000000;0.00000000;-1.00000000,0
3325,1585,209554,03N8znp9vBf95NCihtG5C4,主梁钢筋_N7:主梁钢筋_N7:639823,639823,3240.28299,6.00000,0.00000000;0.00000000;-1.00000000,0
3326,1587,209576,03N8znp9vBf95NCihtG5CP,主梁钢筋_N7:主梁钢筋_N7:639826,639826,3240.28299,6.00000,0.00000000;0.00000000;-1.00000000,0
3327,1589,209598,03N8znp9vBf95NCihtG5CU,主梁钢筋_N7:主梁钢筋_N7:639829,639829,3240.28299,6.00000,0.00000000;0.00000000;-1.00000000,0
3328,1591,209620,03N8znp9vBf95NCihtG5CJ,主梁钢筋_N7:主梁钢筋_N7:639832,639832,3240.28299,6.00000,0.00000000;0.00000000;-1.00000000,0
3329,1593,209642,03N8znp9vBf95NCihtG5CG,主梁钢筋_N7:主梁钢筋_N7:639835,639835,3240.28299,6.00000,0.00000000;0.00000000;-1.00000000,0
3330,1595,209664,03N8znp9vBf95NCihtG5CL,主梁钢筋_N7:主梁钢筋_N7:639838,639838,3240.28299,6.00000,0.00000000;0.00000000;-1.00000000,0
3331,1597,209686,03N8znp9vBf95NCihtG5Cg,主梁钢筋_N7:主梁钢筋_N7:639841,639841,3240.28299,6.00000,0.00000000;0.00000000;-1.00000000,0
3332,1599,209708,03N8znp9vBf95NCihtG5Cl,主梁钢筋_N7:主梁钢筋_N7:639844,639844,3240.28299,6.00000,0.00000000;0.00000000;-1.00000000,0
3333,1601,209730,03N8znp9vBf95NCihtG5Ci,主梁钢筋_N7:主梁钢筋_N7:639847,639847,3240.28299,6.00000,0.00000000;0.00000000;-1.00000000,0
3334,1603,209752,03N8znp9vBf95NCihtG5CX,主梁钢筋_N7:主梁钢筋_N7:639850,639850,3240.28299,6.00000,0.00000000;0.00000000;-1.00000000,0
3335,1605,209774,03N8znp9vBf95NCihtG5Cc,主梁钢筋_N7:主梁钢筋_N7:639853,639853,3240.28299,6.00000,0.00000000;0.00000000;-1.00000000,0
3336,1607,209796,03N8znp9vBf95NCihtG5Cx,主梁钢筋_N7:主梁钢筋_N7:639856,639856,3240.28299,6.00000,0.00000000;0.00000000;-1.00000000,0
3337,1609,209818,03N8znp9vBf95NCihtG5Cu,主梁钢筋_N7:主梁钢筋_N7:639859,639859,3240.28299,6.00000,0.00000000;0.00000000;-1.00000000,0
3338,1611,209840,03N8znp9vBf95NCihtG5Cz,主梁钢筋_N7:主梁钢筋_N7:639862,639862,3240.28299,6.00000,0.00000000;0.00000000;-1.00000000,0
3339,1613,209862,03N8znp9vBf95NCihtG5Co,主梁钢筋_N7:主梁钢筋_N7:639865,639865,3240.28299,6.00000,0.00000000;0.00000000;-1.00000000,0
3340,1615,209884,03N8znp9vBf95NCihtG5Ct,主梁钢筋_N7:主梁钢筋_N7:639868,639868,3240.28299,6.00000,0.00000000;0.00000000;-1.00000000,0
3341,1617,209906,03N8znp9vBf95NCihtG5Cq,主梁钢筋_N7:主梁钢筋_N7:639871,639871,3240.28299,6.00000,0.00000000;0.00000000;-1.00000000,0
3342,1619,209928,03N8znp9vBf95NCihtG5F9,主梁钢筋_N7:主梁钢筋_N7:639874,639874,3240.28299,6.00000,0.00000000;0.00000000;-1.00000000,0
3343,1621,209950,03N8znp9vBf95NCihtG5FE,主梁钢筋_N7:主梁钢筋_N7:639877,639877,3240.28299,6.00000,0.00000000;0.00000000;-1.00000000,0
3344,1623,209972,03N8znp9vBf95NCihtG5F3,主梁钢筋_N7:主梁钢筋_N7:639880,639880,3240.28299,6.00000,0.00000000;0.00000000;-1.00000000,0
3345,1625,209994,03N8znp9vBf95NCihtG5F0,主梁钢筋_N7:主梁钢筋_N7:639883,639883,3240.28299,6.00000,0.00000000;0.00000000;-1.00000000,0
3346,1627,210016,03N8znp9vBf95NCihtG5F5,主梁钢筋_N7:主梁钢筋_N7:639886,639886,3240.28299,6.00000,0.00000000;0.00000000;-1.00000000,0
3347,1629,210038,03N8znp9vBf95NCihtG5FQ,主梁钢筋_N7:主梁钢筋_N7:639889,639889,3240.28299,6.00000,0.00000000;0.00000000;-1.00000000,0
3348,1631,210060,03N8znp9vBf95NCihtG5FV,主梁钢筋_N7:主梁钢筋_N7:639892,639892,3240.28299,6.00000,0.00000000;0.00000000;-1.00000000,0
3349,1633,210082,03N8znp9vBf95NCihtG5FS,主梁钢筋_N7:主梁钢筋_N7:639895,639895,3240.28299,6.00000,0.00000000;0.00000000;-1.00000000,0
3350,1635,210104,03N8znp9vBf95NCihtG5FH,主梁钢筋_N7:主梁钢筋_N7:639898,639898,3240.28299,6.00000,0.00000000;0.00000000;-1.00000000,0
3351,1637,210126,03N8znp9vBf95NCihtG5FM,主梁钢筋_N7:主梁钢筋_N7:639901,639901,3240.28299,6.00000,0.00000000;0.00000000;-1.00000000,0
3352,1639,210148,03N8znp9vBf95NCihtG5Fh,主梁钢筋_N7:主梁钢筋_N7:639904,639904,3240.28299,6.00000,0.00000000;0.00000000;-1.00000000,0
3353,1641,210170,03N8znp9vBf95NCihtG5Fe,主梁钢筋_N7:主梁钢筋_N7:639907,639907,3240.28299,6.00000,0.00000000;0.00000000;-1.00000000,0
3354,1643,210192,03N8znp9vBf95NCihtG5Fj,主梁钢筋_N7:主梁钢筋_N7:639910,639910,3240.28299,6.00000,0.00000000;0.00000000;-1.00000000,0
3355,1645,210214,03N8znp9vBf95NCihtG5FY,主梁钢筋_N7:主梁钢筋_N7:639913,639913,3240.28299,6.00000,0.00000000;0.00000000;-1.00000000,0
3356,1647,210236,03N8znp9vBf95NCihtG5Fd,主梁钢筋_N7:主梁钢筋_N7:639916,639916,3240.28299,6.00000,0.00000000;0.00000000;-1.00000000,0
3357,1649,210258,03N8znp9vBf95NCihtG5Fa,主梁钢筋_N7:主梁钢筋_N7:639919,639919,3240.28299,6.00000,0.00000000;0.00000000;-1.00000000,0
3358,1651,210280,03N8znp9vBf95NCihtG5Fv,主梁钢筋_N7:主梁钢筋_N7:639922,639922,3240.28299,6.00000,0.00000000;0.00000000;-1.00000000,0
3359,1653,210302,03N8znp9vBf95NCihtG5F_,主梁钢筋_N7:主梁钢筋_N7:639925,639925,3240.28299,6.00000,0.00000000;0.00000000;-1.00000000,0
3360,1655,210324,03N8znp9vBf95NCihtG5Fp,主梁钢筋_N7:主梁钢筋_N7:639928,639928,3240.28299,6.00000,0.00000000;0.00000000;-1.00000000,0
3361,1657,210346,03N8znp9vBf95NCihtG5Fm,主梁钢筋_N7:主梁钢筋_N7:639931,639931,3240.28299,6.00000,0.00000000;0.00000000;-1.00000000,0
3362,1659,210368,03N8znp9vBf95NCihtG5Fr,主梁钢筋_N7:主梁钢筋_N7:639934,639934,3240.28299,6.00000,0.00000000;0.00000000;-1.00000000,0
3363,1661,210390,03N8znp9vBf95NCihtG5EA,主梁钢筋_N7:主梁钢筋_N7:639937,639937,3240.28299,6.00000,0.00000000;0.00000000;-1.00000000,0
3364,1663,210412,03N8znp9vBf95NCihtG5EF,主梁钢筋_N7:主梁钢筋_N7:639940,639940,3240.28299,6.00000,0.00000000;0.00000000;-1.00000000,0
3365,1665,210434,03N8znp9vBf95NCihtG5EC,主梁钢筋_N7:主梁钢筋_N7:639943,639943,3240.28299,6.00000,0.00000000;0.00000000;-1.00000000,0
3366,1667,210456,03N8znp9vBf95NCihtG5E1,主梁钢筋_N7:主梁钢筋_N7:639946,639946,3240.28299,6.00000,0.00000000;0.00000000;-1.00000000,0
3367,1669,210478,03N8znp9vBf95NCihtG5E6,主梁钢筋_N7:主梁钢筋_N7:639949,639949,3240.28299,6.00000,0.00000000;0.00000000;-1.00000000,0
3368,1671,210500,03N8znp9vBf95NCihtG5ER,主梁钢筋_N7:主梁钢筋_N7:639952,639952,3240.28299,6.00000,0.00000000;0.00000000;-1.00000000,0
3369,1673,210522,03N8znp9vBf95NCihtG5EO,主梁钢筋_N7:主梁钢筋_N7:639955,639955,3240.28299,6.00000,0.00000000;0.00000000;-1.00000000,0
3370,1675,210544,03N8znp9vBf95NCihtG5ET,主梁钢筋_N7:主梁钢筋_N7:639958,639958,3240.28299,6.00000,0.00000000;0.00000000;-1.00000000,0
3371,1677,210566,03N8znp9vBf95NCihtG5EI,主梁钢筋_N7:主梁钢筋_N7:639961,639961,3240.28299,6.00000,0.00000000;0.00000000;-1.00000000,0
3372,1679,210588,03N8znp9vBf95NCihtG5EN,主梁钢筋_N7:主梁钢筋_N7:639964,639964,3240.28299,6.00000,0.00000000;0.00000000;-1.00000000,0
3373,1681,210610,03N8znp9vBf95NCihtG5EK,主梁钢筋_N7:主梁钢筋_N7:639967,639967,3240.28299,6.00000,0.00000000;0.00000000;-1.00000000,0
3374,1683,210632,03N8znp9vBf95NCihtG5Ef,主梁钢筋_N7:主梁钢筋_N7:639970,639970,3240.28299,6.00000,0.00000000;0.00000000;-1.00000000,0
3375,1685,210654,03N8znp9vBf95NCihtG5Ek,主梁钢筋_N7:主梁钢筋_N7:639973,639973,3240.28299,6.00000,0.00000000;0.00000000;-1.00000000,0
3376,1687,210676,03N8znp9vBf95NCihtG5EZ,主梁钢筋_N7:主梁钢筋_N7:639976,639976,3240.28299,6.00000,0.00000000;0.00000000;-1.00000000,0
3377,1689,210698,03N8znp9vBf95NCihtG5EW,主梁钢筋_N7:主梁钢筋_N7:639979,639979,3240.28299,6.00000,0.00000000;0.00000000;-1.00000000,0
3378,1691,210720,03N8znp9vBf95NCihtG5Eb,主梁钢筋_N7:主梁钢筋_N7:639982,639982,3240.28299,6.00000,0.00000000;0.00000000;-1.00000000,0
3379,1693,210742,03N8znp9vBf95NCihtG5Ew,主梁钢筋_N7:主梁钢筋_N7:639985,639985,3240.28299,6.00000,0.00000000;0.00000000;-1.00000000,0
3380,1695,210764,03N8znp9vBf95NCihtG5E$,主梁钢筋_N7:主梁钢筋_N7:639988,639988,3240.28299,6.00000,0.00000000;0.00000000;-1.00000000,0
3381,1697,210786,03N8znp9vBf95NCihtG5Ey,主梁钢筋_N7:主梁钢筋_N7:639991,639991,3240.28299,6.00000,0.00000000;0.00000000;-1.00000000,0
3382,1699,210808,03N8znp9vBf95NCihtG5En,主梁钢筋_N7:主梁钢筋_N7:639994,639994,3240.28299,6.00000,0.00000000;0.00000000;-1.00000000,0
3383,1701,210830,03N8znp9vBf95NCihtG5Es,主梁钢筋_N7:主梁钢筋_N7:639997,639997,3240.28299,6.00000,0.00000000;0.00000000;-1.00000000,0
3384,1703,210852,03N8znp9vBf95NCihtG5HB,主梁钢筋_N7:主梁钢筋_N7:640000,640000,3240.28299,6.00000,0.00000000;0.00000000;-1.00000000,0
3385,1705,210874,03N8znp9vBf95NCihtG5H8,主梁钢筋_N7:主梁钢筋_N7:640003,640003,3240.28299,6.00000,0.00000000;0.00000000;-1.00000000,0
3386,1707,210896,03N8znp9vBf95NCihtG5HD,主梁钢筋_N7:主梁钢筋_N7:640006,640006,3240.28299,6.00000,0.00000000;0.00000000;-1.00000000,0
3387,1709,210918,03N8znp9vBf95NCihtG5H2,主梁钢筋_N7:主梁钢筋_N7:640009,640009,3240.28299,6.00000,0.00000000;0.00000000;-1.00000000,0
3388,1711,210940,03N8znp9vBf95NCihtG5H7,主梁钢筋_N7:主梁钢筋_N7:640012,640012,3240.28299,6.00000,0.00000000;0.00000000;-1.00000000,0
3389,1713,210962,03N8znp9vBf95NCihtG5H4,主梁钢筋_N7:主梁钢筋_N7:640015,640015,3240.28299,6.00000,0.00000000;0.00000000;-1.00000000,0
3390,1715,210984,03N8znp9vBf95NCihtG5HP,主梁钢筋_N7:主梁钢筋_N7:640018,640018,3240.28299,6.00000,0.00000000;0.00000000;-1.00000000,0
3391,1717,211006,03N8znp9vBf95NCihtG5HU,主梁钢筋_N7:主梁钢筋_N7:640021,640021,3240.28299,6.00000,0.00000000;0.00000000;-1.00000000,0
3392,1719,211028,03N8znp9vBf95NCihtG5HJ,主梁钢筋_N7:主梁钢筋_N7:640024,640024,3240.28299,6.00000,0.00000000;0.00000000;-1.00000000,0
3393,1721,211050,03N8znp9vBf95NCihtG5HG,主梁钢筋_N7:主梁钢筋_N7:640027,640027,3240.28299,6.00000,0.00000000;0.00000000;-1.00000000,0
3394,1723,211072,03N8znp9vBf95NCihtG5HL,主梁钢筋_N7:主梁钢筋_N7:640030,640030,3240.28299,6.00000,0.00000000;0.00000000;-1.00000000,0
3395,1725,211094,03N8znp9vBf95NCihtG5Hg,主梁钢筋_N7:主梁钢筋_N7:640033,640033,3240.28299,6.00000,0.00000000;0.00000000;-1.00000000,0
3396,1727,211116,03N8znp9vBf95NCihtG5Hl,主梁钢筋_N7:主梁钢筋_N7:640036,640036,3240.28299,6.00000,0.00000000;0.00000000;-1.00000000,0
3397,1729,211138,03N8znp9vBf95NCihtG5Hi,主梁钢筋_N7:主梁钢筋_N7:640039,640039,3240.28299,6.00000,0.00000000;0.00000000;-1.00000000,0
3398,1731,211160,03N8znp9vBf95NCihtG5HX,主梁钢筋_N7:主梁钢筋_N7:640042,640042,3240.28299,6.00000,0.00000000;0.00000000;-1.00000000,0
3399,1733,211182,03N8znp9vBf95NCihtG5Hc,主梁钢筋_N7:主梁钢筋_N7:640045,640045,3240.28299,6.00000,0.00000000;0.00000000;-1.00000000,0
3400,1735,211204,03N8znp9vBf95NCihtG5Hx,主梁钢筋_N7:主梁钢筋_N7:640048,640048,3240.28299,6.00000,0.00000000;0.00000000;-1.00000000,0
3401,1737,211226,03N8znp9vBf95NCihtG5Hu,主梁钢筋_N7:主梁钢筋_N7:640051,640051,3240.28299,6.00000,0.00000000;0.00000000;-1.00000000,0
3402,1739,211248,03N8znp9vBf95NCihtG5Hz,主梁钢筋_N7:主梁钢筋_N7:640054,640054,3240.28299,6.00000,0.00000000;0.00000000;-1.00000000,0
3403,1741,211270,03N8znp9vBf95NCihtG5Ho,主梁钢筋_N7:主梁钢筋_N7:640057,640057,3240.28299,6.00000,0.00000000;0.00000000;-1.00000000,0
3404,1743,211292,03N8znp9vBf95NCihtG5Ht,主梁钢筋_N7:主梁钢筋_N7:640060,640060,3240.28299,6.00000,0.00000000;0.00000000;-1.00000000,0
3405,1745,211314,03N8znp9vBf95NCihtG5Hq,主梁钢筋_N7:主梁钢筋_N7:640063,640063,3240.28299,6.00000,0.00000000;0.00000000;-1.00000000,0
3406,1747,211336,03N8znp9vBf95NCihtG5G9,主梁钢筋_N7:主梁钢筋_N7:640066,640066,3240.28299,6.00000,0.00000000;0.00000000;-1.00000000,0
3407,1749,211358,03N8znp9vBf95NCihtG5GE,主梁钢筋_N7:主梁钢筋_N7:640069,640069,3240.28299,6.00000,0.00000000;0.00000000;-1.00000000,0
3408,1751,211380,03N8znp9vBf95NCihtG5G3,主梁钢筋_N7:主梁钢筋_N7:640072,640072,3240.28299,6.00000,0.00000000;0.00000000;-1.00000000,0
3409,1753,211402,03N8znp9vBf95NCihtG5G0,主梁钢筋_N7:主梁钢筋_N7:640075,640075,3240.28299,6.00000,0.00000000;0.00000000;-1.00000000,0
3410,1755,211424,03N8znp9vBf95NCihtG5G5,主梁钢筋_N7:主梁钢筋_N7:640078,640078,3240.28299,6.00000,0.00000000;0.00000000;-1.00000000,0
3411,1757,211446,03N8znp9vBf95NCihtG5GQ,主梁钢筋_N7:主梁钢筋_N7:640081,640081,3240.28299,6.00000,0.00000000;0.00000000;-1.00000000,0
3412,1759,211468,03N8znp9vBf95NCihtG5GV,主梁钢筋_N7:主梁钢筋_N7:640084,640084,3240.28299,6.00000,0.00000000;0.00000000;-1.00000000,0
3413,1761,211490,03N8znp9vBf95NCihtG5GS,主梁钢筋_N7:主梁钢筋_N7:640087,640087,3240.28299,6.00000,0.00000000;0.00000000;-1.00000000,0
3414,1763,211512,03N8znp9vBf95NCihtG5GH,主梁钢筋_N7:主梁钢筋_N7:640090,640090,3240.28299,6.00000,0.00000000;0.00000000;-1.00000000,0
3415,1765,211534,03N8znp9vBf95NCihtG5GM,主梁钢筋_N7:主梁钢筋_N7:640093,640093,3240.28299,6.00000,0.00000000;0.00000000;-1.00000000,0
3416,1767,211556,03N8znp9vBf95NCihtG5Gh,主梁钢筋_N7:主梁钢筋_N7:640096,640096,3240.28299,6.00000,0.00000000;0.00000000;-1.00000000,0
3417,1769,211578,03N8znp9vBf95NCihtG5Ge,主梁钢筋_N7:主梁钢筋_N7:640099,640099,3240.28299,6.00000,0.00000000;0.00000000;-1.00000000,0
3418,1773,211622,03N8znp9vBf95NCihtG5GY,主梁钢筋_N7:主梁钢筋_N7:640105,640105,3240.28299,6.00000,0.00000000;0.00000000;-1.00000000,0
3419,1771,211600,03N8znp9vBf95NCihtG5Gj,主梁钢筋_N7:主梁钢筋_N7:640102,640102,3240.28299,6.00000,0.00000000;0.00000000;-1.00000000,0
3420,1775,211644,03N8znp9vBf95NCihtG5Gd,主梁钢筋_N7:主梁钢筋_N7:640108,640108,3240.28299,6.00000,0.00000000;0.00000000;-1.00000000,0
3421,1777,211666,03N8znp9vBf95NCihtG5Ga,主梁钢筋_N7:主梁钢筋_N7:640111,640111,3240.28299,6.00000,0.00000000;0.00000000;-1.00000000,0
3422,1779,211688,03N8znp9vBf95NCihtG5Gv,主梁钢筋_N7:主梁钢筋_N7:640114,640114,3240.28299,6.00000,0.00000000;0.00000000;-1.00000000,0
3423,1781,211710,03N8znp9vBf95NCihtG5G_,主梁钢筋_N7:主梁钢筋_N7:640117,640117,3240.28299,6.00000,0.00000000;0.00000000;-1.00000000,0
3424,1783,211732,03N8znp9vBf95NCihtG5Gp,主梁钢筋_N7:主梁钢筋_N7:640120,640120,3240.28299,6.00000,0.00000000;0.00000000;-1.00000000,0
